id;score_channel;is_show_channel;channel_id;rel_category_city_id;comment
1;10;true;2073;1;comment
2;20;true;4356;1;comment
3;30;true;4357;1;comment
4;40;true;4358;1;comment
5;50;true;4359;1;comment
6;60;true;4360;1;comment
7;70;true;4361;1;comment
8;80;true;4362;1;comment
9;90;true;4363;1;comment
10;100;true;4364;1;comment
11;110;true;4365;1;comment
12;120;true;4366;1;comment
13;130;true;4367;1;comment
14;140;true;4368;1;comment
15;10;true;4369;3;comment
16;150;true;4370;1;comment
17;160;true;4371;1;comment
18;10;true;4372;2;comment
19;10;true;4373;3;comment
20;20;true;4374;3;comment
21;170;true;4375;1;comment
22;30;true;4376;3;comment
23;40;true;4377;3;comment
24;10;true;4377;18;comment
25;10;true;4377;14;comment
26;10;true;4377;15;comment
27;10;true;4377;16;comment
28;50;true;4378;3;comment
29;180;true;4379;1;comment
30;60;true;4380;3;comment
31;190;true;4381;1;comment
32;200;true;4382;1;comment
33;10;true;4383;13;comment
34;10;true;4384;17;comment
35;10;true;4385;4;comment
36;20;true;4386;2;comment
37;210;true;4386;1;comment
38;220;true;4387;1;comment
39;230;true;4388;1;comment
40;240;true;4389;1;comment
41;20;true;4389;17;comment
42;250;true;4390;1;comment
43;260;true;4391;1;comment
44;30;true;4391;2;comment
45;270;true;4392;1;comment
46;20;true;4393;13;comment
47;280;true;4394;1;comment
48;60;true;4395;3;comment
49;290;true;4395;1;comment
50;300;true;4396;1;comment
51;10;true;4397;18;comment
52;60;true;4397;3;comment
53;10;true;4398;19;comment
54;70;true;4399;3;comment
55;80;true;4400;3;comment
56;310;true;4401;1;comment
57;320;true;4402;1;comment
58;20;true;4403;18;comment
59;320;true;4404;1;comment
60;330;true;4405;1;comment
61;340;true;4406;1;comment
62;90;true;4407;3;comment
63;100;true;4408;3;comment
64;350;true;4409;1;comment
65;360;true;4410;1;comment
66;370;true;4411;1;comment
67;40;true;4412;2;comment
68;110;true;4413;3;comment
69;30;true;4413;18;comment
70;10;true;4413;8;comment
71;120;true;4414;3;comment
72;10;true;4414;9;comment
73;10;true;4415;22;comment
74;380;true;4415;1;comment
75;130;true;4416;3;comment
76;390;true;4417;1;comment
77;40;true;4418;18;comment
78;20;true;4418;8;comment
79;140;true;4418;3;comment
80;40;true;4419;18;comment
81;30;true;4419;8;comment
82;140;true;4419;3;comment
83;400;true;4420;1;comment
84;150;true;4421;3;comment
85;50;true;4421;18;comment
86;160;true;4422;3;comment
87;410;true;4423;1;comment
88;10;true;4424;5;comment
89;420;true;4425;1;comment
90;20;true;4426;22;comment
91;10;true;4427;6;comment
92;430;true;4428;1;comment
93;10;true;4429;7;comment
94;30;true;4430;17;comment
95;10;true;4430;23;comment
96;40;true;4431;2;comment
97;170;true;4432;3;comment
98;820;true;4432;23;comment
99;180;true;4433;3;comment
100;40;true;4433;8;comment
101;10;true;4434;24;comment
102;10;true;4435;19;comment
103;440;true;4436;1;comment
104;50;true;4437;8;comment
105;20;true;4438;7;comment
106;10;true;4439;21;comment
107;180;true;4439;3;comment
108;10;true;4440;9;comment
109;450;true;4441;1;comment
110;30;true;4442;7;comment
111;10;true;4443;10;comment
112;460;true;4444;1;comment
113;50;true;4444;18;comment
114;470;true;4445;1;comment
115;10;true;4446;12;comment
116;470;true;4447;1;comment
117;480;true;4448;1;comment
118;190;true;4448;3;comment
119;70;true;4448;18;comment
120;60;true;4448;8;comment
121;60;true;4449;18;comment
122;50;true;4450;2;comment
123;490;true;4450;1;comment
124;10;true;4451;25;comment
125;500;true;4452;1;comment
126;40;true;4453;7;comment
127;20;true;4454;5;comment
128;200;true;4455;3;comment
129;20;true;4455;9;comment
130;20;true;4456;25;comment
131;510;true;4457;1;comment
132;520;true;4458;1;comment
133;210;true;4459;3;comment
134;70;true;4459;8;comment
135;20;true;4460;10;comment
136;70;true;4461;18;comment
137;20;true;4462;6;comment
138;220;true;4463;3;comment
139;530;true;4464;1;comment
140;230;true;4465;3;comment
141;30;true;4465;9;comment
142;240;true;4466;3;comment
143;40;true;4466;9;comment
144;80;true;4467;18;comment
145;540;true;4468;1;comment
146;30;true;4469;25;comment
147;40;true;4470;25;comment
148;550;true;4471;1;comment
149;40;true;4472;17;comment
150;560;true;4473;1;comment
151;90;true;4474;18;comment
152;50;true;4475;17;comment
153;570;true;4476;1;comment
154;250;true;4477;3;comment
155;20;true;4477;21;comment
156;260;true;4478;3;comment
157;50;true;4479;9;comment
158;100;true;4480;18;comment
159;110;true;4481;18;comment
160;120;true;4481;18;comment
161;580;true;4482;1;comment
162;260;true;4483;3;comment
163;30;true;4484;9;comment
164;130;true;4485;18;comment
165;590;true;4486;1;comment
166;10;true;4487;26;comment
167;600;true;4488;1;comment
168;40;true;4489;17;comment
169;270;true;4490;3;comment
170;50;true;4490;25;comment
171;60;true;4491;17;comment
172;140;true;4492;18;comment
173;150;true;4493;18;comment
174;10;true;4494;11;comment
175;80;true;4494;8;comment
176;70;true;4495;17;comment
177;610;true;4496;1;comment
178;280;true;4497;3;comment
179;620;true;4498;1;comment
180;630;true;4499;1;comment
181;60;true;4499;2;comment
182;30;true;4500;6;comment
183;290;true;4501;3;comment
184;40;true;4501;6;comment
185;80;true;4501;17;comment
186;30;true;4502;10;comment
187;20;true;4503;13;comment
188;160;true;4504;18;comment
189;300;true;4505;3;comment
190;40;true;4506;10;comment
191;10;true;4507;27;comment
192;20;true;4508;27;comment
193;30;true;4509;27;comment
194;40;true;4510;27;comment
195;50;true;4511;27;comment
196;10;true;4513;28;comment
197;60;true;4514;27;comment
198;70;true;4515;27;comment
199;10;true;4516;29;comment
200;70;true;4517;27;comment
201;20;true;4518;28;comment
202;10;true;4518;30;comment
203;80;true;4519;27;comment
204;10;true;4520;31;comment
205;30;true;4521;28;comment
206;80;true;4522;27;comment
207;10;true;4522;32;comment
208;90;true;4523;27;comment
209;10;true;4524;33;comment
210;90;true;4525;27;comment
211;100;true;4526;27;comment
212;20;true;4526;31;comment
213;10;true;4527;34;comment
214;40;true;4528;28;comment
215;10;true;4529;35;comment
216;110;true;4530;27;comment
217;30;true;4530;31;comment
218;40;true;4531;28;comment
219;20;true;4531;34;comment
220;50;true;4532;28;comment
221;20;true;4532;32;comment
222;50;true;4533;28;comment
223;120;true;4534;27;comment
224;30;true;4535;34;comment
225;20;true;4536;30;comment
226;30;true;4537;34;comment
227;130;true;4538;27;comment
228;60;true;4539;28;comment
229;140;true;4540;27;comment
230;30;true;4541;30;comment
231;10;true;4542;36;comment
232;60;true;4543;28;comment
233;30;true;4543;32;comment
234;150;true;4544;27;comment
235;160;true;4545;27;comment
236;170;true;4546;37;comment
237;70;true;4547;28;comment
238;180;true;4548;27;comment
239;190;true;4549;27;comment
240;200;true;4550;27;comment
241;80;true;4550;28;comment
242;210;true;4551;27;comment
243;20;true;4552;32;comment
244;90;true;4553;28;comment
245;100;true;4554;28;comment
246;40;true;4554;30;comment
247;110;true;4555;28;comment
248;10;true;4555;38;comment
249;120;true;4556;28;comment
250;40;true;4556;34;comment
251;10;true;4557;39;comment
252;130;true;4558;28;comment
253;50;true;4559;30;comment
254;140;true;4560;28;comment
255;150;true;4561;28;comment
256;60;true;4561;30;comment
257;150;true;4562;28;comment
258;60;true;4562;30;comment
259;20;true;4563;35;comment
260;210;true;4564;27;comment
261;220;true;4565;27;comment
262;10;true;4566;40;comment
263;10;true;4567;41;comment
264;160;true;4568;28;comment
265;70;true;4568;30;comment
266;180;true;4569;37;comment
267;160;true;4570;28;comment
268;20;true;4571;41;comment
269;190;true;4572;27;comment
270;10;true;4573;42;comment
271;70;true;4574;30;comment
272;40;true;4575;31;comment
273;170;true;4576;28;comment
274;20;true;4577;39;comment
275;30;true;4578;32;comment
276;180;true;4579;28;comment
277;30;true;4580;41;comment
278;180;true;4581;28;comment
279;10;true;4582;43;comment
280;200;true;4583;27;comment
281;190;true;4583;28;comment
282;210;true;4584;27;comment
283;200;true;4584;28;comment
284;210;true;4585;28;comment
285;50;true;4585;34;comment
286;190;true;4585;37;comment
287;220;true;4586;27;comment
288;230;true;4587;27;comment
289;240;true;4588;27;comment
290;250;true;4589;27;comment
291;260;true;4590;27;comment
292;10;true;4591;44;comment
293;80;true;4592;30;comment
294;20;true;4593;33;comment
295;200;true;4593;37;comment
296;270;true;4594;27;comment
297;280;true;4595;27;comment
298;290;true;4596;27;comment
299;300;true;4597;27;comment
300;210;true;4597;37;comment
301;310;true;4598;27;comment
302;220;true;4599;28;comment
303;310;true;4600;27;comment
304;40;true;4600;31;comment
305;230;true;4601;28;comment
306;320;true;4602;27;comment
307;330;true;4603;27;comment
308;10;true;4604;45;comment
309;20;true;4605;40;comment
310;60;true;4605;34;comment
311;20;true;4606;29;comment
312;10;true;4606;46;comment
313;20;true;4607;42;comment
314;20;true;4608;38;comment
315;30;true;4608;39;comment
316;340;true;4609;27;comment
317;90;true;4610;30;comment
318;20;true;4611;42;comment
319;350;true;4612;27;comment
320;240;true;4612;28;comment
321;20;true;4613;43;comment
322;30;true;4614;33;comment
323;360;true;4615;27;comment
324;250;true;4615;28;comment
325;90;true;4616;30;comment
326;30;true;4617;40;comment
327;260;true;4617;28;comment
328;370;true;4618;27;comment
329;30;true;4619;43;comment
330;10;true;4620;48;comment
331;10;true;4621;58;comment
332;10;true;4622;60;comment
333;10;true;4623;59;comment
334;10;true;4624;47;comment
335;10;true;4625;63;comment
336;10;true;4626;49;comment
337;20;true;4627;47;comment
338;10;true;4628;64;comment
339;10;true;4629;65;comment
340;10;true;4630;66;comment
341;10;true;4631;67;comment
342;30;true;4632;47;comment
343;40;true;4633;47;comment
344;50;true;4634;47;comment
345;10;true;4635;50;comment
346;20;true;4636;67;comment
347;60;true;4637;47;comment
348;10;true;4638;69;comment
349;10;true;4639;70;comment
350;10;true;4640;71;comment
351;10;true;4641;72;comment
352;10;true;4642;73;comment
353;20;true;4643;70;comment
354;10;true;4644;54;comment
355;20;true;4645;64;comment
356;10;true;4646;57;comment
357;10;true;4647;76;comment
358;10;true;4648;77;comment
359;10;true;4649;78;comment
360;10;true;4650;81;comment
361;20;true;4651;57;comment
362;10;true;4652;82;comment
363;20;true;4653;59;comment
364;10;true;4654;83;comment
365;10;true;4655;84;comment
366;10;true;4656;85;comment
367;10;true;4656;86;comment
368;20;true;4657;61;comment
369;30;true;4658;57;comment
370;140;true;4659;51;comment
371;10;true;4660;91;comment
372;70;true;4661;47;comment
373;20;true;4661;49;comment
374;30;true;4662;61;comment
375;10;true;4663;92;comment
376;20;true;4664;66;comment
377;10;true;4665;52;comment
378;80;true;4666;47;comment
379;10;true;4667;95;comment
380;10;true;4668;96;comment
381;20;true;4669;78;comment
382;20;true;4670;90;comment
383;10;true;4671;97;comment
384;10;true;4672;88;comment
385;20;true;4673;69;comment
386;30;true;4674;78;comment
387;10;true;4675;93;comment
388;10;true;4676;94;comment
389;90;true;4677;47;comment
390;100;true;4678;47;comment
391;10;true;4679;98;comment
392;10;true;4680;99;comment
393;10;true;4681;100;comment
394;40;true;4682;101;comment
395;120;true;4683;47;comment
396;10;true;4684;102;comment
397;20;true;4685;60;comment
398;30;true;4686;67;comment
399;20;true;4687;32;comment
400;130;true;4688;47;comment
401;20;true;4688;54;comment
402;210;true;4689;53;comment
403;30;true;4690;54;comment
404;10;true;4691;103;comment
405;20;true;4692;48;comment
406;20;true;4693;104;comment
407;20;true;4694;72;comment
408;10;true;4695;94;comment
409;30;true;4696;105;comment
410;40;true;4697;67;comment
411;40;true;4698;54;comment
412;20;true;4699;88;comment
413;10;true;4700;55;comment
414;20;true;4701;52;comment
415;50;true;4702;54;comment
416;10;true;4703;106;comment
417;50;true;4704;62;comment
418;20;true;4705;77;comment
419;30;true;4706;90;comment
420;40;true;4707;62;comment
421;10;true;4708;107;comment
422;10;true;4709;56;comment
423;10;true;4710;100;comment
424;10;true;4711;108;comment
425;60;true;4712;61;comment
426;20;true;4713;50;comment
427;30;true;4714;59;comment
428;20;true;4715;55;comment
429;10;true;4716;74;comment
430;10;true;4717;109;comment
431;30;true;4718;50;comment
432;20;true;4719;65;comment
433;140;true;4720;47;comment
434;30;true;4721;88;comment
435;10;true;4722;75;comment
436;30;true;4723;48;comment
437;40;true;4724;59;comment
438;30;true;4725;66;comment
439;50;true;4726;59;comment
440;20;true;4727;110;comment
441;40;true;4728;50;comment
442;20;true;4729;85;comment
443;10;true;4730;111;comment
444;50;true;4731;67;comment
445;10;true;4732;98;comment
446;150;true;4733;47;comment
447;40;true;4734;48;comment
448;20;true;4735;58;comment
449;60;true;4736;67;comment
450;10;true;4737;44;comment
451;10;true;4738;1;comment
452;30;true;4739;85;comment
453;10;true;4740;32;comment
454;160;true;4741;47;comment
455;20;true;4742;44;comment
456;10;true;4743;45;comment
457;60;true;4744;59;comment
458;30;true;4745;49;comment
459;20;true;4745;56;comment
460;30;true;4746;87;comment
461;40;true;4747;88;comment
462;40;true;4748;78;comment
463;10;true;4749;46;comment
464;170;true;4750;47;comment
465;180;true;4751;47;comment
466;30;true;4752;58;comment
467;40;true;4753;90;comment
468;10;true;4754;80;comment
469;50;true;4755;48;comment
470;10;true;4756;79;comment
471;190;true;4757;47;comment
472;20;true;4758;80;comment
473;60;true;4759;68;comment
474;30;true;4760;65;comment
475;40;true;4761;65;comment
476;60;true;4762;48;comment
477;40;true;4763;85;comment
478;10;true;4764;112;comment
479;20;true;4765;112;comment
480;10;true;4766;113;comment
481;30;true;4767;112;comment
482;40;true;4768;112;comment
483;10;true;4768;114;comment
484;50;true;4769;112;comment
485;20;true;4770;114;comment
486;50;true;4771;112;comment
487;60;true;4772;112;comment
488;70;true;4773;112;comment
489;80;true;4774;112;comment
490;90;true;4775;112;comment
491;100;true;4776;112;comment
492;110;true;4777;112;comment
493;120;true;4778;112;comment
494;10;true;4779;115;comment
495;10;true;4780;116;comment
496;10;true;4781;117;comment
497;130;true;4782;112;comment
498;10;true;4783;113;comment
499;10;true;4784;119;comment
500;140;true;4785;112;comment
501;150;true;4786;112;comment
502;160;true;4787;112;comment
503;10;true;4788;120;comment
504;10;true;4789;121;comment
505;10;true;4790;122;comment
506;10;true;4791;123;comment
507;170;true;4792;112;comment
508;180;true;4793;112;comment
509;10;true;4793;124;comment
510;10;true;4794;125;comment
511;20;true;4795;125;comment
512;30;true;4796;125;comment
513;10;true;4797;127;comment
514;20;true;4798;113;comment
515;10;true;4799;125;comment
516;190;true;4800;112;comment
517;10;true;4801;116;comment
518;200;true;4802;112;comment
519;10;true;4803;128;comment
520;10;true;4804;129;comment
521;20;true;4805;122;comment
522;10;true;4806;130;comment
523;20;true;4807;121;comment
524;30;true;4808;121;comment
525;30;true;4809;113;comment
526;40;true;4810;113;comment
527;10;true;4811;118;comment
528;10;true;4812;131;comment
529;210;true;4813;112;comment
530;10;true;4814;132;comment
531;20;true;4815;132;comment
532;30;true;4816;121;comment
533;10;true;4817;134;comment
534;20;true;4818;130;comment
535;10;true;4819;135;comment
536;10;true;4820;136;comment
537;20;true;4821;136;comment
538;40;true;4822;125;comment
539;10;true;4823;137;comment
540;50;true;4824;113;comment
541;220;true;4825;112;comment
542;50;true;4826;113;comment
543;20;true;4827;134;comment
544;30;true;4828;134;comment
545;40;true;4829;121;comment
546;10;true;4830;139;comment
547;50;true;4831;125;comment
548;60;true;4832;113;comment
549;30;true;4833;122;comment
550;40;true;4834;134;comment
551;60;true;4835;125;comment
552;70;true;4836;125;comment
553;30;true;4837;132;comment
554;20;true;4838;114;comment
555;230;true;4839;112;comment
556;240;true;4840;112;comment
557;250;true;4841;112;comment
558;70;true;4842;113;comment
559;40;true;4843;122;comment
560;10;true;4844;140;comment
561;40;true;4845;132;comment
562;260;true;4846;112;comment
563;10;true;4847;141;comment
564;20;true;4848;141;comment
565;10;true;4849;135;comment
566;30;true;4850;141;comment
567;10;true;4851;142;comment
568;270;true;4852;112;comment
569;280;true;4853;112;comment
570;290;true;4854;112;comment
571;80;true;4855;125;comment
572;30;true;4856;114;comment
573;40;true;4857;114;comment
574;10;true;4858;143;comment
575;20;true;4859;143;comment
576;10;true;4860;144;comment
577;30;true;4861;143;comment
578;40;true;4862;143;comment
579;10;true;4863;145;comment
580;10;true;4864;146;comment
581;50;true;4865;143;comment
582;60;true;4866;143;comment
583;10;true;4867;147;comment
584;10;true;4868;150;comment
585;20;true;4869;145;comment
586;70;true;4870;143;comment
587;20;true;4871;150;comment
588;10;true;4872;148;comment
589;80;true;4873;143;comment
590;90;true;4874;143;comment
591;30;true;4875;150;comment
592;100;true;4876;143;comment
593;10;true;4877;149;comment
594;40;true;4878;150;comment
595;110;true;4879;143;comment
596;10;true;4880;151;comment
597;120;true;4881;143;comment
598;40;true;4882;152;comment
599;20;true;4883;149;comment
600;130;true;4884;143;comment
601;40;true;4885;154;comment
602;50;true;4886;150;comment
603;60;true;4886;150;comment
604;40;true;4887;155;comment
605;140;true;4888;143;comment
606;150;true;4889;143;comment
607;70;true;4890;150;comment
608;80;true;4891;150;comment
609;40;true;4892;156;comment
610;90;true;4893;150;comment
611;30;true;4894;149;comment
612;10;true;4895;157;comment
613;10;true;4896;158;comment
614;40;true;4897;150;comment
615;40;true;4898;150;comment
616;10;true;4899;159;comment
617;100;true;4900;150;comment
618;20;true;4901;159;comment
619;110;true;4902;150;comment
620;120;true;4903;150;comment
621;130;true;4904;150;comment
622;10;true;4905;160;comment
623;10;true;4906;161;comment
624;10;true;4907;162;comment
625;140;true;4908;150;comment
626;40;true;4909;163;comment
627;20;true;4910;161;comment
628;20;true;4911;162;comment
629;20;true;4912;151;comment
630;10;true;4913;164;comment
631;10;true;4914;165;comment
632;10;true;4915;166;comment
633;10;true;4916;167;comment
634;30;true;4917;162;comment
635;10;true;4918;168;comment
636;10;true;4919;169;comment
637;20;true;4920;147;comment
638;10;true;4921;170;comment
639;30;true;4922;159;comment
640;150;true;4923;150;comment
641;10;true;4924;171;comment
642;40;true;4925;162;comment
643;10;true;4926;172;comment
644;30;true;4927;151;comment
645;10;true;4928;173;comment
646;140;true;4929;150;comment
647;10;true;4930;174;comment
648;160;true;4931;143;comment
649;170;true;4932;143;comment
650;10;true;4933;175;comment
651;20;true;4934;175;comment
652;10;true;4935;176;comment
653;30;true;4936;175;comment
654;10;true;4937;177;comment
655;10;true;4938;178;comment
656;20;true;4939;177;comment
657;20;true;4940;178;comment
658;30;true;4941;178;comment
659;30;true;4942;177;comment
660;40;true;4943;178;comment
661;40;true;4944;177;comment
662;50;true;4944;178;comment
663;50;true;4945;177;comment
664;10;true;4946;179;comment
665;10;true;4947;180;comment
666;10;true;4948;181;comment
667;10;true;4949;150;comment
668;20;true;4950;150;comment
669;30;true;4951;182;comment
670;30;true;4952;150;comment
671;40;true;4953;150;comment
672;20;true;4954;181;comment
673;30;true;4955;181;comment
674;40;true;4956;181;comment
675;10;true;4957;183;comment
676;50;true;4958;181;comment
677;10;true;4959;184;comment
678;20;true;4960;183;comment
679;60;true;4961;177;comment
680;30;true;4962;183;comment
681;20;true;4963;179;comment
682;10;true;4964;185;comment
683;30;true;4965;179;comment
684;40;true;4966;179;comment
685;10;true;4967;186;comment
686;10;true;4968;187;comment
687;70;true;4969;177;comment
688;50;true;4970;179;comment
689;60;true;4971;181;comment
690;10;true;4972;188;comment
691;10;true;4973;189;comment
692;10;true;4974;190;comment
693;10;true;4975;191;comment
694;60;true;4976;179;comment
695;80;true;4977;177;comment
696;60;true;4978;178;comment
697;10;true;4979;192;comment
698;70;true;4980;179;comment
699;10;true;4981;193;comment
700;10;true;4982;194;comment
701;70;true;4983;178;comment
702;10;true;4984;195;comment
703;10;true;4985;196;comment
704;10;true;4986;197;comment
705;20;true;4987;197;comment
706;30;true;4988;197;comment
707;40;true;4989;197;comment
708;50;true;4990;197;comment
709;10;true;4991;198;comment
710;30;true;4992;197;comment
711;60;true;4993;197;comment
712;70;true;4994;197;comment
713;80;true;4995;197;comment
714;90;true;4996;197;comment
715;100;true;4997;197;comment
716;10;true;4998;199;comment
717;10;true;4999;200;comment
718;10;true;5000;201;comment
719;20;true;5001;199;comment
720;10;true;5002;202;comment
721;110;true;5003;197;comment
722;10;true;5004;203;comment
723;120;true;5005;197;comment
724;30;true;5006;199;comment
725;20;true;5007;198;comment
726;10;true;5008;204;comment
727;130;true;5009;197;comment
728;140;true;5010;197;comment
729;30;true;5011;204;comment
730;30;true;5012;198;comment
731;40;true;5013;198;comment
732;150;true;5014;197;comment
733;10;true;5015;205;comment
734;160;true;5016;197;comment
735;170;true;5017;197;comment
736;10;true;5018;206;comment
737;10;true;5019;207;comment
738;180;true;5020;197;comment
739;50;true;5021;198;comment
740;180;true;5022;197;comment
741;40;true;5023;199;comment
742;10;true;5024;208;comment
743;10;true;5025;209;comment
744;10;true;5026;210;comment
745;20;true;5027;209;comment
746;10;true;5028;211;comment
747;20;true;5029;211;comment
748;30;true;5030;211;comment
749;10;true;5031;212;comment
750;30;true;5032;209;comment
751;40;true;5033;211;comment
752;40;true;5034;209;comment
753;50;true;5035;209;comment
754;50;true;5036;211;comment
755;10;true;5037;213;comment
756;10;true;5038;213;comment
757;60;true;5039;211;comment
758;70;true;5040;211;comment
759;80;true;5041;211;comment
760;20;true;5042;212;comment
761;60;true;5043;209;comment
762;70;true;5044;209;comment
763;30;true;5045;212;comment
764;90;true;5046;211;comment
765;40;true;5047;212;comment
766;100;true;5048;211;comment
767;110;true;5049;211;comment
768;120;true;5050;211;comment
769;80;true;5051;209;comment
770;90;true;5052;209;comment
771;100;true;5053;209;comment
772;10;true;5054;210;comment
773;110;true;5055;209;comment
774;10;true;5056;214;comment
775;10;true;5057;213;comment
776;10;true;5058;215;comment
777;10;true;5059;216;comment
778;120;true;5060;209;comment
779;50;true;5061;212;comment
780;60;true;5062;212;comment
781;130;true;5063;211;comment
782;20;true;5064;210;comment
783;130;true;5065;209;comment
784;10;true;5066;213;comment
785;10;true;5067;209;comment
786;10;true;5068;217;comment
787;140;true;5069;209;comment
788;150;true;5070;209;comment
789;160;true;5071;209;comment
790;20;true;5072;214;comment
791;10;true;5073;209;comment
792;70;true;5074;212;comment
793;170;true;5075;209;comment
794;180;true;5076;209;comment
795;10;true;5077;218;comment
796;190;true;5078;209;comment
797;10;true;5079;219;comment
798;200;true;5080;209;comment
799;30;true;5081;214;comment
800;10;true;5082;213;comment
801;10;true;5083;209;comment
802;80;true;5084;212;comment
803;10;true;5085;220;comment
804;210;true;5086;209;comment
805;10;true;5087;221;comment
806;20;true;5088;221;comment
807;90;true;5089;212;comment
808;10;true;5090;222;comment
809;10;true;5091;223;comment
810;10;true;5092;224;comment
811;10;true;5093;225;comment
812;100;true;5094;212;comment
813;220;true;5095;209;comment
814;20;true;5096;222;comment
815;10;true;5097;226;comment
816;230;true;5098;209;comment
817;240;true;5099;209;comment
818;250;true;5100;209;comment
819;140;true;5100;211;comment
820;260;true;5101;209;comment
821;270;true;5102;209;comment
822;150;true;5103;211;comment
823;30;true;5104;222;comment
824;110;true;5105;212;comment
825;280;true;5106;209;comment
826;290;true;5107;209;comment
827;10;true;5108;227;comment
828;40;true;5109;222;comment
829;300;true;5110;209;comment
830;10;true;5111;228;comment
831;50;true;5112;222;comment
832;20;true;5113;223;comment
833;120;true;5114;212;comment
834;10;true;5115;229;comment
835;20;true;5116;219;comment
836;30;true;5117;219;comment
837;310;true;5118;209;comment
838;160;true;5119;211;comment
839;40;true;5120;214;comment
840;170;true;5121;211;comment
841;10;true;5122;230;comment
842;330;true;5123;209;comment
843;30;true;5124;223;comment
844;340;true;5125;209;comment
845;40;true;5126;223;comment
846;20;true;5127;226;comment
847;40;true;5128;219;comment
848;30;true;5129;226;comment
849;50;true;5130;219;comment
850;40;true;5131;223;comment
851;50;true;5132;223;comment
852;60;true;5133;223;comment
853;60;true;5134;219;comment
854;10;true;5135;231;comment
855;70;true;5136;219;comment
856;180;true;5137;211;comment
857;20;true;5138;225;comment
858;20;true;5139;228;comment
859;70;true;5140;223;comment
860;10;true;5141;232;comment
861;20;true;5142;232;comment
862;30;true;5143;232;comment
863;10;true;5144;233;comment
864;40;true;5145;232;comment
865;10;true;5146;234;comment
866;20;true;5147;234;comment
867;10;true;5148;235;comment
868;50;true;5149;232;comment
869;10;true;5150;236;comment
870;20;true;5151;236;comment
871;60;true;5152;232;comment
872;70;true;5153;232;comment
873;10;true;5153;237;comment
874;80;true;5154;232;comment
875;30;true;5155;236;comment
876;10;true;5156;238;comment
877;10;true;5157;239;comment
878;10;true;5158;240;comment
879;90;true;5159;232;comment
880;10;true;5160;241;comment
881;10;true;5161;242;comment
882;90;true;5162;232;comment
883;100;true;5163;232;comment
884;110;true;5164;232;comment
885;120;true;5165;232;comment
886;130;true;5166;232;comment
887;10;true;5167;243;comment
888;10;true;5168;244;comment
889;10;true;5169;245;comment
890;140;true;5170;232;comment
891;140;true;5171;245;comment
892;140;true;5172;242;comment
893;140;true;5173;232;comment
894;150;true;5174;232;comment
895;10;true;5175;246;comment
896;10;true;5176;247;comment
897;10;true;5177;248;comment
898;10;true;5178;249;comment
899;10;true;5179;249;comment
900;10;true;5180;247;comment
901;10;true;5181;250;comment
902;10;true;5181;250;comment
903;10;true;5182;251;comment
904;10;true;5183;249;comment
905;10;true;5184;252;comment
906;10;true;5185;249;comment
907;10;true;5186;250;comment
908;10;true;5187;253;comment
909;10;true;5188;249;comment
910;10;true;5189;254;comment
911;10;true;5190;249;comment
912;10;true;5191;249;comment
913;10;true;5192;255;comment
914;10;true;5193;248;comment
915;10;true;5194;249;comment
916;10;true;5195;249;comment
917;10;true;5196;250;comment
918;10;true;5197;253;comment
919;10;true;5198;253;comment
920;10;true;5199;249;comment
921;10;true;5200;249;comment
922;10;true;5201;249;comment
923;10;true;5202;249;comment
924;10;true;5203;255;comment
925;10;true;5204;256;comment
926;10;true;5205;249;comment
927;10;true;5206;248;comment
928;10;true;5207;257;comment
929;10;true;5208;258;comment
930;10;true;5209;248;comment
931;10;true;5210;259;comment
932;10;true;5211;256;comment
933;10;true;5212;249;comment
934;10;true;5213;249;comment
935;10;true;5214;249;comment
936;10;true;5215;260;comment
937;10;true;5216;248;comment
938;10;true;5217;259;comment
939;10;true;5218;259;comment
940;10;true;5219;248;comment
941;10;true;5220;247;comment
942;10;true;5221;254;comment
943;10;true;5222;249;comment
944;10;true;5223;249;comment
945;10;true;5223;249;comment
946;10;true;5224;261;comment
947;20;true;5225;261;comment
948;30;true;5226;261;comment
949;10;true;5227;262;comment
950;40;true;5228;261;comment
951;50;true;5229;261;comment
952;10;true;5230;263;comment
953;60;true;5231;261;comment
954;70;true;5232;261;comment
955;20;true;5232;263;comment
956;80;true;5233;261;comment
957;90;true;5234;261;comment
958;10;true;5235;264;comment
959;100;true;5236;261;comment
960;20;true;5237;262;comment
961;110;true;5238;261;comment
962;10;true;5239;265;comment
963;120;true;5240;261;comment
964;30;true;5241;263;comment
965;130;true;5242;261;comment
966;140;true;5243;261;comment
967;10;true;5244;266;comment
968;10;true;5245;268;comment
969;10;true;5246;267;comment
970;10;true;5247;269;comment
971;20;true;5248;269;comment
972;10;true;5249;270;comment
973;150;true;5250;261;comment
974;30;true;5251;262;comment
975;160;true;5252;261;comment
976;20;true;5253;270;comment
977;30;true;5254;270;comment
978;160;true;5255;261;comment
979;40;true;5256;270;comment
980;20;true;5257;268;comment
981;170;true;5258;261;comment
982;10;true;5259;271;comment
983;180;true;5260;261;comment
984;30;true;5261;268;comment
985;190;true;5262;261;comment
986;10;true;5263;272;comment
987;10;true;5264;273;comment
988;10;true;5265;274;comment
989;10;true;5266;275;comment
990;10;true;5267;276;comment
991;200;true;5268;261;comment
992;20;true;5269;272;comment
993;210;true;5270;261;comment
994;220;true;5271;261;comment
995;40;true;5272;268;comment
996;230;true;5273;261;comment
997;20;true;5274;274;comment
998;50;true;5275;268;comment
999;10;true;5276;277;comment
1000;60;true;5277;268;comment
1001;240;true;5278;261;comment
1002;250;true;5279;261;comment
1003;260;true;5280;261;comment
1004;10;true;5281;278;comment
1005;20;true;5282;271;comment
1006;50;true;5283;270;comment
1007;10;true;5284;279;comment
1008;30;true;5285;272;comment
1009;10;true;5286;280;comment
1010;10;true;5287;281;comment
1011;20;true;5288;281;comment
1012;40;true;5289;262;comment
1013;270;true;5290;261;comment
1014;280;true;5291;261;comment
1015;10;true;5292;282;comment
1016;10;true;5293;283;comment
1017;290;true;5294;261;comment
1018;40;true;5295;272;comment
1019;50;true;5296;272;comment
1020;60;true;5297;272;comment
1021;30;true;5298;269;comment
1022;300;true;5299;261;comment
1023;20;true;5300;264;comment
1024;310;true;5301;261;comment
1025;20;true;5302;265;comment
1026;70;true;5303;272;comment
1027;20;true;5304;273;comment
1028;30;true;5305;281;comment
1029;10;true;5306;285;comment
1030;30;true;5307;265;comment
1031;20;true;5308;282;comment
1032;320;true;5309;261;comment
1033;10;true;5310;284;comment
1034;80;true;5311;272;comment
1035;20;true;5312;276;comment
1036;60;true;5313;270;comment
1037;10;true;5314;286;comment
1038;330;true;5315;261;comment
1039;340;true;5316;261;comment
1040;20;true;5317;284;comment
1041;40;true;5318;281;comment
1042;30;true;5319;273;comment
1043;10;true;5320;287;comment
1044;90;true;5321;272;comment
1045;350;true;5322;261;comment
1046;30;true;5323;284;comment
1047;10;true;5324;288;comment
1048;10;true;5325;289;comment
1049;20;true;5326;289;comment
1050;10;true;5327;290;comment
1051;10;true;5328;291;comment
1052;10;true;5329;292;comment
1053;20;true;5330;290;comment
1054;30;true;5331;289;comment
1055;40;true;5332;289;comment
1056;50;true;5333;289;comment
1057;10;true;5334;293;comment
1058;60;true;5335;289;comment
1059;10;true;5336;294;comment
1060;10;true;5337;295;comment
1061;70;true;5338;289;comment
1062;30;true;5339;290;comment
1063;10;true;5340;296;comment
1064;10;true;5341;297;comment
1065;10;true;5342;298;comment
1066;80;true;5343;289;comment
1067;20;true;5344;297;comment
1068;90;true;5345;289;comment
1069;20;true;5346;293;comment
1070;10;true;5347;299;comment
1071;10;true;5348;300;comment
1072;100;true;5349;289;comment
1073;10;true;5350;301;comment
1074;20;true;5351;291;comment
1075;10;true;5352;302;comment
1076;110;true;5353;289;comment
1077;40;true;5354;290;comment
1078;10;true;5355;303;comment
1079;20;true;5356;303;comment
1080;30;true;5357;303;comment
1081;40;true;5358;303;comment
1082;10;true;5358;304;comment
1083;10;true;5359;305;comment
1084;50;true;5360;303;comment
1085;10;true;5361;306;comment
1086;60;true;5362;303;comment
1087;70;true;5363;303;comment
1088;80;true;5364;303;comment
1089;10;true;5365;307;comment
1090;90;true;5366;303;comment
1091;100;true;5367;303;comment
1092;20;true;5368;304;comment
1093;110;true;5369;303;comment
1094;30;true;5369;304;comment
1095;20;true;5370;306;comment
1096;120;true;5371;303;comment
1097;10;true;5372;308;comment
1098;10;true;5373;309;comment
1099;130;true;5374;303;comment
1100;30;true;5375;306;comment
1101;140;true;5376;303;comment
1102;10;true;5377;310;comment
1103;150;true;5378;303;comment
1104;160;true;5379;303;comment
1105;10;true;5380;311;comment
1106;20;true;5380;311;comment
1107;10;true;5381;312;comment
1108;20;true;5382;312;comment
1109;40;true;5383;306;comment
1110;170;true;5384;303;comment
1111;30;true;5385;307;comment
1112;180;true;5386;303;comment
1113;30;true;5387;313;comment
1114;30;true;5388;307;comment
1115;50;true;5389;306;comment
1116;60;true;5390;306;comment
1117;10;true;5391;314;comment
1118;10;true;5392;315;comment
1119;10;true;5393;316;comment
1120;190;true;5394;303;comment
1121;10;true;5395;317;comment
1122;70;true;5396;306;comment
1123;10;true;5397;318;comment
1124;20;true;5398;315;comment
1125;200;true;5399;303;comment
1126;20;true;5400;317;comment
1127;10;true;5401;319;comment
1128;10;true;5402;320;comment
1129;80;true;5403;306;comment
1130;30;true;5404;303;comment
1131;210;true;5405;303;comment
1132;220;true;5406;303;comment
1133;90;true;5407;306;comment
1134;30;true;5408;315;comment
1135;20;true;5409;310;comment
1136;230;true;5410;303;comment
1137;10;true;5411;321;comment
1138;100;true;5412;306;comment
1139;20;true;5413;314;comment
1140;110;true;5414;306;comment
1141;40;true;5415;315;comment
1142;240;true;5416;303;comment
1143;10;true;5417;322;comment
1144;30;true;5418;303;comment
1145;10;true;5419;323;comment
1146;30;true;5420;310;comment
1147;30;true;5421;303;comment
1148;20;true;5422;323;comment
1149;250;true;5423;303;comment
1150;30;true;5424;307;comment
1151;260;true;5425;303;comment
1152;20;true;5426;319;comment
1153;30;true;5427;319;comment
1154;30;true;5428;312;comment
1155;40;true;5429;310;comment
1156;10;true;5430;324;comment
1157;270;true;5431;303;comment
1158;10;true;5432;325;comment
1159;20;true;5433;320;comment
1160;20;true;5434;318;comment
1161;280;true;5435;303;comment
1162;290;true;5436;303;comment
1163;300;true;5437;303;comment
1164;10;true;5438;326;comment
1165;20;true;5439;326;comment
1166;10;true;5440;327;comment
1167;30;true;5441;326;comment
1168;20;true;4957;327;comment
1169;30;true;5442;327;comment
1170;40;true;5443;326;comment
1171;10;true;5444;328;comment
1172;40;true;5445;327;comment
1173;50;true;5446;326;comment
1174;50;true;5447;327;comment
1175;60;true;5448;327;comment
1176;60;true;5449;326;comment
1177;70;true;5450;327;comment
1178;10;true;5451;329;comment
1179;20;true;5452;328;comment
1180;10;true;5453;330;comment
1181;30;true;5454;328;comment
1182;80;true;5455;327;comment
1183;70;true;5456;326;comment
1184;90;true;5457;327;comment
1185;80;true;5458;326;comment
1186;40;true;5459;328;comment
1187;10;true;5460;331;comment
1188;10;true;5461;332;comment
1189;90;true;5462;326;comment
1190;10;true;5463;333;comment
1191;20;true;5464;333;comment
1192;30;true;5465;333;comment
1193;10;true;5466;334;comment
1194;40;true;5467;333;comment
1195;50;true;5468;333;comment
1196;60;true;5469;333;comment
1197;10;true;5470;335;comment
1198;10;true;5471;336;comment
1199;20;true;5471;336;comment
1200;70;true;5472;333;comment
1201;80;true;5473;333;comment
1202;90;true;5474;333;comment
1203;100;true;5475;333;comment
1204;10;true;5476;337;comment
1205;10;true;5477;338;comment
1206;110;true;5478;333;comment
1207;10;true;5479;339;comment
1208;10;true;5480;340;comment
1209;20;true;5481;340;comment
1210;120;true;5482;333;comment
1211;130;true;5483;333;comment
1212;140;true;5484;333;comment
1213;10;true;5485;341;comment
1214;10;true;5486;342;comment
1215;10;true;5487;343;comment
1216;10;true;5488;344;comment
1217;20;true;5489;339;comment
1218;10;true;5490;345;comment
1219;20;true;5491;339;comment
1220;20;true;5492;344;comment
1221;10;true;5493;346;comment
1222;30;true;5494;340;comment
1223;10;true;5495;347;comment
1224;20;true;5496;342;comment
1225;10;true;5497;348;comment
1226;30;true;5498;342;comment
1227;40;true;5499;342;comment
1228;10;true;5500;349;comment
1229;10;true;5501;350;comment
1230;20;true;5502;350;comment
1231;50;true;5503;342;comment
1232;10;true;5504;351;comment
1233;150;true;5505;333;comment
1234;10;true;5506;352;comment
1235;20;true;5507;352;comment
1236;30;true;5508;352;comment
1237;40;true;5509;352;comment
1238;50;true;5510;352;comment
1239;10;true;5511;353;comment
1240;60;true;5512;352;comment
1241;70;true;5513;352;comment
1242;10;true;5514;354;comment
1243;10;true;5515;355;comment
1244;20;true;5516;355;comment
1245;80;true;5517;352;comment
1246;90;true;5518;352;comment
1247;20;true;5519;355;comment
1248;10;true;5519;356;comment
1249;80;true;5520;352;comment
1250;10;true;5521;357;comment
1251;10;true;5522;358;comment
1252;10;true;5523;359;comment
1253;20;true;5524;357;comment
1254;80;true;5525;352;comment
1255;90;true;5526;352;comment
1256;20;true;5527;360;comment
1257;10;true;5528;361;comment
1258;10;true;5529;362;comment
1259;90;true;5530;353;comment
1260;100;true;5531;353;comment
1261;20;true;5532;352;comment
1262;10;true;5533;363;comment
1263;10;true;5534;364;comment
1264;30;true;5535;356;comment
1265;30;true;5536;360;comment
1266;100;true;5537;353;comment
1267;10;true;5538;365;comment
1268;10;true;5539;366;comment
1269;20;true;5540;365;comment
1270;40;true;5541;360;comment
1271;10;true;5542;367;comment
1272;10;true;5543;368;comment
1273;20;true;5544;368;comment
1274;110;true;5545;353;comment
1275;30;true;5546;358;comment
1276;10;true;5547;369;comment
1277;10;true;5548;370;comment
1278;20;true;5549;370;comment
1279;10;true;5549;371;comment
1280;30;true;5550;370;comment
1281;10;true;5551;372;comment
1282;10;true;5552;373;comment
1283;40;true;5553;370;comment
1284;50;true;5554;370;comment
1285;60;true;5555;370;comment
1286;70;true;5556;370;comment
1287;10;true;5557;374;comment
1288;80;true;5558;370;comment
1289;10;true;5559;375;comment
1290;20;true;5560;374;comment
1291;10;true;5561;376;comment
1292;80;true;5562;370;comment
1293;90;true;5563;370;comment
1294;100;true;5564;370;comment
1295;10;true;5565;377;comment
1296;110;true;5566;370;comment
1297;120;true;5567;370;comment
1298;130;true;5568;370;comment
1299;10;true;5569;378;comment
1300;140;true;5570;370;comment
1301;10;true;5571;379;comment
1302;150;true;5572;370;comment
1303;160;true;5573;380;comment
1304;20;true;5574;378;comment
1305;160;true;5575;370;comment
1306;10;true;5576;381;comment
1307;20;true;5577;373;comment
1308;30;true;5578;378;comment
1309;20;true;5579;375;comment
1310;170;true;5580;370;comment
1311;180;true;5581;370;comment
1312;10;true;5582;382;comment
1313;40;true;5583;378;comment
1314;50;true;5584;378;comment
1315;10;true;5585;383;comment
1316;20;true;5586;371;comment
1317;190;true;5587;370;comment
1318;200;true;5588;370;comment
1319;60;true;5589;378;comment
1320;10;true;5590;384;comment
1321;10;true;5591;385;comment
1322;210;true;5592;370;comment
1323;220;true;5593;370;comment
1324;20;true;5594;376;comment
1325;230;true;5595;370;comment
1326;10;true;5596;386;comment
1327;20;true;5597;374;comment
1328;240;true;5598;370;comment
1329;250;true;5599;370;comment
1330;10;true;5600;387;comment
1331;10;true;5600;388;comment
1332;20;true;5601;386;comment
1333;260;true;5602;387;comment
1334;10;true;5603;389;comment
1335;10;true;5604;390;comment
1336;70;true;5605;378;comment
1337;270;true;5606;370;comment
1338;280;true;5607;370;comment
1339;290;true;5608;370;comment
1340;10;true;5609;391;comment
1341;10;true;5610;392;comment
1342;20;true;5611;375;comment
1343;300;true;5612;370;comment
1344;310;true;5613;370;comment
1345;20;true;5614;375;comment
1346;10;true;5615;393;comment
1347;10;true;5616;394;comment
1348;20;true;5617;393;comment
1349;20;true;5618;377;comment
1350;20;true;5619;388;comment
1351;20;true;5620;375;comment
1352;320;true;5621;370;comment
1353;20;true;5622;391;comment
1354;10;true;5623;395;comment
1355;20;true;5624;377;comment
1356;20;true;5625;400;comment
1357;330;true;5626;370;comment
1358;20;true;5627;397;comment
1359;340;true;5628;370;comment
1360;20;true;5629;398;comment
1361;340;true;5630;370;comment
1362;20;true;5631;399;comment
1363;20;true;5632;376;comment
1364;350;true;5633;370;comment
1365;20;true;5634;373;comment
1366;20;true;5635;373;comment
1367;20;true;5636;400;comment
1368;20;true;5637;371;comment
1369;20;true;5638;401;comment
1370;360;true;5639;370;comment
1371;20;true;5640;374;comment
1372;20;true;5641;401;comment
1373;30;true;5642;388;comment
1374;370;true;5643;370;comment
1375;40;true;5644;388;comment
1376;20;true;5645;371;comment
1377;20;true;5646;380;comment
1378;380;true;5647;370;comment
1379;20;true;5648;373;comment
1380;20;true;5649;402;comment
1381;20;true;5650;380;comment
1382;20;true;5651;374;comment
1383;20;true;5652;403;comment
1384;390;true;5653;370;comment
1385;400;true;5654;370;comment
1386;410;true;5655;370;comment
1387;80;true;5656;378;comment
1388;10;true;5657;404;comment
1389;20;true;5658;384;comment
1390;20;true;5659;394;comment
1391;30;true;5659;386;comment
1392;50;true;5660;388;comment
1393;420;true;5661;370;comment
1394;60;true;5662;388;comment
1395;90;true;5663;378;comment
1396;20;true;5664;398;comment
1397;430;true;5665;370;comment
1398;30;true;5666;375;comment
1399;30;true;5667;398;comment
1400;10;true;5668;405;comment
1401;10;true;5669;406;comment
1402;20;true;5670;405;comment
1403;10;true;5671;407;comment
1404;30;true;5672;405;comment
1405;10;true;5673;408;comment
1406;10;true;5674;409;comment
1407;40;true;5675;405;comment
1408;50;true;5676;405;comment
1409;60;true;5677;405;comment
1410;70;true;5678;405;comment
1411;80;true;5679;405;comment
1412;90;true;5680;405;comment
1413;20;true;5681;407;comment
1414;100;true;5682;405;comment
1415;10;true;5683;410;comment
1416;20;true;5684;410;comment
1417;10;true;5685;411;comment
1418;30;true;5686;410;comment
1419;110;true;5687;405;comment
1420;40;true;5688;410;comment
1421;120;true;5689;405;comment
1422;20;true;5690;411;comment
1423;130;true;5691;405;comment
1424;140;true;5692;405;comment
1425;150;true;5693;405;comment
1426;30;true;5694;411;comment
1427;30;true;5695;407;comment
1428;30;true;5696;411;comment
1429;10;true;5697;412;comment
1430;20;true;5698;412;comment
1431;30;true;5699;412;comment
1432;40;true;5700;412;comment
1433;50;true;5701;412;comment
1434;10;true;5701;413;comment
1435;60;true;5702;412;comment
1436;70;true;5703;412;comment
1437;80;true;5704;412;comment
1438;10;true;5705;414;comment
1439;90;true;5706;412;comment
1440;20;true;5706;413;comment
1441;10;true;5707;415;comment
1442;100;true;5708;412;comment
1443;10;true;5709;416;comment
1444;20;true;5709;414;comment
1445;20;true;5710;415;comment
1446;110;true;5711;412;comment
1447;120;true;5712;412;comment
1448;30;true;5713;415;comment
1449;130;true;5714;412;comment
1450;10;true;5715;417;comment
1451;140;true;5716;412;comment
1452;150;true;5717;412;comment
1453;160;true;5718;412;comment
1454;170;true;5719;412;comment
1455;180;true;5720;412;comment
1456;190;true;5721;412;comment
1457;200;true;5722;412;comment
1458;30;true;5723;414;comment
1459;10;true;5724;418;comment
1460;40;true;5725;414;comment
1461;10;true;5725;417;comment
1462;50;true;5726;414;comment
1463;20;true;5726;418;comment
1464;10;true;5727;419;comment
1465;210;true;5728;412;comment
1466;10;true;5729;420;comment
1467;220;true;5730;412;comment
1468;30;true;5730;413;comment
1469;40;true;5731;413;comment
1470;230;true;5732;412;comment
1471;240;true;5733;412;comment
1472;30;true;5734;418;comment
1473;40;true;5735;418;comment
1474;10;true;5736;421;comment
1475;20;true;5737;421;comment
1476;250;true;5738;412;comment
1477;50;true;5739;413;comment
1478;260;true;5740;412;comment
1479;10;true;5741;422;comment
1480;10;true;5742;423;comment
1481;20;true;5743;417;comment
1482;270;true;5744;412;comment
1483;280;true;5745;412;comment
1484;290;true;5746;412;comment
1485;10;true;5747;424;comment
1486;20;true;5748;422;comment
1487;50;true;5748;418;comment
1488;60;true;5749;418;comment
1489;10;true;5750;425;comment
1490;10;true;5751;426;comment
1491;70;true;5752;418;comment
1492;300;true;5753;412;comment
1493;310;true;5754;412;comment
1494;80;true;5755;418;comment
1495;30;true;5756;422;comment
1496;320;true;5757;412;comment
1497;30;true;5758;422;comment
1498;10;true;5759;427;comment
1499;330;true;5760;412;comment
1500;10;true;5761;428;comment
1501;10;true;5762;429;comment
1502;10;true;5763;430;comment
1503;20;true;5764;428;comment
1504;10;true;5764;431;comment
1505;30;true;5765;428;comment
1506;10;true;5766;432;comment
1507;20;true;5767;429;comment
1508;30;true;5768;429;comment
1509;30;true;5768;428;comment
1510;10;true;5768;433;comment
1511;40;true;5769;428;comment
1512;50;true;5770;428;comment
1513;40;true;5770;429;comment
1514;60;true;5771;428;comment
1515;70;true;5772;428;comment
1516;10;true;5773;434;comment
1517;20;true;5774;433;comment
1518;10;true;5775;435;comment
1519;50;true;5776;429;comment
1520;80;true;5777;428;comment
1521;10;true;5778;436;comment
1522;60;true;5779;429;comment
1523;10;true;5780;437;comment
1524;90;true;5781;428;comment
1525;50;true;5782;429;comment
1526;10;true;5783;438;comment
1527;20;true;5784;438;comment
1528;20;true;5785;434;comment
1529;100;true;5786;428;comment
1530;110;true;5787;428;comment
1531;60;true;5788;429;comment
1532;10;true;5789;439;comment
1533;30;true;5790;434;comment
1534;30;true;5791;440;comment
1535;120;true;5792;428;comment
1536;40;true;5793;434;comment
1537;70;true;5794;429;comment
1538;20;true;5795;430;comment
1539;30;true;5796;430;comment
1540;10;true;5797;441;comment
1541;20;true;5798;441;comment
1542;10;true;5799;442;comment
1543;130;true;5800;428;comment
1544;30;true;5801;433;comment
1545;80;true;5802;429;comment
1546;40;true;5803;430;comment
1547;140;true;5804;428;comment
1548;20;true;5805;436;comment
1549;20;true;5806;431;comment
1550;30;true;5807;441;comment
1551;10;true;5808;443;comment
1552;50;true;5809;434;comment
1553;10;true;5810;444;comment
1554;10;true;5811;445;comment
1555;50;true;5812;430;comment
1556;40;true;5813;441;comment
1557;50;true;5814;441;comment
1558;60;true;5815;430;comment
1559;10;true;5816;446;comment
1560;20;true;5817;444;comment
1561;70;true;5818;430;comment
1562;60;true;5819;441;comment
1563;70;true;5820;441;comment
1564;80;true;5821;441;comment
1565;80;true;5822;430;comment
1566;10;true;5823;447;comment
1567;20;true;5824;447;comment
1568;10;true;5824;448;comment
1569;30;true;5825;447;comment
1570;20;true;5826;448;comment
1571;30;true;5827;448;comment
1572;40;true;5827;447;comment
1573;40;true;5828;448;comment
1574;50;true;5828;447;comment
1575;50;true;5829;448;comment
1576;60;true;5830;448;comment
1577;10;true;5831;449;comment
1578;70;true;5832;448;comment
1579;10;true;5833;450;comment
1580;10;true;5834;451;comment
1581;80;true;5835;448;comment
1582;10;true;5836;452;comment
1583;10;true;5837;453;comment
1584;90;true;5838;448;comment
1585;20;true;5839;450;comment
1586;100;true;5840;448;comment
1587;10;true;5841;454;comment
1588;10;true;5842;455;comment
1589;10;true;5843;456;comment
1590;110;true;5844;448;comment
1591;120;true;5845;448;comment
1592;20;true;5846;454;comment
1593;130;true;5847;448;comment
1594;140;true;5848;448;comment
1595;150;true;5848;448;comment
1596;10;true;5849;457;comment
1597;60;true;5850;447;comment
1598;160;true;5851;448;comment
1599;170;true;5852;448;comment
1600;10;true;5853;458;comment
1601;180;true;5854;448;comment
1602;10;true;5855;459;comment
1603;20;true;5856;456;comment
1604;190;true;5857;448;comment
1605;200;true;5858;448;comment
1606;20;true;5859;455;comment
1607;210;true;5860;448;comment
1608;30;true;5861;450;comment
1609;20;true;5862;453;comment
1610;220;true;5863;448;comment
1611;230;true;5864;448;comment
1612;10;true;5865;460;comment
1613;20;true;5866;449;comment
1614;30;true;5867;455;comment
1615;240;true;5868;448;comment
1616;250;true;5869;448;comment
1617;260;true;5870;448;comment
1618;20;true;5871;457;comment
1619;10;true;5872;461;comment
1620;270;true;5873;448;comment
1621;10;true;5874;462;comment
1622;280;true;5875;448;comment
1623;290;true;5876;448;comment
1624;300;true;5877;448;comment
1625;30;true;5878;449;comment
1626;310;true;5879;448;comment
1627;70;true;5880;447;comment
1628;310;true;5881;448;comment
1629;320;true;5882;448;comment
1630;10;true;4979;463;comment
1631;30;true;5883;457;comment
1632;20;true;5884;462;comment
1633;30;true;5885;456;comment
1634;330;true;5886;448;comment
1635;340;true;5887;448;comment
1636;40;true;5888;450;comment
1637;20;true;5889;451;comment
1638;350;true;5890;448;comment
1639;50;true;5891;450;comment
1640;10;true;5892;464;comment
1641;10;true;5893;465;comment
1642;360;true;5894;448;comment
1643;40;true;5895;449;comment
1644;10;true;5668;466;comment
1645;20;true;5896;466;comment
1646;30;true;5897;466;comment
1647;10;true;5669;467;comment
1648;20;true;5898;467;comment
1649;10;true;5899;468;comment
1650;40;true;5900;466;comment
1651;50;true;5672;466;comment
1652;60;true;5676;466;comment
1653;70;true;5901;466;comment
1654;30;true;5902;467;comment
1655;80;true;5903;466;comment
1656;90;true;5678;466;comment
1657;100;true;5904;466;comment
1658;110;true;5905;466;comment
1659;120;true;5906;466;comment
1660;10;true;5907;469;comment
1661;10;true;5908;468;comment
1662;20;true;5909;468;comment
1663;130;true;5910;466;comment
1664;30;true;5911;468;comment
1665;10;true;5912;470;comment
1666;10;true;5913;470;comment
1667;140;true;5914;466;comment
1668;150;true;5915;466;comment
1669;10;true;5916;471;comment
1670;20;true;5917;471;comment
1671;160;true;5918;466;comment
1672;10;true;4860;473;comment
1673;10;true;5919;472;comment
1674;10;true;5920;474;comment
1675;10;true;5921;476;comment
1676;20;true;5922;472;comment
1677;10;true;5923;477;comment
1678;20;true;5924;477;comment
1679;30;true;5924;472;comment
1680;40;true;5925;477;comment
1681;10;true;5926;478;comment
1682;20;true;5926;479;comment
1683;40;true;5927;472;comment
1684;50;true;5927;477;comment
1685;50;true;5928;472;comment
1686;60;true;5928;477;comment
1687;10;true;5929;480;comment
1688;70;true;5930;477;comment
1689;10;true;5931;481;comment
1690;10;true;5932;482;comment
1691;10;true;5932;483;comment
1692;60;true;5933;472;comment
1693;80;true;5933;477;comment
1694;10;true;5933;475;comment
1695;60;true;5934;472;comment
1696;90;true;5934;477;comment
1697;10;true;5935;484;comment
1698;10;true;5936;485;comment
1699;10;true;5937;486;comment
1700;70;true;5938;472;comment
1701;100;true;5938;477;comment
1702;110;true;5939;477;comment
1703;100;true;5939;472;comment
1704;110;true;5940;472;comment
1705;110;true;5940;477;comment
1706;10;true;5941;487;comment
1707;20;true;5942;475;comment
1708;120;true;5942;477;comment
1709;130;true;5943;477;comment
1710;140;true;5944;477;comment
1711;120;true;5944;472;comment
1712;30;true;5945;475;comment
1713;20;true;5946;484;comment
1714;10;true;5947;488;comment
1715;150;true;5948;477;comment
1716;160;true;5949;477;comment
1717;130;true;5950;472;comment
1718;10;true;5951;489;comment
1719;170;true;5952;477;comment
1720;180;true;5953;477;comment
1721;10;true;5954;490;comment
1722;10;true;5954;491;comment
1723;10;true;5487;492;comment
1724;10;true;5955;493;comment
1725;190;true;5956;477;comment
1726;40;true;5957;475;comment
1727;10;true;5958;494;comment
1728;200;true;5959;477;comment
1729;140;true;5959;472;comment
1730;50;true;5959;475;comment
1731;20;true;5960;492;comment
1732;60;true;5961;475;comment
1733;150;true;5962;472;comment
1734;160;true;5963;472;comment
1735;10;true;5964;495;comment
1736;60;true;5965;475;comment
1737;10;true;5966;496;comment
1738;10;true;5966;497;comment
1739;10;true;5967;498;comment
1740;10;true;5967;499;comment
1741;210;true;5968;477;comment
1742;10;true;5969;500;comment
1743;10;true;5969;501;comment
1744;10;true;5970;502;comment
1745;10;true;5970;503;comment
1746;10;true;5971;504;comment
1747;10;true;5971;505;comment
1748;10;true;5972;506;comment
1749;10;true;5972;507;comment
1750;20;true;5973;490;comment
1751;20;true;5973;491;comment
1752;30;true;5974;484;comment
1753;10;true;5975;508;comment
1754;10;true;5975;509;comment
1755;10;true;5976;510;comment
1756;10;true;5976;511;comment
1757;20;true;5977;494;comment
1758;10;true;5977;512;comment
1759;170;true;5978;472;comment
1760;220;true;5978;477;comment
1761;10;true;5979;513;comment
1762;10;true;5979;514;comment
1763;20;true;5980;509;comment
1764;20;true;5981;489;comment
1765;180;true;5982;472;comment
1766;230;true;5982;477;comment
1767;230;true;5983;477;comment
1768;190;true;5983;472;comment
1769;200;true;5984;472;comment
1770;240;true;5984;477;comment
1771;30;true;5985;490;comment
1772;30;true;5985;491;comment
1773;20;true;5986;510;comment
1774;20;true;5986;511;comment
1775;10;true;5987;516;comment
1776;10;true;5988;517;comment
1777;10;true;5988;518;comment
1778;10;true;5989;519;comment
1779;20;true;5989;516;comment
1780;10;true;5990;520;comment
1781;10;true;5990;521;comment
1782;20;true;5991;516;comment
1783;20;true;5991;519;comment
1784;30;true;5992;516;comment
1785;30;true;5992;519;comment
1786;20;true;5993;517;comment
1787;20;true;5993;518;comment
1788;40;true;5994;516;comment
1789;40;true;5994;519;comment
1790;50;true;5995;519;comment
1791;50;true;5995;516;comment
1792;60;true;5996;516;comment
1793;20;true;5997;520;comment
1794;20;true;5997;521;comment
1795;70;true;5998;516;comment
1796;40;true;5998;519;comment
1797;50;true;5999;519;comment
1798;80;true;5999;516;comment
1799;10;true;6000;522;comment
1800;10;true;6000;523;comment
1801;80;true;6001;516;comment
1802;60;true;6001;519;comment
1803;10;true;6002;524;comment
1804;80;true;6003;516;comment
1805;10;true;6004;525;comment
1806;10;true;6005;526;comment
1807;90;true;6006;516;comment
1808;70;true;6007;519;comment
1809;100;true;6007;516;comment
1810;110;true;6008;516;comment
1811;60;true;6008;519;comment
1812;70;true;6009;519;comment
1813;110;true;6009;516;comment
1814;20;true;6010;526;comment
1815;30;true;6011;526;comment
1816;120;true;6012;516;comment
1817;70;true;6012;519;comment
1818;80;true;6013;519;comment
1819;130;true;6013;516;comment
1820;10;true;6014;527;comment
1821;10;true;6014;528;comment
1822;130;true;6015;516;comment
1823;90;true;6015;519;comment
1824;100;true;6016;529;comment
1825;10;true;6016;530;comment
1826;140;true;6017;516;comment
1827;100;true;6017;519;comment
1828;20;true;6018;522;comment
1829;20;true;6018;523;comment
1830;40;true;6019;526;comment
1831;110;true;6020;529;comment
1832;20;true;6020;530;comment
1833;10;true;6021;531;comment
1834;20;true;6021;532;comment
1835;150;true;6022;516;comment
1836;100;true;6022;519;comment
1837;10;true;6023;533;comment
1838;10;true;6023;534;comment
1839;140;true;6024;516;comment
1840;110;true;6025;529;comment
1841;20;true;6025;530;comment
1842;10;true;6026;535;comment
1843;10;true;6026;536;comment
1844;30;true;6027;522;comment
1845;30;true;6027;523;comment
1846;160;true;6028;516;comment
1847;170;true;6029;516;comment
1848;110;true;6029;519;comment
1849;40;true;6030;537;comment
1850;10;true;6030;538;comment
1851;180;true;6031;516;comment
1852;190;true;6032;516;comment
1853;10;true;6033;539;comment
1854;10;true;6033;540;comment
1855;40;true;6034;522;comment
1856;40;true;6034;523;comment
1857;50;true;6035;522;comment
1858;50;true;6035;523;comment
1859;10;true;6036;541;comment
1860;10;true;6036;542;comment
1861;50;true;6037;526;comment
1862;200;true;6038;516;comment
1863;120;true;6038;519;comment
1864;30;true;6039;520;comment
1865;30;true;6039;521;comment
1866;40;true;6040;520;comment
1867;40;true;6040;521;comment
1868;60;true;6041;522;comment
1869;60;true;6041;523;comment
1870;20;true;6042;541;comment
1871;20;true;6042;542;comment
1872;120;true;6043;529;comment
1873;20;true;6043;528;comment
1874;70;true;6044;522;comment
1875;70;true;6044;523;comment
1876;60;true;6045;526;comment
1877;30;true;6046;541;comment
1878;30;true;6046;542;comment
1879;10;true;6047;543;comment
1880;10;true;6047;544;comment
1881;210;true;6048;516;comment
1882;130;true;6048;519;comment
1883;10;true;6049;545;comment
1884;10;true;6049;546;comment
1885;20;true;6050;546;comment
1886;20;true;6050;545;comment
1887;30;true;6051;545;comment
1888;30;true;6051;546;comment
1889;40;true;6052;545;comment
1890;50;true;6052;546;comment
1891;10;true;6053;547;comment
1892;10;true;6053;548;comment
1893;50;true;6054;545;comment
1894;60;true;6054;546;comment
1895;10;true;6055;549;comment
1896;10;true;6055;550;comment
1897;10;true;6055;551;comment
1898;10;true;6056;552;comment
1899;10;true;6056;553;comment
1900;60;true;6057;545;comment
1901;70;true;6057;546;comment
1902;80;true;6058;545;comment
1903;80;true;6058;546;comment
1904;90;true;6059;546;comment
1905;90;true;6059;545;comment
1906;100;true;6060;545;comment
1907;100;true;6060;546;comment
1908;10;true;6061;554;comment
1909;10;true;6061;555;comment
1900;10;true;6062;556;comment
1901;10;true;6062;557;comment
1902;110;true;6063;545;comment
1903;110;true;6063;546;comment
1914;120;true;6064;546;comment
1915;120;true;6064;545;comment
1916;130;true;6065;545;comment
1917;130;true;6065;546;comment
1918;10;true;6066;558;comment
1919;10;true;6066;559;comment
1920;140;true;6067;545;comment
1921;140;true;6067;546;comment
1922;10;true;6068;560;comment
1923;10;true;6068;561;comment
1924;10;true;6069;562;comment
1925;10;true;6069;563;comment
1926;140;true;6070;545;comment
1927;150;true;6070;546;comment
1928;20;true;6071;558;comment
1929;20;true;6071;559;comment
1930;10;true;6072;564;comment
1931;10;true;6072;565;comment
1932;10;true;6073;566;comment
1933;10;true;6074;567;comment
1934;20;true;6075;566;comment
1935;10;true;6075;568;comment
1936;20;true;6076;566;comment
1937;10;true;6077;569;comment
1938;30;true;6078;566;comment
1939;20;true;6078;568;comment
1940;30;true;6079;568;comment
1941;30;true;6079;566;comment
1942;40;true;6080;566;comment
1943;30;true;6080;568;comment
1944;40;true;6081;568;comment
1945;40;true;6081;566;comment
1946;50;true;6082;566;comment
1947;40;true;6082;568;comment
1948;50;true;6083;568;comment
1949;50;true;6083;566;comment
1950;60;true;6084;566;comment
1951;10;true;6085;570;comment
1952;60;true;6086;566;comment
1953;60;true;6086;568;comment
1954;20;true;6087;567;comment
1955;70;true;6088;566;comment
1956;70;true;6088;568;comment
1957;10;true;6089;571;comment
1958;70;true;6090;568;comment
1959;80;true;6090;566;comment
1950;80;true;6091;568;comment
1951;20;true;6091;571;comment
1952;10;true;6092;572;comment
1953;10;true;6093;573;comment
1954;10;true;6093;574;comment
1955;10;true;6094;575;comment
1956;30;true;6095;567;comment
1957;10;true;6096;576;comment
1958;20;true;6097;569;comment
1969;90;true;6098;566;comment
1970;90;true;6098;568;comment
1971;100;true;6099;568;comment
1972;100;true;6099;566;comment
1973;40;true;6100;567;comment
1974;10;true;6101;578;comment
1975;10;true;6102;579;comment
1976;110;true;6103;566;comment
1977;110;true;6103;568;comment
1978;10;true;6104;580;comment
1979;50;true;6105;567;comment
1980;30;true;6106;571;comment
1981;120;true;6107;566;comment
1982;120;true;6107;568;comment
1983;130;true;6108;568;comment
1984;130;true;6108;566;comment
1985;10;true;6109;581;comment
1986;20;true;6110;581;comment
1987;10;true;6111;582;comment
1988;10;true;6111;583;comment
1989;140;true;6112;568;comment
1990;10;true;6112;588;comment
1991;60;true;6113;567;comment
1992;10;true;6114;584;comment
1993;70;true;6115;567;comment
1994;130;true;6116;566;comment
1995;140;true;6116;568;comment
1996;150;true;6117;568;comment
1997;140;true;6117;566;comment
1998;80;true;6118;567;comment
1999;10;true;6119;585;comment
2000;90;true;6120;567;comment
2001;100;true;6121;567;comment
2002;40;true;6122;571;comment
2003;10;true;6123;586;comment
2004;20;true;6124;582;comment
2005;20;true;6124;583;comment
2006;150;true;6125;566;comment
2007;160;true;6126;566;comment
2008;160;true;6126;568;comment
2009;10;true;6127;587;comment
2010;170;true;6128;566;comment
2011;170;true;6128;568;comment
2012;20;true;6129;588;comment
2013;10;true;6130;589;comment
2014;20;true;6131;570;comment
2015;10;true;6132;590;comment
2016;10;true;6132;591;comment
2017;110;true;6133;567;comment
2018;10;true;6134;592;comment
2019;180;true;6135;566;comment
2020;170;true;6135;568;comment
2021;190;true;6136;566;comment
2022;200;true;6137;566;comment
2023;180;true;6137;568;comment
2024;20;true;6138;576;comment
2025;20;true;6139;590;comment
2026;20;true;6139;591;comment
2027;200;true;6140;566;comment
2028;190;true;6140;568;comment
2029;10;true;6141;593;comment
2030;10;true;6142;594;comment
2031;10;true;6142;595;comment
2032;210;true;6143;566;comment
2033;200;true;6143;568;comment
2034;20;true;6144;586;comment
2035;30;true;6145;576;comment
2036;120;true;6146;567;comment
2037;10;true;6147;597;comment
2038;30;true;6148;576;comment
2039;10;true;6149;598;comment
2040;10;true;6150;599;comment
2041;220;true;6151;566;comment
2042;10;true;6152;600;comment
2043;10;true;6153;601;comment
2044;230;true;6154;566;comment
2045;210;true;6154;568;comment
2046;40;true;6155;576;comment
2047;10;true;6156;602;comment
2048;10;true;6157;603;comment
2049;230;true;6158;566;comment
2050;220;true;6158;568;comment
2051;20;true;6159;599;comment
2052;10;true;6160;604;comment
2053;20;true;6161;585;comment
2054;30;true;6162;582;comment
2055;30;true;6162;583;comment
2056;30;true;6163;590;comment
2057;20;true;6164;598;comment
2058;10;true;6165;605;comment
2059;40;true;6166;582;comment
2050;40;true;6166;583;comment
2051;20;true;6167;573;comment
2052;20;true;6167;574;comment
2053;240;true;6168;566;comment
2064;230;true;6168;568;comment
2065;250;true;6169;566;comment
2066;260;true;6170;566;comment
2067;240;true;6170;568;comment
2068;10;true;6171;575;comment
2069;40;true;6172;590;comment
2060;30;true;6172;591;comment
2061;250;true;6173;566;comment
2062;250;true;6173;568;comment
2063;10;true;6174;606;comment
2074;50;true;6175;571;comment
2075;260;true;6176;568;comment
2076;50;true;6177;582;comment
2077;50;true;6177;583;comment
2078;30;true;6178;573;comment
2079;260;true;6179;566;comment
2080;270;true;6179;568;comment
2081;280;true;6180;568;comment
2082;270;true;6180;566;comment
2083;280;true;6181;566;comment
2084;290;true;6181;568;comment
2085;10;true;6182;607;comment
2086;290;true;6183;566;comment
2087;300;true;6183;568;comment
2088;60;true;6184;571;comment
2089;20;true;6185;575;comment
2080;30;true;6186;585;comment
2081;300;true;6187;566;comment
2082;30;true;6187;581;comment
2083;10;true;6188;609;comment
2094;50;true;6189;576;comment
2095;20;true;6190;597;comment
2096;10;true;6191;610;comment
2097;10;true;6192;611;comment
2098;10;true;6193;612;comment
2099;10;true;6194;613;comment
2100;10;true;6195;614;comment
2101;310;true;6196;566;comment
2102;310;true;6196;568;comment
2103;10;true;6197;615;comment
2104;10;true;6198;616;comment
2105;320;true;6199;566;comment
2106;320;true;6199;568;comment
2107;40;true;6200;581;comment
2108;20;true;6201;614;comment
2109;10;true;6202;617;comment
2110;330;true;6203;566;comment
2111;330;true;6203;568;comment
2112;10;true;6204;618;comment
2113;10;true;6205;619;comment
2114;50;true;6206;581;comment
2115;50;true;6207;590;comment
2116;20;true;6208;612;comment
2117;10;true;6209;620;comment
2118;10;true;6210;621;comment
2119;30;true;6210;597;comment
2120;30;true;6211;598;comment
2121;20;true;6212;572;comment
2122;20;true;6213;593;comment
2123;40;true;6214;598;comment
2124;60;true;6215;582;comment
2125;60;true;6215;583;comment
2126;10;true;6216;622;comment
2127;10;true;6216;623;comment
2128;130;true;6217;567;comment
2129;340;true;6218;566;comment
2130;140;true;6219;567;comment
2131;10;true;6220;624;comment
2132;20;true;6221;622;comment
2133;10;true;6222;625;comment
2134;60;true;6223;576;comment
2135;350;true;6224;566;comment
2136;340;true;6224;568;comment
2137;10;true;6225;626;comment
2138;360;true;6226;566;comment
2139;350;true;6226;568;comment
2140;10;true;6227;627;comment
2141;10;true;6227;628;comment
2142;350;true;6228;568;comment
2143;370;true;6228;566;comment
2144;60;true;6229;581;comment
2145;10;true;6229;629;comment
2146;380;true;6230;566;comment
2147;360;true;6230;568;comment
2148;30;true;6231;586;comment
2149;10;true;6232;630;comment
2150;150;true;6233;567;comment
2151;390;true;6234;566;comment
2152;370;true;6234;568;comment
2153;380;true;6235;568;comment
2154;400;true;6235;566;comment
2155;60;true;6236;590;comment
2156;40;true;6236;591;comment
2157;20;true;6237;626;comment
2158;50;true;6238;598;comment
2159;410;true;6239;566;comment
2160;390;true;6239;568;comment
2161;20;true;6240;606;comment
2162;20;true;6241;587;comment
2163;10;true;6242;631;comment
2164;160;true;6243;567;comment
2165;40;true;6244;597;comment
2166;20;true;6244;621;comment
2167;170;true;6245;567;comment
2168;20;true;6246;607;comment
2169;10;true;6246;632;comment
2170;70;true;6247;576;comment
2171;60;true;6248;598;comment
2172;40;true;6249;573;comment
2173;30;true;6249;574;comment
2174;10;true;6250;633;comment
2175;10;true;6251;634;comment
2176;50;true;6252;573;comment
2177;40;true;6252;574;comment
2178;10;true;6253;635;comment
2179;180;true;6254;567;comment
2180;190;true;6255;567;comment
2181;420;true;6256;566;comment
2182;400;true;6256;568;comment
2183;70;true;6257;590;comment
2184;50;true;6257;591;comment
2185;10;true;6258;636;comment
2186;10;true;6258;637;comment
2187;10;true;6259;638;comment
2188;10;true;6260;639;comment
2189;20;true;6261;594;comment
2190;20;true;6261;595;comment
2191;20;true;6262;600;comment
2192;30;true;6263;621;comment
2193;50;true;6263;597;comment
2194;70;true;6264;598;comment
2195;10;true;6265;640;comment
2196;10;true;6266;641;comment
2197;10;true;6266;642;comment
2198;80;true;6267;590;comment
2199;60;true;6267;591;comment
2200;10;true;6268;643;comment
2201;10;true;6269;644;comment
2202;10;true;6270;645;comment
2203;30;true;6271;614;comment
2204;20;true;6272;604;comment
2205;20;true;6273;633;comment
2206;20;true;6274;616;comment
2207;30;true;6275;612;comment
2208;10;true;6276;646;comment
2209;10;true;6277;647;comment
2210;10;true;6278;648;comment
2211;10;true;6279;650;comment
2212;10;true;6279;649;comment
2213;20;true;6280;648;comment
2214;10;true;6281;651;comment
2215;30;true;6282;600;comment
2216;30;true;6283;594;comment
2217;430;true;6284;566;comment
2218;410;true;6284;568;comment
2219;30;true;6285;616;comment
2210;40;true;6286;585;comment
2211;20;true;6287;596;comment
2212;30;true;6288;626;comment
2213;20;true;6289;627;comment
2224;20;true;6289;628;comment
2225;440;true;6290;566;comment
2226;420;true;6290;568;comment
2227;450;true;6291;566;comment
2228;430;true;6291;568;comment
2229;200;true;6292;567;comment
2230;460;true;6293;566;comment
2231;440;true;6293;568;comment
2232;10;true;6294;652;comment
2233;460;true;6295;566;comment
2234;450;true;6295;568;comment
2235;20;true;6296;579;comment
2236;20;true;6297;644;comment
2237;470;true;6298;566;comment
2238;460;true;6298;568;comment
2239;480;true;6299;566;comment
2230;470;true;6299;568;comment
2231;20;true;6300;617;comment
2232;20;true;6300;618;comment
2233;30;true;6301;569;comment
2244;30;true;6301;653;comment
2245;40;true;6302;569;comment
2246;40;true;6302;653;comment
2247;70;true;6303;582;comment
2248;70;true;6303;583;comment
2249;210;true;6304;567;comment
2250;40;true;6305;614;comment
2251;50;true;6306;569;comment
2252;50;true;6306;653;comment
2253;40;true;6307;600;comment
2254;80;true;6308;582;comment
2255;60;true;6308;583;comment
2256;90;true;6309;582;comment
2257;70;true;6309;583;comment
2258;50;true;6310;600;comment
2259;60;true;6311;573;comment
2260;30;true;6311;572;comment
2261;490;true;6312;566;comment
2262;500;true;6313;566;comment
2263;30;true;6314;617;comment
2264;10;true;6315;654;comment
2265;30;true;6316;627;comment
2266;30;true;6316;628;comment
2267;10;true;6317;655;comment
2268;40;true;6318;627;comment
2269;40;true;6318;628;comment
2270;510;true;6319;566;comment
2271;480;true;6319;568;comment
2272;90;true;6320;590;comment
2273;70;true;6320;591;comment
2274;40;true;6321;616;comment
2275;220;true;6322;567;comment
2276;520;true;6323;566;comment
2277;490;true;6323;568;comment
2278;530;true;6324;566;comment
2279;500;true;6324;568;comment
2280;10;true;6325;656;comment
2281;70;true;6326;573;comment
2282;50;true;6326;574;comment
2283;100;true;6327;590;comment
2284;80;true;6327;591;comment
2285;540;true;6328;566;comment
2286;510;true;6328;568;comment
2287;60;true;6329;569;comment
2288;60;true;6329;653;comment
2289;20;true;6330;656;comment
2290;10;true;6330;658;comment
2291;520;true;6331;568;comment
2292;550;true;6331;566;comment
2293;560;true;6332;566;comment
2294;10;true;6333;657;comment
2295;570;true;6334;566;comment
2296;530;true;6334;568;comment
2297;40;true;6335;626;comment
2298;40;true;6336;617;comment
2299;230;true;6337;567;comment
2300;70;true;6338;571;comment
2301;20;true;6339;592;comment
2302;30;true;6340;648;comment
2303;580;true;6341;566;comment
2304;540;true;6341;568;comment
2305;590;true;6342;566;comment
2306;550;true;6342;568;comment
2307;80;true;6343;598;comment
2308;80;true;6344;573;comment
2309;60;true;6344;574;comment
2310;20;true;6345;658;comment
2311;560;true;6346;568;comment
2312;600;true;6346;566;comment
2313;50;true;6347;627;comment
2314;50;true;6347;628;comment
2315;20;true;6348;624;comment
2316;60;true;6349;600;comment
2317;80;true;6350;576;comment
2318;110;true;6351;590;comment
2319;90;true;6351;591;comment
2320;30;true;6352;622;comment
2321;30;true;6352;623;comment
2322;20;true;6353;638;comment
2323;90;true;6354;573;comment
2324;70;true;6354;574;comment
2325;20;true;6355;615;comment
2326;610;true;6356;566;comment
2327;570;true;6356;568;comment
2328;50;true;6357;614;comment
2329;70;true;6358;581;comment
2330;20;true;6359;649;comment
2331;240;true;6360;567;comment
2332;20;true;6361;655;comment
2333;10;true;6362;659;comment
2334;30;true;6363;615;comment
2335;20;true;6364;620;comment
2336;30;true;6365;596;comment
2337;30;true;6366;649;comment
2338;10;true;6366;650;comment
2339;30;true;6367;618;comment
2340;30;true;6368;592;comment
2341;50;true;6369;617;comment
2342;40;true;6370;649;comment
2343;20;true;6370;650;comment
2344;20;true;6371;635;comment
2345;60;true;6372;627;comment
2346;60;true;6372;628;comment
2347;100;true;6373;573;comment
2348;80;true;6373;574;comment
2349;620;true;6374;566;comment
2350;580;true;6374;568;comment
2351;40;true;6375;621;comment
2352;250;true;6376;567;comment
2353;10;true;6377;660;comment
2354;10;true;6377;661;comment
2355;20;true;6378;660;comment
2356;20;true;6378;661;comment
2357;10;true;6379;662;comment
2358;10;true;6379;663;comment
2359;30;true;6380;660;comment
2360;30;true;6380;661;comment
2361;30;true;6381;660;comment
2362;40;true;6381;661;comment
2363;10;true;6382;664;comment
2364;10;true;6382;665;comment
2365;10;true;6383;666;comment
2366;40;true;6384;660;comment
2367;50;true;6384;661;comment
2368;20;true;6385;666;comment
2369;50;true;6386;660;comment
2370;30;true;6386;661;comment
2371;60;true;6387;660;comment
2372;40;true;6387;661;comment
2373;70;true;6388;660;comment
2374;50;true;6388;661;comment
2375;80;true;6389;660;comment
2376;60;true;6389;661;comment
2377;10;true;6390;667;comment
2378;90;true;6391;660;comment
2379;70;true;6391;661;comment
2380;100;true;6392;660;comment
2381;80;true;6392;661;comment
2382;110;true;6393;660;comment
2383;90;true;6393;661;comment
2384;120;true;6394;660;comment
2385;100;true;6394;661;comment
2386;130;true;6395;660;comment
2387;110;true;6395;661;comment
2388;10;true;6396;668;comment
2389;10;true;6396;669;comment
2390;20;true;6397;668;comment
2391;140;true;6398;660;comment
2392;110;true;6398;661;comment
2393;150;true;6399;660;comment
2394;120;true;6399;661;comment
2395;160;true;6400;660;comment
2396;130;true;6400;661;comment
2397;30;true;6401;668;comment
2398;10;true;6402;670;comment
2399;170;true;6403;660;comment
2400;140;true;6403;661;comment
2401;10;true;6404;671;comment
2402;10;true;6404;672;comment
2403;10;true;6405;673;comment
2404;10;true;6405;674;comment
2405;10;true;6406;675;comment
2406;20;true;6407;662;comment
2407;20;true;6407;663;comment
2408;180;true;6408;660;comment
2409;150;true;6408;661;comment
2410;190;true;6409;660;comment
2411;160;true;6409;661;comment
2412;200;true;6410;660;comment
2413;170;true;6410;661;comment
2414;180;true;6410;661;comment
2415;10;true;6411;676;comment
2416;30;true;6412;666;comment
2417;30;true;6413;668;comment
2418;20;true;6414;664;comment
2419;20;true;6414;665;comment
2420;20;true;6415;669;comment
2421;210;true;6416;660;comment
2422;190;true;6416;661;comment
2423;10;true;6416;677;comment
2424;10;true;6416;678;comment
2425;220;true;6417;660;comment
2426;200;true;6417;661;comment
2427;220;true;6418;660;comment
2428;210;true;6418;661;comment
2429;10;true;6419;679;comment
2430;20;true;6420;667;comment
2431;30;true;6421;662;comment
2432;30;true;6421;663;comment
2433;20;true;6422;679;comment
2434;10;true;6423;680;comment
2435;10;true;6423;681;comment
2436;20;true;6424;671;comment
2437;20;true;6424;672;comment
2438;230;true;6425;660;comment
2439;220;true;6425;661;comment
2440;20;true;6426;673;comment
2441;20;true;6426;674;comment
2442;240;true;6427;660;comment
2443;230;true;6427;661;comment
2444;250;true;6428;660;comment
2445;240;true;6428;661;comment
2446;10;true;6429;682;comment
2447;10;true;6429;683;comment
2448;260;true;6430;660;comment
2449;250;true;6430;661;comment
2450;10;true;6431;684;comment
2451;10;true;6431;685;comment
2452;40;true;6432;662;comment
2453;40;true;6432;663;comment
2454;10;true;6433;686;comment
2455;10;true;6433;687;comment
2456;10;true;6434;688;comment
2457;10;true;6434;689;comment
2458;20;true;6435;676;comment
2459;30;true;6436;679;comment
2460;10;true;6437;690;comment
2461;20;true;6438;682;comment
2462;20;true;6438;683;comment
2463;30;true;6439;682;comment
2464;30;true;6439;683;comment
2465;270;true;6440;660;comment
2466;260;true;6440;661;comment
2467;10;true;6441;691;comment
2468;40;true;6442;668;comment
2469;50;true;6443;662;comment
2470;50;true;6443;663;comment
2471;30;true;6444;669;comment
2472;280;true;6445;660;comment
2473;270;true;6445;661;comment
2474;40;true;6446;669;comment
2475;20;true;6447;677;comment
2476;20;true;6447;678;comment
2477;30;true;6448;673;comment
2478;30;true;6448;674;comment
2479;10;true;6449;692;comment
2480;10;true;6450;693;comment
2481;10;true;6450;694;comment
2482;290;true;6451;660;comment
2483;40;true;6452;673;comment
2484;40;true;6452;674;comment
2485;10;true;6453;695;comment
2486;10;true;6453;696;comment
2487;40;true;6454;666;comment
2488;10;true;6455;697;comment
2489;10;true;6455;698;comment
2490;60;true;6456;662;comment
2491;60;true;6456;663;comment
2492;50;true;6457;669;comment
2493;20;true;6457;670;comment
2494;300;true;6458;660;comment
2495;280;true;6458;661;comment
2496;10;true;6459;699;comment
2497;10;true;6459;700;comment
2498;30;true;6460;671;comment
2499;30;true;6460;672;comment
2500;60;true;6461;669;comment
2501;310;true;6462;660;comment
2502;290;true;6462;661;comment
2503;10;true;6463;701;comment
2504;20;true;6463;701;comment
2505;320;true;6464;660;comment
2506;300;true;6464;661;comment
2507;70;true;6465;669;comment
2508;330;true;6466;660;comment
2509;310;true;6466;661;comment
2510;10;true;6467;702;comment
2511;10;true;6467;703;comment
2512;80;true;6468;669;comment
2513;20;true;6469;693;comment
2514;20;true;6469;694;comment
2515;10;true;6470;704;comment
2516;10;true;6471;705;comment
2517;10;true;6471;706;comment
2518;20;true;6472;675;comment
2519;20;true;6473;699;comment
2520;340;true;6474;660;comment
2521;320;true;6474;661;comment
2522;50;true;6475;666;comment
2523;40;true;5487;682;comment
2524;40;true;5487;683;comment
2525;50;true;6476;682;comment
2526;50;true;6476;683;comment
2527;20;true;6477;686;comment
2528;20;true;6477;687;comment
2529;350;true;6478;660;comment
2530;330;true;6478;661;comment
2531;60;true;6479;666;comment
2532;90;true;6480;669;comment
2533;360;true;6481;660;comment
2534;340;true;6481;661;comment
2535;50;true;6482;668;comment
2536;10;true;6483;707;comment
2537;50;true;6484;673;comment
2538;50;true;6484;674;comment
2539;10;true;6485;708;comment
2540;10;true;6485;709;comment
2541;20;true;6486;688;comment
2542;20;true;6486;689;comment
2543;20;true;6487;702;comment
2544;20;true;6487;703;comment
2545;370;true;6488;660;comment
2546;350;true;6488;661;comment
2547;60;true;6489;673;comment
2548;60;true;6489;674;comment
2549;30;true;6490;702;comment
2550;30;true;6490;703;comment
2551;10;true;6491;710;comment
2552;10;true;6491;711;comment
2553;380;true;6492;660;comment
2554;360;true;6492;661;comment
2555;390;true;6493;660;comment
2556;370;true;6493;661;comment
2557;400;true;6494;660;comment
2558;380;true;6494;661;comment
2559;410;true;6495;660;comment
2560;390;true;6495;661;comment
2561;10;true;6496;712;comment
2562;10;true;6496;713;comment
2563;20;true;6497;710;comment
2564;20;true;6497;711;comment
2565;60;true;6498;682;comment
2566;60;true;6498;683;comment
2567;20;true;6499;695;comment
2568;20;true;6499;696;comment
2569;10;true;6500;714;comment
2570;10;true;6500;715;comment
2571;20;true;6501;714;comment
2572;20;true;6501;715;comment
2573;30;true;6502;714;comment
2574;30;true;6502;715;comment
2575;40;true;6503;715;comment
2576;40;true;6503;714;comment
2577;50;true;6504;714;comment
2578;50;true;6504;715;comment
2579;10;true;6505;716;comment
2580;10;true;6505;717;comment
2581;60;true;6506;714;comment
2582;60;true;6506;715;comment
2583;10;true;6507;718;comment
2584;70;true;6508;714;comment
2585;70;true;6508;715;comment
2586;80;true;6509;714;comment
2587;80;true;6509;715;comment
2588;90;true;6510;714;comment
2589;90;true;6510;715;comment
2590;10;true;6511;719;comment
2591;10;true;6511;720;comment
2592;100;true;6512;714;comment
2593;100;true;6512;715;comment
2594;110;true;6513;715;comment
2595;110;true;6513;714;comment
2596;10;true;6514;721;comment
2597;10;true;6514;722;comment
2598;10;true;6515;723;comment
2599;10;true;6515;724;comment
2600;10;true;6516;725;comment
2601;10;true;6516;726;comment
2602;120;true;6517;714;comment
2603;120;true;6517;715;comment
2604;130;true;6518;714;comment
2605;130;true;6518;715;comment
2606;140;true;6519;714;comment
2607;140;true;6519;715;comment
2608;150;true;6520;715;comment
2609;150;true;6520;714;comment
2610;160;true;6521;714;comment
2611;160;true;6521;715;comment
2612;170;true;6522;715;comment
2613;170;true;6522;714;comment
2614;10;true;6523;727;comment
2615;10;true;6523;728;comment
2616;10;true;6524;729;comment
2617;10;true;6524;730;comment
2618;10;true;6525;731;comment
2619;10;true;6525;732;comment
2620;20;true;6526;727;comment
2621;20;true;6526;728;comment
2622;30;true;6527;727;comment
2623;20;true;6527;728;comment
2624;10;true;6528;733;comment
2625;10;true;6528;734;comment
2626;20;true;6529;727;comment
2627;30;true;6529;728;comment
2628;30;true;6530;727;comment
2629;30;true;6530;728;comment
2630;10;true;6531;735;comment
2631;10;true;6531;736;comment
2632;10;true;6532;727;comment
2633;40;true;6532;728;comment
2634;10;true;6533;737;comment
2635;10;true;6533;738;comment
2636;40;true;6534;727;comment
2637;50;true;6534;728;comment
2638;50;true;6535;727;comment
2639;60;true;6535;728;comment
2640;20;true;6536;737;comment
2641;20;true;6536;738;comment
2642;60;true;6537;727;comment
2643;80;true;6537;728;comment
2644;10;true;6538;737;comment
2645;70;true;6539;727;comment
2646;90;true;6539;728;comment
2647;100;true;6540;728;comment
2648;80;true;6540;727;comment
2649;110;true;6541;728;comment
2650;90;true;6541;727;comment
2651;120;true;6542;728;comment
2652;100;true;6542;727;comment
2653;10;true;6543;739;comment
2654;100;true;6544;727;comment
2655;130;true;6544;728;comment
2656;110;true;6545;727;comment
2657;140;true;6545;728;comment
2658;120;true;6546;727;comment
2659;150;true;6546;728;comment
2660;10;true;6547;733;comment
2661;10;true;6547;734;comment
2662;10;true;6548;737;comment
2663;30;true;6548;738;comment
2664;10;true;6549;740;comment
2665;10;true;6549;741;comment
2666;20;true;6550;737;comment
2667;40;true;6550;738;comment
2668;160;true;6551;728;comment
2669;130;true;6551;727;comment
2670;20;true;6552;729;comment
2671;20;true;6552;730;comment
2672;10;true;6553;742;comment
2673;10;true;6553;743;comment
2674;140;true;6554;727;comment
2675;170;true;6554;728;comment
2676;20;true;6555;733;comment
2677;20;true;6555;734;comment
2678;150;true;6556;727;comment
2679;180;true;6556;728;comment
2680;160;true;6557;727;comment
2681;190;true;6557;728;comment
2682;170;true;6558;727;comment
2683;200;true;6558;728;comment
2684;30;true;6559;733;comment
2685;30;true;6559;734;comment
2686;30;true;6560;737;comment
2687;50;true;6560;738;comment
2688;20;true;6561;732;comment
2689;10;true;6562;744;comment
2690;10;true;6562;745;comment
2691;10;true;6563;746;comment
2692;20;true;6564;740;comment
2693;20;true;6564;741;comment
2694;40;true;6565;737;comment
2695;60;true;6565;738;comment
2696;40;true;6566;733;comment
2697;40;true;6566;734;comment
2698;30;true;6567;729;comment
2699;30;true;6567;730;comment
2700;10;true;6568;749;comment
2701;10;true;6568;750;comment
2702;180;true;6569;727;comment
2703;210;true;6569;728;comment
2704;190;true;6570;727;comment
2705;220;true;6570;728;comment
2706;200;true;6571;727;comment
2707;230;true;6571;728;comment
2708;210;true;6572;727;comment
2709;240;true;6572;728;comment
2710;250;true;6573;728;comment
2711;260;true;6574;728;comment
2712;50;true;6575;733;comment
2713;50;true;6575;734;comment
2714;270;true;6576;728;comment
2715;280;true;6577;728;comment
2716;220;true;6577;727;comment
2717;20;true;6578;742;comment
2718;20;true;6578;743;comment
2719;20;true;6579;735;comment
2720;20;true;6579;736;comment
2721;60;true;6580;734;comment
2722;10;true;6581;752;comment
2723;10;true;6582;753;comment
2724;10;true;6582;754;comment
2725;10;true;6583;751;comment
2726;70;true;6584;734;comment
2727;60;true;6585;733;comment
2728;70;true;6585;734;comment
2729;230;true;6586;727;comment
2730;290;true;6586;728;comment
2731;70;true;6587;733;comment
2732;80;true;6587;734;comment
2733;40;true;6588;729;comment
2734;40;true;6588;730;comment
2735;50;true;6589;729;comment
2736;50;true;6589;730;comment
2737;60;true;6590;729;comment
2738;60;true;6590;730;comment
2739;70;true;6591;733;comment
2740;80;true;6591;734;comment
2741;80;true;6592;733;comment
2742;90;true;6592;734;comment
2743;10;true;6593;755;comment
2744;10;true;6593;756;comment
2745;90;true;6594;733;comment
2746;100;true;6594;734;comment
2747;20;true;6595;755;comment
2748;20;true;6595;756;comment
2749;20;true;6596;719;comment
2750;20;true;6596;720;comment
2751;20;true;6597;721;comment
2752;20;true;6597;722;comment
2753;20;true;6598;725;comment
2754;20;true;6598;726;comment
2755;30;true;6599;740;comment
2756;30;true;6599;741;comment
2757;10;true;6600;759;comment
2758;10;true;6600;760;comment
2759;10;true;6601;757;comment
2760;10;true;6601;758;comment
2761;20;true;6602;757;comment
2762;20;true;6602;758;comment
2763;30;true;6603;757;comment
2764;30;true;6603;758;comment
2765;40;true;6604;757;comment
2766;40;true;6604;758;comment
2767;50;true;6605;757;comment
2768;50;true;6605;758;comment
2769;60;true;6606;757;comment
2770;60;true;6606;758;comment
2771;70;true;6607;757;comment
2772;70;true;6607;758;comment
2773;80;true;6608;758;comment
2774;80;true;6608;757;comment
2775;10;true;6609;761;comment
2776;90;true;6610;757;comment
2777;90;true;6610;758;comment
2778;10;true;6611;762;comment
2779;10;true;6611;763;comment
2780;100;true;6612;757;comment
2781;100;true;6612;758;comment
2782;110;true;6613;757;comment
2783;110;true;6613;758;comment
2784;120;true;6614;757;comment
2785;120;true;6614;758;comment
2786;10;true;6615;764;comment
2787;10;true;6615;765;comment
2788;10;true;6616;766;comment
2789;10;true;6616;767;comment
2790;130;true;6617;757;comment
2791;130;true;6617;758;comment
2792;140;true;6618;757;comment
2793;140;true;6618;758;comment
2794;150;true;6619;757;comment
2795;150;true;6619;758;comment
2796;10;true;6620;768;comment
2797;20;true;6621;766;comment
2798;20;true;6621;767;comment
2799;30;true;6622;766;comment
2800;30;true;6622;767;comment
2801;20;true;6623;768;comment
2802;160;true;6624;757;comment
2803;160;true;6624;758;comment
2804;170;true;6625;758;comment
2805;170;true;6626;757;comment
2806;180;true;6626;758;comment
2807;20;true;6627;762;comment
2808;20;true;6627;763;comment
2809;180;true;6628;757;comment
2810;180;true;6628;758;comment
2811;190;true;6629;757;comment
2812;190;true;6629;758;comment
2813;10;true;6630;769;comment
2814;200;true;6631;757;comment
2815;200;true;6631;758;comment
2816;10;true;6632;770;comment
2817;10;true;6632;771;comment
2818;20;true;6633;770;comment
2819;20;true;6633;771;comment
2820;20;true;6634;759;comment
2821;20;true;6634;760;comment
2822;20;true;6635;761;comment
2823;30;true;6636;770;comment
2824;30;true;6636;771;comment
2825;30;true;6637;759;comment
2826;30;true;6637;760;comment
2827;40;true;6638;770;comment
2828;40;true;6638;771;comment
2829;10;true;6639;772;comment
2830;10;true;6639;773;comment
2831;30;true;6640;762;comment
2832;30;true;6640;763;comment
2833;210;true;6641;757;comment
2834;210;true;6641;758;comment
2835;10;true;6642;774;comment
2836;220;true;6643;757;comment
2837;220;true;6643;758;comment
2838;230;true;6644;757;comment
2839;230;true;6644;758;comment
2840;240;true;6645;757;comment
2841;240;true;6645;758;comment
2842;30;true;6646;768;comment
2843;10;true;6647;775;comment
2844;10;true;6647;776;comment
2845;250;true;6648;757;comment
2846;250;true;6648;758;comment
2847;50;true;6649;770;comment
2848;50;true;6649;771;comment
2849;10;true;6650;777;comment
2850;10;true;6650;778;comment
2851;10;true;6651;779;comment
2852;10;true;6651;780;comment
2853;20;true;6652;777;comment
2854;20;true;6652;778;comment
2855;10;true;6653;781;comment
2856;10;true;6653;782;comment
2857;20;true;6654;777;comment
2858;30;true;6654;778;comment
2859;10;true;6655;783;comment
2860;10;true;6655;784;comment
2861;30;true;6656;777;comment
2862;30;true;6656;778;comment
2863;10;true;6657;785;comment
2864;10;true;6657;786;comment
2865;40;true;6658;777;comment
2866;40;true;6658;778;comment
2867;10;true;6659;787;comment
2868;10;true;6659;788;comment
2869;50;true;6660;777;comment
2870;50;true;6660;778;comment
2871;60;true;6661;777;comment
2872;60;true;6661;778;comment
2873;70;true;6662;777;comment
2874;70;true;6662;778;comment
2875;80;true;6663;777;comment
2876;80;true;6663;778;comment
2877;10;true;6664;787;comment
2878;10;true;6664;788;comment
2879;20;true;6665;787;comment
2880;20;true;6665;788;comment
2881;90;true;6666;777;comment
2882;90;true;6666;778;comment
2883;20;true;6667;787;comment
2884;30;true;6667;788;comment
2885;100;true;6668;777;comment
2886;100;true;6668;778;comment
2887;110;true;6669;777;comment
2888;110;true;6669;778;comment
2889;10;true;6670;789;comment
2890;10;true;6670;790;comment
2891;20;true;6671;789;comment
2892;20;true;6671;790;comment
2893;10;true;4979;791;comment
2894;10;true;4979;792;comment
2895;120;true;6672;777;comment
2896;120;true;6672;778;comment
2897;130;true;6673;777;comment
2898;130;true;6673;778;comment
2899;10;true;6674;793;comment
2900;10;true;6674;794;comment
2901;140;true;6675;777;comment
2902;140;true;6675;778;comment
2903;150;true;6675;778;comment
2904;10;true;6676;795;comment
2905;10;true;6676;796;comment
2906;10;true;6677;797;comment
2907;10;true;6677;798;comment
2908;150;true;6678;777;comment
2909;150;true;6678;778;comment
2910;30;true;6679;789;comment
2911;30;true;6679;790;comment
2912;160;true;6680;777;comment
2913;160;true;6680;778;comment
2914;170;true;6681;777;comment
2915;170;true;6681;778;comment
2916;180;true;6682;777;comment
2917;180;true;6682;778;comment
2918;190;true;6683;777;comment
2919;190;true;6683;778;comment
2920;10;true;6684;799;comment
2921;10;true;6684;800;comment
2922;20;true;6685;799;comment
2923;20;true;6685;800;comment
2924;30;true;6686;800;comment
2925;40;true;6686;799;comment
2926;40;true;6687;800;comment
2927;50;true;6687;799;comment
2928;10;true;6688;801;comment
2929;10;true;6688;802;comment
2930;60;true;6689;799;comment
2931;50;true;6689;800;comment
2932;70;true;6690;799;comment
2933;60;true;6690;800;comment
2934;80;true;6691;799;comment
2935;70;true;6691;800;comment
2936;10;true;6692;803;comment
2937;10;true;6692;804;comment
2938;80;true;6693;800;comment
2939;90;true;6693;799;comment
2940;90;true;6694;800;comment
2941;100;true;6694;799;comment
2942;110;true;6695;799;comment
2943;100;true;6695;800;comment
2944;10;true;6696;805;comment
2945;10;true;6696;806;comment
2946;20;true;6697;805;comment
2947;20;true;6697;806;comment
2948;20;true;6698;803;comment
2949;20;true;6698;804;comment
2950;120;true;6699;799;comment
2951;110;true;6699;800;comment
2952;120;true;6700;800;comment
2953;130;true;6700;799;comment
2954;140;true;6701;799;comment
2955;130;true;6701;800;comment
2956;150;true;6702;799;comment
2957;140;true;6702;800;comment
2958;160;true;6703;799;comment
2959;150;true;6703;800;comment
2960;170;true;6704;799;comment
2961;160;true;6704;800;comment
2962;180;true;6705;799;comment
2963;170;true;6705;800;comment
2964;190;true;6706;799;comment
2965;180;true;6706;800;comment
2966;200;true;6707;799;comment
2967;190;true;6707;800;comment
2968;10;true;6708;807;comment
2969;10;true;6708;808;comment
2970;200;true;6709;800;comment
2971;210;true;6709;799;comment
2972;220;true;6710;799;comment
2973;210;true;6710;800;comment
2974;230;true;6711;799;comment
2975;220;true;6711;800;comment
2976;240;true;6712;799;comment
2977;230;true;6712;800;comment
2978;10;true;6713;809;comment
2979;10;true;6713;810;comment
2980;30;true;6714;805;comment
2981;30;true;6714;806;comment
2982;250;true;6715;800;comment
2983;250;true;6715;799;comment
2984;260;true;6716;799;comment
2985;240;true;6716;800;comment
2986;270;true;6717;799;comment
2987;260;true;6717;800;comment
2988;10;true;6718;811;comment
2989;10;true;6718;812;comment
2990;270;true;6719;800;comment
2991;280;true;6719;799;comment
2992;10;true;6720;813;comment
2993;10;true;6720;814;comment
2994;20;true;6721;809;comment
2995;20;true;6721;810;comment
2996;10;true;6722;815;comment
2997;10;true;6722;816;comment
2998;20;true;6723;815;comment
2999;20;true;6723;816;comment
3000;20;true;6724;815;comment
3001;20;true;6724;816;comment
3002;30;true;6725;817;comment
3003;30;true;6725;818;comment
3004;30;true;6726;815;comment
3005;30;true;6726;816;comment
3006;40;true;6727;815;comment
3007;40;true;6727;816;comment
3008;50;true;6728;815;comment
3009;50;true;6728;816;comment
3010;60;true;6729;815;comment
3011;60;true;6729;816;comment
3012;70;true;6730;815;comment
3013;70;true;6730;816;comment
3014;80;true;6731;815;comment
3015;80;true;6731;816;comment
3016;90;true;6732;815;comment
3017;90;true;6732;816;comment
3018;10;true;6733;819;comment
3019;10;true;6733;820;comment
3020;10;true;6734;821;comment
3021;10;true;6734;822;comment
3022;100;true;6735;815;comment
3023;100;true;6735;816;comment
3024;10;true;6736;823;comment
3025;10;true;6736;824;comment
3026;20;true;6737;823;comment
3027;20;true;6737;824;comment
3028;30;true;6738;824;comment
3029;30;true;6738;823;comment
3030;40;true;6739;823;comment
3031;40;true;6739;824;comment
3032;50;true;6740;824;comment
3033;50;true;6740;823;comment
3034;60;true;6741;823;comment
3035;60;true;6741;824;comment
3036;70;true;6742;823;comment
3037;70;true;6742;824;comment
3038;80;true;6743;823;comment
3039;80;true;6743;824;comment
3040;10;true;6744;825;comment
3041;10;true;6744;826;comment
3042;90;true;6745;823;comment
3043;90;true;6745;824;comment
3044;100;true;6746;823;comment
3045;100;true;6746;824;comment
3046;110;true;6747;823;comment
3047;110;true;6747;824;comment
3048;120;true;6748;823;comment
3049;120;true;6748;824;comment
3050;130;true;6749;823;comment
3051;130;true;6749;824;comment
3052;140;true;6750;823;comment
3053;140;true;6750;824;comment
3054;150;true;6750;823;comment
3055;150;true;6751;824;comment
3056;160;true;6751;823;comment
3057;160;true;6752;823;comment
3058;170;true;6752;824;comment
3059;170;true;6753;823;comment
3060;180;true;6753;824;comment
3061;10;true;6754;827;comment
3062;10;true;6754;828;comment
3063;190;true;6755;823;comment
3064;190;true;6755;824;comment
3065;200;true;6756;823;comment
3066;200;true;6756;824;comment
3067;210;true;6757;823;comment
3068;210;true;6757;824;comment
3069;10;true;6758;829;comment
3070;10;true;6758;830;comment
3071;20;true;6759;827;comment
3072;20;true;6759;828;comment
3073;220;true;6760;823;comment
3074;220;true;6760;824;comment
3075;10;true;6761;831;comment
3076;10;true;6761;832;comment
3077;230;true;6762;823;comment
3078;230;true;6762;824;comment
3079;240;true;6763;823;comment
3080;240;true;6763;824;comment
3081;250;true;6764;823;comment
3082;250;true;6764;824;comment
3083;260;true;6765;823;comment
3084;260;true;6765;824;comment
3085;10;true;6766;834;comment
3086;10;true;6766;833;comment
3087;10;true;6767;835;comment
3088;10;true;6767;836;comment
3089;270;true;6768;823;comment
3090;270;true;6768;824;comment
3091;30;true;6769;827;comment
3092;30;true;6769;828;comment
3093;40;true;6770;827;comment
3094;40;true;6770;828;comment
3095;280;true;6771;823;comment
3096;280;true;6771;824;comment
3097;290;true;6772;823;comment
3098;290;true;6772;824;comment
3099;10;true;6773;837;comment
3100;10;true;6773;838;comment
3101;300;true;6774;823;comment
3102;300;true;6774;824;comment
3103;310;true;6775;824;comment
3104;310;true;6775;823;comment
3105;10;true;6776;839;comment
3106;10;true;6776;840;comment
3107;320;true;6777;823;comment
3108;320;true;6777;824;comment
3109;20;true;6778;833;comment
3110;20;true;6778;834;comment
3111;330;true;6779;823;comment
3112;330;true;6779;824;comment
3113;50;true;6780;827;comment
3114;50;true;6780;828;comment
3115;20;true;6781;835;comment
3116;20;true;6781;836;comment
3117;10;true;6782;841;comment
3118;10;true;6782;842;comment
3119;340;true;6783;823;comment
3120;340;true;6783;824;comment
3121;10;true;6784;843;comment
3122;10;true;6784;844;comment
3123;350;true;6785;823;comment
3124;350;true;6785;824;comment
3125;30;true;6786;835;comment
3126;30;true;6786;836;comment
3127;20;true;6787;837;comment
3128;20;true;6787;838;comment
3129;10;true;6788;845;comment
3130;10;true;6788;846;comment
3131;40;true;6789;835;comment
3132;40;true;6789;836;comment
3133;20;true;6790;829;comment
3134;20;true;6790;830;comment
3135;10;true;6791;847;comment
3136;10;true;6791;848;comment
3137;360;true;6792;824;comment
3138;360;true;6792;823;comment
3139;30;true;6793;837;comment
3140;30;true;6793;838;comment
3141;10;true;6794;849;comment
3142;10;true;6794;850;comment
3143;370;true;6795;823;comment
3144;370;true;6795;824;comment
3145;20;true;6796;845;comment
3146;20;true;6796;846;comment
3147;10;true;6797;851;comment
3148;10;true;6797;852;comment
3149;10;true;6798;853;comment
3150;60;true;6799;828;comment
3151;60;true;6799;827;comment
3152;380;true;6800;823;comment
3153;380;true;6800;824;comment
3154;20;true;6801;825;comment
3155;20;true;6801;826;comment
3156;10;true;6802;854;comment
3157;10;true;6802;855;comment
3158;20;true;6803;842;comment
3159;20;true;6803;841;comment
3160;30;true;6804;825;comment
3161;30;true;6804;826;comment
3162;30;true;6805;845;comment
3163;30;true;6805;846;comment
3164;10;true;6806;856;comment
3165;10;true;6806;857;comment
3166;70;true;6807;827;comment
3167;70;true;6807;828;comment
3168;390;true;6808;823;comment
3169;390;true;6808;824;comment
3170;80;true;6809;827;comment
3171;80;true;6809;828;comment
3172;400;true;6810;823;comment
3173;400;true;6810;824;comment
3174;20;true;6811;853;comment
3175;10;true;6812;858;comment
3176;30;true;6813;853;comment
3177;410;true;6814;823;comment
3178;410;true;6814;824;comment
3179;40;true;6815;853;comment
3180;20;true;6816;854;comment
3181;20;true;6816;855;comment
3182;20;true;6817;859;comment
3183;420;true;6818;824;comment
3184;420;true;6818;823;comment
3185;50;true;6819;835;comment
3186;50;true;6819;836;comment
3187;10;true;6820;860;comment
3188;10;true;6820;861;comment
3189;20;true;6821;851;comment
3190;20;true;6821;852;comment
3191;50;true;6822;853;comment
3192;430;true;6822;823;comment
3193;430;true;6822;824;comment
3194;440;true;6823;823;comment
3195;440;true;6823;824;comment
3196;30;true;6824;841;comment
3197;30;true;6824;842;comment
3198;450;true;6825;823;comment
3199;450;true;6825;824;comment
3200;10;true;6826;862;comment
3201;10;true;6826;863;comment
3202;10;true;6827;864;comment
3203;10;true;6827;865;comment
3204;90;true;6828;827;comment
3205;90;true;6828;828;comment
3206;40;true;6829;837;comment
3207;40;true;6829;838;comment
3208;460;true;6830;823;comment
3209;460;true;6830;824;comment
3210;30;true;6831;851;comment
3211;30;true;6831;852;comment
3212;40;true;6832;845;comment
3213;40;true;6832;846;comment
3214;60;true;6833;835;comment
3215;60;true;6833;836;comment
3216;20;true;6834;856;comment
3217;20;true;6834;857;comment
3218;470;true;6835;823;comment
3219;470;true;6835;824;comment
3220;40;true;6836;851;comment
3221;40;true;6836;852;comment
3222;40;true;6837;829;comment
3223;30;true;6837;830;comment
3224;50;true;6838;837;comment
3225;50;true;6838;838;comment
3226;70;true;6839;835;comment
3227;70;true;6839;836;comment
3228;50;true;6840;845;comment
3229;50;true;6840;846;comment
3230;480;true;6841;823;comment
3231;480;true;6841;824;comment
3232;10;true;6842;866;comment
3233;490;true;6843;823;comment
3234;490;true;6843;824;comment
3235;20;true;6844;866;comment
3236;60;true;6845;853;comment
3237;60;true;6846;853;comment
3238;40;true;6847;841;comment
3239;40;true;6847;842;comment
3240;500;true;6848;823;comment
3241;500;true;6848;824;comment
3242;60;true;6849;845;comment
3243;60;true;6849;846;comment
3244;50;true;6850;841;comment
3245;50;true;6850;842;comment
3246;10;true;6851;867;comment
3247;10;true;6851;868;comment
3248;510;true;6852;823;comment
3249;510;true;6852;824;comment
3250;70;true;6853;853;comment
3251;520;true;6854;823;comment
3252;520;true;6854;824;comment
3253;510;true;6855;823;comment
3254;510;true;6855;824;comment
3255;10;true;6856;869;comment
3256;10;true;6856;870;comment
3257;10;true;6857;871;comment
3258;10;true;6858;872;comment
3259;10;true;6858;873;comment
3260;10;true;6859;874;comment
3261;10;true;6859;875;comment
3262;520;true;6860;823;comment
3263;520;true;6860;824;comment
3264;20;true;6861;867;comment
3265;20;true;6861;868;comment
3266;80;true;6862;835;comment
3267;80;true;6862;836;comment
3268;530;true;6863;823;comment
3269;530;true;6863;824;comment
3270;20;true;6864;843;comment
3271;20;true;6864;844;comment
3272;30;true;6865;868;comment
3273;540;true;6866;823;comment
3274;540;true;6866;824;comment
3275;10;true;6867;876;comment
3276;10;true;6867;877;comment
3277;20;true;6868;876;comment
3278;20;true;6868;877;comment
3279;10;true;6869;878;comment
3280;10;true;6869;879;comment
3281;10;true;6870;880;comment
3282;10;true;6870;881;comment
3283;10;true;6871;882;comment
3284;10;true;6871;883;comment
3285;10;true;6872;884;comment
3286;10;true;6872;885;comment
3287;10;true;6873;886;comment
3288;10;true;6873;887;comment
3289;20;true;6874;876;comment
3290;20;true;6874;877;comment
3291;30;true;6875;876;comment
3292;30;true;6875;877;comment
3293;40;true;6876;876;comment
3294;40;true;6876;877;comment
3295;50;true;6876;876;comment
3296;50;true;6876;877;comment
3297;60;true;6877;876;comment
3298;60;true;6877;877;comment
3299;10;true;6878;888;comment
3300;10;true;6878;889;comment
3301;70;true;6879;876;comment
3302;70;true;6879;877;comment
3303;80;true;6880;876;comment
3304;80;true;6880;877;comment
3305;90;true;6881;876;comment
3306;90;true;6881;877;comment
3307;100;true;6882;876;comment
3308;100;true;6882;877;comment
3309;20;true;6883;880;comment
3310;20;true;6883;881;comment
3311;110;true;6884;876;comment
3312;110;true;6884;877;comment
3313;120;true;6885;876;comment
3314;120;true;6885;877;comment
3315;30;true;6886;880;comment
3316;30;true;6886;881;comment
3317;20;true;6887;886;comment
3318;20;true;6887;887;comment
3319;10;true;6888;892;comment
3320;10;true;6888;893;comment
3321;20;true;6889;878;comment
3322;20;true;6889;879;comment
3323;10;true;6890;894;comment
3324;10;true;6890;895;comment
3325;10;true;6891;896;comment
3326;10;true;6891;897;comment
3327;20;true;6892;888;comment
3328;20;true;6892;889;comment
3329;40;true;6893;880;comment
3330;40;true;6893;881;comment
3331;50;true;6894;880;comment
3332;50;true;6894;881;comment
3333;130;true;6895;876;comment
3334;130;true;6895;877;comment
3335;50;true;6896;880;comment
3336;50;true;6896;881;comment
3337;140;true;6897;876;comment
3338;140;true;6897;877;comment
3339;20;true;6898;896;comment
3340;20;true;6898;897;comment
3341;140;true;6899;876;comment
3342;140;true;6899;877;comment
3343;150;true;6900;876;comment
3344;150;true;6900;877;comment
3345;10;true;6901;898;comment
3346;10;true;6901;899;comment
3347;20;true;6902;899;comment
3348;30;true;6902;899;comment
3349;20;true;6903;898;comment
3350;40;true;6903;899;comment
3341;30;true;6904;898;comment
3352;50;true;6904;899;comment
3353;60;true;6905;899;comment
3354;40;true;6905;898;comment
3355;50;true;6906;898;comment
3356;60;true;6906;899;comment
3357;60;true;6907;898;comment
3358;70;true;6907;899;comment
3359;70;true;6908;898;comment
3360;10;true;6909;900;comment
3361;10;true;6909;901;comment
3362;80;true;6910;899;comment
3363;80;true;6910;898;comment
3364;90;true;6911;899;comment
3365;90;true;6911;898;comment
3366;90;true;6912;898;comment
3367;100;true;6912;899;comment
3368;100;true;6913;898;comment
3369;110;true;6913;899;comment
3370;110;true;6914;898;comment
3371;120;true;6914;899;comment
3372;20;true;6915;900;comment
3373;20;true;6915;901;comment
3374;120;true;6916;898;comment
3375;130;true;6916;899;comment
3376;130;true;6917;898;comment
3377;140;true;6917;899;comment
3378;140;true;6918;898;comment
3379;150;true;6918;899;comment
3380;150;true;6919;898;comment
3381;160;true;6919;899;comment
3382;160;true;6920;898;comment
3383;170;true;6920;899;comment
3384;10;true;6921;902;comment
3385;10;true;6921;903;comment
3386;30;true;6922;900;comment
3387;30;true;6922;901;comment
3388;170;true;6923;898;comment
3389;180;true;6923;899;comment
3390;180;true;6924;898;comment
3391;190;true;6924;899;comment
3392;10;true;6925;904;comment
3393;10;true;6925;905;comment
3394;200;true;6926;899;comment
3395;190;true;6926;898;comment
3396;200;true;6927;898;comment
3397;210;true;6927;899;comment
3398;30;true;6928;900;comment
3399;40;true;6928;901;comment
3400;10;true;6929;906;comment
3401;10;true;6929;907;comment
3402;40;true;6930;900;comment
3403;50;true;6930;901;comment
3404;50;true;6931;900;comment
3405;60;true;6931;901;comment
3406;220;true;6932;899;comment
3407;210;true;6932;898;comment
3408;20;true;6933;906;comment
3409;20;true;6933;907;comment
3410;220;true;6934;898;comment
3411;230;true;6934;899;comment
3412;60;true;6935;900;comment
3413;70;true;6935;901;comment
3414;230;true;6936;898;comment
3415;240;true;6936;899;comment
3416;20;true;6937;904;comment
3417;20;true;6937;905;comment
3418;240;true;6938;898;comment
3419;250;true;6938;899;comment
3420;10;true;6939;908;comment
3421;250;true;6940;898;comment
3422;260;true;6940;899;comment
3423;260;true;6941;898;comment
3424;270;true;6941;899;comment
3425;10;true;6942;909;comment
3426;10;true;6942;910;comment
3427;10;true;6943;911;comment
3428;10;true;6943;912;comment
3429;70;true;6944;900;comment
3430;80;true;6944;901;comment
3431;270;true;6945;898;comment
3432;280;true;6945;899;comment
3433;10;true;6946;913;comment
3434;280;true;6947;898;comment
3435;290;true;6947;899;comment
3436;20;true;6948;909;comment
3437;20;true;6948;910;comment
3438;20;true;6949;913;comment
3439;30;true;6950;909;comment
3440;30;true;6950;910;comment
3441;10;true;6951;914;comment
3442;10;true;6951;915;comment
3443;290;true;6952;898;comment
3444;300;true;6952;899;comment
3445;20;true;6953;911;comment
3446;20;true;6953;912;comment
3447;300;true;6954;898;comment
3448;310;true;6954;899;comment
3449;310;true;6955;898;comment
3450;320;true;6955;899;comment
3451;40;true;6956;909;comment
3452;40;true;6956;910;comment
3453;320;true;6957;898;comment
3454;330;true;6957;899;comment
3455;10;true;6958;916;comment
3456;10;true;6958;917;comment
3457;330;true;6959;898;comment
3458;340;true;6959;899;comment
3459;30;true;6960;906;comment
3460;30;true;6960;907;comment
3461;340;true;6961;898;comment
3462;350;true;6961;899;comment
3463;10;true;6962;918;comment
3464;10;true;6962;919;comment
3465;350;true;6963;898;comment
3466;360;true;6963;899;comment
3467;360;true;6964;898;comment
3468;370;true;6964;899;comment
3469;80;true;6965;900;comment
3470;90;true;6965;901;comment
3471;30;true;6966;904;comment
3472;30;true;6966;905;comment
3473;10;true;6967;920;comment
3474;10;true;6967;921;comment
3475;10;true;6968;922;comment
3476;10;true;6968;923;comment
3477;10;true;6969;924;comment
3478;10;true;6969;925;comment
3479;370;true;6970;898;comment
3480;380;true;6970;899;comment
3481;380;true;6971;898;comment
3482;390;true;6971;899;comment
3483;20;true;6972;902;comment
3484;20;true;6972;903;comment
3485;390;true;6973;898;comment
3486;400;true;6973;899;comment
3487;30;true;6974;918;comment
3488;20;true;6974;919;comment
3489;40;true;6975;906;comment
3490;40;true;6975;907;comment
3491;20;true;6976;924;comment
3492;20;true;6976;925;comment
3493;400;true;6977;898;comment
3494;410;true;6977;899;comment
3495;90;true;6978;900;comment
3496;100;true;6978;901;comment
3497;50;true;6979;906;comment
3498;50;true;6979;907;comment
3499;100;true;6980;900;comment
3500;110;true;6980;901;comment
3501;60;true;6981;906;comment
3502;60;true;6981;907;comment
3503;410;true;6982;898;comment
3504;420;true;6982;899;comment
3505;30;true;6983;924;comment
3506;30;true;6983;925;comment
3507;420;true;6984;898;comment
3508;430;true;6984;899;comment
3509;70;true;6985;906;comment
3510;70;true;6985;907;comment
3511;430;true;6986;898;comment
3512;440;true;6986;899;comment
3513;110;true;6987;900;comment
3514;120;true;6987;901;comment
3515;120;true;6988;900;comment
3516;130;true;6988;901;comment
3517;80;true;6989;906;comment
3518;80;true;6989;907;comment
3519;40;true;6990;918;comment
3520;30;true;6990;919;comment
3521;10;true;6991;926;comment
3522;10;true;6991;927;comment
3523;130;true;6992;900;comment
3524;140;true;6992;901;comment
3525;440;true;6993;898;comment
3526;450;true;6993;899;comment
3527;140;true;6994;900;comment
3528;150;true;6994;901;comment
3529;150;true;6995;900;comment
3530;160;true;6995;901;comment
3531;20;true;6996;914;comment
3532;20;true;6996;915;comment
3533;40;true;6997;924;comment
3534;40;true;6997;925;comment
3535;10;true;6998;928;comment
3536;10;true;6998;929;comment
3537;20;true;6999;926;comment
3538;20;true;6999;927;comment
3539;30;true;7000;926;comment
3540;30;true;7000;927;comment
3541;30;true;7001;911;comment
3542;30;true;7001;912;comment
3543;40;true;7002;911;comment
3544;40;true;7002;912;comment
3545;40;true;7003;904;comment
3546;40;true;7003;905;comment
3547;10;true;7004;930;comment
3548;10;true;7004;931;comment
3549;450;true;7005;898;comment
3550;460;true;7005;899;comment
3551;40;true;7006;911;comment
3552;40;true;7006;912;comment
3553;10;true;7007;932;comment
3554;10;true;7007;933;comment
3555;160;true;7008;900;comment
3556;170;true;7008;901;comment
3557;10;true;7009;934;comment
3558;10;true;7009;935;comment
3559;30;true;7010;913;comment
3560;170;true;7011;900;comment
3561;180;true;7011;901;comment
3562;50;true;7012;918;comment
3563;40;true;7012;919;comment
3564;20;true;7013;930;comment
3565;20;true;7013;931;comment
3566;50;true;7014;911;comment
3567;50;true;7014;912;comment
3568;60;true;7015;911;comment
3569;60;true;7015;912;comment
3570;460;true;7016;898;comment
3571;470;true;7016;899;comment
3572;20;true;7017;932;comment
3573;20;true;7017;933;comment
3574;10;true;7018;936;comment
3575;10;true;7018;937;comment
3576;40;true;7019;926;comment
3577;40;true;7019;927;comment
3578;50;true;7020;904;comment
3579;50;true;7020;905;comment
3580;70;true;7021;911;comment
3581;70;true;7021;912;comment
3582;80;true;7022;911;comment
3583;80;true;7022;912;comment
3584;20;true;7023;934;comment
3585;20;true;7023;935;comment
3586;470;true;7024;898;comment
3587;480;true;7024;899;comment
3588;10;true;7025;938;comment
3589;10;true;7025;939;comment
3590;10;true;7026;940;comment
3591;10;true;7026;941;comment
3592;20;true;7027;938;comment
3593;20;true;7027;939;comment
3594;30;true;7028;938;comment
3595;30;true;7028;939;comment
3596;40;true;7029;938;comment
3597;40;true;7029;939;comment
3598;50;true;7030;938;comment
3599;50;true;7030;939;comment
3600;10;true;7031;942;comment
3601;10;true;7031;943;comment
3602;10;true;7032;944;comment
3603;10;true;7032;945;comment
3604;60;true;7033;938;comment
3605;60;true;7033;939;comment
3606;60;true;7034;938;comment
3607;60;true;7034;939;comment
3608;70;true;7035;938;comment
3609;70;true;7035;939;comment
3610;80;true;7036;938;comment
3611;80;true;7036;939;comment
3612;90;true;7037;938;comment
3613;90;true;7037;939;comment
3614;100;true;7038;938;comment
3615;100;true;7038;939;comment
3616;10;true;7039;946;comment
3617;10;true;7039;947;comment
3618;20;true;7040;944;comment
3619;20;true;7040;945;comment
3620;30;true;7041;944;comment
3621;30;true;7041;945;comment
3622;20;true;7042;940;comment
3623;20;true;7042;941;comment
3624;110;true;7043;938;comment
3625;110;true;7043;939;comment
3626;120;true;7044;938;comment
3627;120;true;7044;939;comment
3628;130;true;7045;938;comment
3629;130;true;7045;939;comment
3630;140;true;7046;938;comment
3631;140;true;7046;939;comment
3632;150;true;7047;938;comment
3633;150;true;7047;939;comment
3634;40;true;7048;944;comment
3635;40;true;7048;945;comment
3636;160;true;7049;938;comment
3637;160;true;7049;939;comment
3638;170;true;7050;938;comment
3639;170;true;7050;939;comment
3640;180;true;7051;938;comment
3641;180;true;7051;939;comment
3642;10;true;7052;950;comment
3643;10;true;7052;951;comment
3644;10;true;7053;952;comment
3645;10;true;7053;953;comment
3646;10;true;7054;948;comment
3647;10;true;7054;949;comment
3648;10;true;7055;954;comment
3649;10;true;7055;955;comment
3650;30;true;7056;940;comment
3651;20;true;7056;941;comment
3652;200;true;7057;938;comment
3653;200;true;7057;939;comment
3654;20;true;7058;948;comment
3655;20;true;7058;949;comment
3656;210;true;7059;938;comment
3657;210;true;7059;939;comment
3658;20;true;7060;946;comment
3659;20;true;7060;947;comment
3660;10;true;7061;956;comment
3661;10;true;7061;957;comment
3662;220;true;7062;938;comment
3663;220;true;7062;939;comment
3664;30;true;7063;948;comment
3665;30;true;7063;949;comment
3666;40;true;7064;948;comment
3667;40;true;7064;949;comment
3668;50;true;7065;948;comment
3669;50;true;7065;949;comment
3670;40;true;7066;940;comment
3671;20;true;7066;941;comment
3672;230;true;7067;938;comment
3673;230;true;7067;939;comment
3674;50;true;7068;940;comment
3675;30;true;7068;941;comment
3676;10;true;7069;958;comment
3677;10;true;7069;959;comment
3678;50;true;7070;944;comment
3679;50;true;7070;945;comment
3680;50;true;7070;946;comment
3681;10;true;7071;960;comment
3682;10;true;7071;961;comment
3683;10;true;7072;962;comment
3684;10;true;7072;963;comment
3685;240;true;7073;938;comment
3686;240;true;7073;939;comment
3687;60;true;7074;940;comment
3688;40;true;7074;941;comment
3689;20;true;7075;952;comment
3690;20;true;7075;953;comment
3691;70;true;7076;940;comment
3692;50;true;7076;941;comment
3693;250;true;7077;939;comment
3694;250;true;7077;938;comment
3695;260;true;7078;938;comment
3696;260;true;7078;939;comment
3697;70;true;7079;940;comment
3698;50;true;7079;941;comment
3699;80;true;7080;940;comment
3700;60;true;7080;941;comment
3701;270;true;7081;938;comment
3702;270;true;7081;939;comment
3703;50;true;7082;948;comment
3704;60;true;7082;949;comment
3705;60;true;7083;948;comment
3706;70;true;7083;949;comment
3707;70;true;7084;948;comment
3708;80;true;7084;949;comment
3709;280;true;7085;938;comment
3710;280;true;7085;939;comment
3711;80;true;7086;948;comment
3712;90;true;7086;949;comment
3713;80;true;7087;940;comment
3714;70;true;7087;941;comment
3715;90;true;7088;940;comment
3716;80;true;7088;941;comment
3717;290;true;7089;938;comment
3718;290;true;7089;939;comment
3719;100;true;7090;940;comment
3720;90;true;7090;941;comment
3721;60;true;7091;944;comment
3722;60;true;7091;945;comment
3723;20;true;7092;954;comment
3724;20;true;7092;955;comment
3725;110;true;7093;940;comment
3726;100;true;7093;941;comment
3727;120;true;7094;940;comment
3728;110;true;7094;941;comment
3729;130;true;7095;940;comment
3730;120;true;7095;941;comment
3731;10;true;7096;958;comment
3732;10;true;7096;959;comment
3733;20;true;7097;959;comment
3734;20;true;7097;958;comment
3735;30;true;7098;958;comment
3736;30;true;7098;959;comment
3737;140;true;7099;940;comment
3738;130;true;7099;941;comment
3739;300;true;7100;938;comment
3740;300;true;7100;939;comment
3741;40;true;7101;958;comment
3742;40;true;7101;959;comment
3743;10;true;7102;966;comment
3744;10;true;7102;967;comment
3745;10;true;7103;968;comment
3746;10;true;7103;969;comment
3747;10;true;7104;970;comment
3748;10;true;7104;971;comment
3749;20;true;7105;970;comment
3750;20;true;7105;971;comment
3751;10;true;7106;972;comment
3752;30;true;7107;970;comment
3753;30;true;7107;971;comment
3754;40;true;7108;970;comment
3755;40;true;7108;971;comment
3756;50;true;7109;970;comment
3757;50;true;7109;971;comment
3758;60;true;7110;971;comment
3759;20;true;7110;972;comment
3760;60;true;7111;970;comment
3761;60;true;7111;971;comment
3762;10;true;7112;973;comment
3763;10;true;7112;974;comment
3764;70;true;7113;970;comment
3765;70;true;7113;971;comment
3766;80;true;7114;970;comment
3767;80;true;7114;971;comment
3768;90;true;7115;970;comment
3769;90;true;7115;971;comment
3770;100;true;7116;970;comment
3771;100;true;7116;971;comment
3772;110;true;7117;970;comment
3773;110;true;7117;971;comment
3774;50;true;7118;975;comment
3775;10;true;7118;976;comment
3776;120;true;7119;970;comment
3777;120;true;7119;971;comment
3778;130;true;7120;970;comment
3779;130;true;7120;971;comment
3780;140;true;7121;970;comment
3781;140;true;7121;971;comment
3782;150;true;7122;970;comment
3783;150;true;7122;971;comment
3784;160;true;7123;970;comment
3785;160;true;7123;971;comment
3786;10;true;7124;977;comment
3787;10;true;7125;978;comment
3788;10;true;7125;979;comment
3789;10;true;7126;980;comment
3790;10;true;7126;981;comment
3791;10;true;7127;982;comment
3792;10;true;7127;983;comment
3793;60;true;7128;975;comment
3794;20;true;7128;976;comment
3795;10;true;7129;984;comment
3796;10;true;7129;985;comment
3797;170;true;7130;970;comment
3798;170;true;7130;971;comment
3799;20;true;7131;978;comment
3800;20;true;7131;979;comment
3801;70;true;7132;975;comment
3802;30;true;7132;976;comment
3803;10;true;7133;986;comment
3804;10;true;7133;987;comment
3805;180;true;7134;970;comment
3806;180;true;7134;971;comment
3807;190;true;7135;970;comment
3808;190;true;7135;971;comment
3809;200;true;7136;970;comment
3810;200;true;7136;971;comment
3811;10;true;7137;988;comment
3812;10;true;7137;989;comment
3813;20;true;7138;973;comment
3814;20;true;7138;974;comment
3815;210;true;7139;970;comment
3816;210;true;7139;971;comment
3817;50;true;7140;977;comment
3818;50;true;7141;970;comment
3819;50;true;7141;971;comment
3820;50;true;7142;990;comment
3821;50;true;7142;991;comment
3822;50;true;7143;970;comment
3823;50;true;7143;971;comment
3824;50;true;7144;970;comment
3825;50;true;7144;971;comment
3826;50;true;7145;992;comment
3827;50;true;7145;993;comment
3828;50;true;7146;970;comment
3829;50;true;7146;971;comment
3830;50;true;7147;970;comment
3831;50;true;7147;971;comment
3832;50;true;7148;973;comment
3833;50;true;7148;974;comment
3834;50;true;7149;975;comment
3835;50;true;7149;976;comment
3836;50;true;7150;973;comment
3837;50;true;7150;974;comment
3838;50;true;7151;990;comment
3839;50;true;7151;991;comment
3840;50;true;7152;970;comment
3841;50;true;7152;994;comment
3842;50;true;7153;995;comment
3843;50;true;7154;996;comment
3844;50;true;7154;997;comment
3845;50;true;7155;970;comment
3846;50;true;7155;971;comment
3847;50;true;7156;970;comment
3848;50;true;7156;971;comment
3849;50;true;7157;975;comment
3850;50;true;7157;976;comment
3851;50;true;7158;975;comment
3852;50;true;7158;976;comment
3853;50;true;7159;970;comment
3854;50;true;7159;971;comment
3855;50;true;7160;970;comment
3856;50;true;7160;971;comment
3857;50;true;7161;975;comment
3858;50;true;7161;976;comment
3859;50;true;7162;970;comment
3860;50;true;7162;971;comment
3861;50;true;7163;998;comment
3862;50;true;7163;999;comment
3863;50;true;7164;970;comment
3864;50;true;7164;971;comment
3865;50;true;7165;977;comment
3866;50;true;7166;994;comment
3867;50;true;7166;995;comment
3868;50;true;7167;973;comment
3869;50;true;7167;974;comment
3870;50;true;7168;990;comment
3871;50;true;7168;991;comment
3872;10;true;7169;1000;comment
3873;10;true;7169;1001;comment
3874;10;true;7170;1002;comment
3875;10;true;7170;1003;comment
3876;20;true;7171;1000;comment
3877;20;true;7171;1001;comment
3878;30;true;7172;1000;comment
3879;30;true;7172;1001;comment
3880;40;true;7173;1000;comment
3881;40;true;7173;1001;comment
3882;50;true;7174;1000;comment
3883;50;true;7174;1001;comment
3884;10;true;7175;1004;comment
3885;10;true;7175;1005;comment
3886;60;true;7176;1000;comment
3887;60;true;7176;1001;comment
3888;70;true;7177;1000;comment
3889;70;true;7177;1001;comment
3890;10;true;7178;1006;comment
3891;10;true;7178;1007;comment
3892;80;true;7179;1000;comment
3893;80;true;7179;1001;comment
3894;90;true;7180;1000;comment
3895;90;true;7180;1001;comment
3896;100;true;7181;1000;comment
3897;100;true;7181;1001;comment
3898;110;true;7182;1000;comment
3899;110;true;7182;1001;comment
3900;120;true;7183;1000;comment
3901;120;true;7183;1001;comment
3902;10;true;7184;1008;comment
3903;10;true;7184;1009;comment
3904;130;true;7185;1000;comment
3905;130;true;7185;1001;comment
3906;20;true;7186;1006;comment
3907;20;true;7186;1007;comment
3908;10;true;7187;1010;comment
3909;10;true;7187;1011;comment
3910;140;true;7188;1000;comment
3911;140;true;7188;1001;comment
3912;20;true;7189;1008;comment
3913;20;true;7189;1009;comment
3914;10;true;7190;1012;comment
3915;10;true;7190;1013;comment
3916;150;true;7191;1000;comment
3917;150;true;7191;1001;comment
3918;30;true;7192;1006;comment
3919;30;true;7192;1007;comment
3920;20;true;7193;1002;comment
3921;20;true;7193;1003;comment
3922;30;true;7194;1008;comment
3923;30;true;7194;1009;comment
3924;40;true;7195;1008;comment
3925;40;true;7195;1009;comment
3926;10;true;7196;1014;comment
3927;10;true;7196;1015;comment
3928;10;true;7197;1016;comment
3929;10;true;7197;1017;comment
3930;50;true;7198;1008;comment
3931;50;true;7198;1009;comment
3932;160;true;7199;1000;comment
3933;160;true;7199;1001;comment
3934;10;true;7200;1018;comment
3935;10;true;7200;1019;comment
3936;20;true;7201;1018;comment
3937;20;true;7201;1019;comment
3938;30;true;7202;1018;comment
3939;30;true;7202;1019;comment
3940;40;true;7203;1018;comment
3941;40;true;7203;1019;comment
3942;50;true;7204;1018;comment
3943;50;true;7204;1019;comment
3944;10;true;7205;1020;comment
3945;10;true;7205;1021;comment
3946;10;true;7206;1022;comment
3947;10;true;7206;1023;comment
3948;10;true;7207;1024;comment
3949;10;true;7207;1025;comment
3950;60;true;7208;1018;comment
3951;60;true;7208;1019;comment
3952;70;true;7209;1018;comment
3953;70;true;7209;1019;comment
3954;10;true;7210;1026;comment
3955;10;true;7211;1027;comment
3956;10;true;7212;1028;comment
3957;10;true;7212;1029;comment
3958;10;true;7213;1030;comment
3959;10;true;7213;1031;comment
3960;10;true;7214;1032;comment
3961;10;true;7214;1033;comment
3962;170;true;7215;1000;comment
3963;170;true;7215;1001;comment
3964;20;true;7216;1028;comment
3965;20;true;7216;1029;comment
3966;80;true;7217;1018;comment
3967;80;true;7217;1019;comment
3968;90;true;7218;1018;comment
3969;90;true;7218;1019;comment
3970;20;true;7219;1024;comment
3971;20;true;7219;1025;comment
3972;20;true;7220;1030;comment
3973;20;true;7220;1031;comment
3974;100;true;7221;1018;comment
3975;100;true;7221;1019;comment
3976;100;true;7222;1018;comment
3977;110;true;7222;1019;comment
3978;10;true;7223;1034;comment
3979;10;true;7223;1035;comment
3980;110;true;7224;1018;comment
3981;110;true;7224;1019;comment
3982;120;true;7225;1018;comment
3983;120;true;7225;1019;comment
3984;130;true;7226;1018;comment
3985;130;true;7226;1019;comment
3986;140;true;7227;1018;comment
3987;140;true;7227;1019;comment
3988;30;true;7228;1030;comment
3989;30;true;7228;1031;comment
3990;150;true;7229;1018;comment
3991;150;true;7229;1019;comment
3992;160;true;7230;1018;comment
3993;160;true;7230;1019;comment
3994;30;true;7231;1024;comment
3995;30;true;7231;1025;comment
3996;170;true;7232;1018;comment
3997;170;true;7232;1019;comment
3998;20;true;7233;1020;comment
3999;20;true;7233;1021;comment
4000;180;true;7234;1018;comment
4001;180;true;7234;1019;comment
4002;10;true;7235;1036;comment
4003;10;true;7235;1037;comment
4004;30;true;7236;1020;comment
4005;30;true;7236;1021;comment
4006;190;true;7237;1018;comment
4007;190;true;7237;1019;comment
4008;200;true;7238;1018;comment
4009;200;true;7238;1019;comment
4010;40;true;7239;1030;comment
4011;40;true;7239;1031;comment
4012;30;true;7240;1028;comment
4013;30;true;7240;1029;comment
4014;50;true;7241;1030;comment
4015;50;true;7241;1031;comment
4016;40;true;7242;1024;comment
4017;40;true;7242;1025;comment
4018;20;true;7243;1026;comment
4019;20;true;7244;1014;comment
4020;20;true;7244;1015;comment
4021;20;true;7245;1036;comment
4022;20;true;7245;1037;comment
4023;40;true;7246;1028;comment
4024;40;true;7246;1029;comment
4025;10;true;7247;1038;comment
4026;10;true;7247;1039;comment
4027;10;true;7248;1040;comment
4028;10;true;7248;1041;comment
4029;20;true;7249;1040;comment
4030;20;true;7249;1041;comment
4031;30;true;7250;1040;comment
4032;30;true;7250;1041;comment
4033;40;true;7251;1040;comment
4034;40;true;7251;1041;comment
4035;50;true;7252;1040;comment
4036;50;true;7252;1041;comment
4037;60;true;7253;1040;comment
4038;60;true;7253;1041;comment
4039;70;true;7254;1040;comment
4040;70;true;7254;1041;comment
4041;80;true;7255;1040;comment
4042;80;true;7255;1041;comment
4043;90;true;7256;1040;comment
4044;90;true;7256;1041;comment
4045;100;true;7257;1040;comment
4046;100;true;7257;1041;comment
4047;110;true;7258;1040;comment
4048;110;true;7258;1041;comment
4049;120;true;7259;1040;comment
4050;120;true;7259;1041;comment
4051;130;true;7260;1040;comment
4052;130;true;7260;1041;comment
4053;10;true;7261;1042;comment
4054;10;true;7261;1043;comment
4055;140;true;7262;1040;comment
4056;140;true;7262;1041;comment
4057;10;true;7263;1044;comment
4058;10;true;7263;1045;comment
4059;10;true;7264;1046;comment
4060;10;true;7264;1047;comment
4061;10;true;7265;1048;comment
4062;10;true;7265;1049;comment
4063;150;true;7266;1040;comment
4064;150;true;7266;1041;comment
4065;20;true;7267;1046;comment
4066;20;true;7267;1047;comment
4067;160;true;7268;1040;comment
4068;160;true;7268;1041;comment
4069;10;true;7269;1050;comment
4070;10;true;7269;1051;comment
4071;10;true;7270;1052;comment
4072;10;true;7270;1053;comment
4073;10;true;7271;1054;comment
4074;10;true;7271;1055;comment
4075;170;true;7272;1040;comment
4076;170;true;7272;1041;comment
4077;180;true;7273;1040;comment
4078;180;true;7273;1041;comment
4079;10;true;7274;1056;comment
4080;10;true;7274;1057;comment
4081;190;true;7275;1040;comment
4082;190;true;7275;1041;comment
4083;200;true;7276;1040;comment
4084;200;true;7276;1041;comment
4085;10;true;7277;1058;comment
4086;10;true;7277;1059;comment
4087;20;true;7278;1056;comment
4088;20;true;7278;1057;comment
4089;210;true;7279;1040;comment
4090;210;true;7279;1041;comment
4091;220;true;7280;1040;comment
4092;220;true;7280;1041;comment
4093;230;true;7281;1040;comment
4094;230;true;7281;1041;comment
4095;240;true;7282;1040;comment
4096;240;true;7282;1041;comment
4097;30;true;7283;1046;comment
4098;30;true;7283;1047;comment
4099;250;true;7284;1040;comment
4100;250;true;7284;1041;comment
4101;10;true;7285;1060;comment
4102;10;true;7285;1061;comment
4103;20;true;7286;1054;comment
4104;20;true;7286;1055;comment
4105;260;true;7287;1040;comment
4106;260;true;7287;1041;comment
4107;30;true;7288;1054;comment
4108;30;true;7288;1055;comment
4109;270;true;7289;1040;comment
4110;270;true;7289;1041;comment
4111;280;true;7290;1040;comment
4112;280;true;7290;1041;comment
4113;290;true;7291;1040;comment
4114;290;true;7291;1041;comment
4115;300;true;7292;1040;comment
4116;300;true;7292;1041;comment
4117;20;true;7293;1050;comment
4118;20;true;7293;1051;comment
4119;10;true;7294;1062;comment
4120;10;true;7294;1063;comment
4121;40;true;7295;1046;comment
4122;40;true;7295;1047;comment
4123;30;true;7296;1050;comment
4124;30;true;7296;1051;comment
4125;20;true;7297;1044;comment
4126;20;true;7297;1045;comment
4127;30;true;7298;1054;comment
4128;30;true;7298;1055;comment
4129;30;true;7299;1050;comment
4130;30;true;7299;1051;comment
4131;310;true;7300;1040;comment
4132;310;true;7300;1041;comment
4133;320;true;7301;1040;comment
4134;320;true;7301;1041;comment
4135;330;true;7302;1040;comment
4136;330;true;7302;1041;comment
4137;40;true;7303;1054;comment
4138;40;true;7303;1055;comment
4139;10;true;7304;1064;comment
4140;10;true;7304;1065;comment
4141;340;true;7305;1040;comment
4142;340;true;7305;1041;comment
4143;10;true;7306;1066;comment
4144;10;true;7306;1067;comment
4145;50;true;7307;1054;comment
4146;50;true;7307;1055;comment
4147;20;true;7308;1058;comment
4148;20;true;7308;1059;comment
4149;20;true;7309;1064;comment
4150;20;true;7309;1065;comment
4151;20;true;7310;1067;comment
4152;20;true;7310;1068;comment
4153;40;true;7311;1050;comment
4154;40;true;7311;1051;comment
4155;350;true;7312;1040;comment
4156;350;true;7312;1041;comment
4157;60;true;7313;1054;comment
4158;60;true;7313;1055;comment
4159;10;true;7314;1069;comment
4160;10;true;7314;1070;comment
4161;70;true;7315;1054;comment
4162;70;true;7315;1055;comment
4163;30;true;7316;1058;comment
4164;30;true;7316;1059;comment
4165;20;true;7317;1069;comment
4166;20;true;7317;1070;comment
4167;30;true;7318;1064;comment
4168;30;true;7318;1065;comment
4169;50;true;7319;1046;comment
4170;50;true;7319;1047;comment
4171;40;true;7320;1064;comment
4172;40;true;7320;1065;comment
4173;50;true;7321;1064;comment
4174;50;true;7321;1065;comment
4175;360;true;7322;1040;comment
4176;360;true;7322;1041;comment
4177;370;true;7323;1040;comment
4178;370;true;7323;1041;comment
4179;10;true;7324;1071;comment
4180;10;true;7324;1072;comment
4181;20;true;7325;1071;comment
4182;20;true;7325;1072;comment
4183;30;true;7326;1071;comment
4184;30;true;7326;1072;comment
4185;40;true;7327;1071;comment
4186;40;true;7327;1072;comment
4187;50;true;7328;1071;comment
4188;50;true;7328;1072;comment
4189;10;true;7329;1073;comment
4190;10;true;7329;1074;comment
4191;10;true;7330;1075;comment
4192;10;true;7330;1076;comment
4193;60;true;7331;1071;comment
4194;60;true;7331;1072;comment
4195;70;true;7332;1071;comment
4196;70;true;7332;1072;comment
4197;80;true;7333;1071;comment
4198;80;true;7333;1072;comment
4199;10;true;7334;1077;comment
4200;10;true;7334;1078;comment
4201;90;true;7335;1071;comment
4202;90;true;7335;1072;comment
4203;100;true;7336;1071;comment
4204;100;true;7336;1072;comment
4205;110;true;7337;1071;comment
4206;110;true;7337;1072;comment
4207;10;true;7338;1079;comment
4208;10;true;7338;1080;comment
4209;120;true;7339;1071;comment
4210;120;true;7339;1072;comment
4211;130;true;7340;1071;comment
4212;130;true;7340;1072;comment
4213;10;true;7341;1081;comment
4214;140;true;7342;1071;comment
4215;140;true;7342;1072;comment
4216;150;true;7343;1071;comment
4217;150;true;7343;1072;comment
4218;160;true;7344;1071;comment
4219;160;true;7344;1072;comment
4220;20;true;7345;1079;comment
4221;20;true;7345;1080;comment
4222;20;true;7346;1077;comment
4223;20;true;7346;1078;comment
4224;170;true;7347;1071;comment
4225;170;true;7347;1072;comment
4226;180;true;7348;1071;comment
4227;180;true;7348;1072;comment
4228;190;true;7349;1071;comment
4229;190;true;7349;1072;comment
4230;10;true;7350;1082;comment
4231;10;true;7350;1083;comment
4232;200;true;7351;1071;comment
4233;200;true;7351;1072;comment
4234;10;true;7352;1084;comment
4235;10;true;7352;1085;comment
4236;210;true;7353;1071;comment
4237;210;true;7353;1072;comment
4238;10;true;7354;1086;comment
4239;10;true;7354;1087;comment
4240;10;true;7355;1088;comment
4241;220;true;7356;1071;comment
4242;220;true;7356;1072;comment
4243;230;true;7357;1071;comment
4244;230;true;7357;1072;comment
4245;240;true;7358;1071;comment
4246;240;true;7358;1072;comment
4247;30;true;7359;1077;comment
4248;30;true;7359;1078;comment
4249;250;true;7360;1071;comment
4250;250;true;7360;1072;comment
4251;260;true;7361;1071;comment
4252;260;true;7361;1072;comment
4253;270;true;7362;1071;comment
4254;270;true;7362;1072;comment
4255;10;true;7363;1089;comment
4256;10;true;7363;1090;comment
4257;20;true;7364;1086;comment
4258;20;true;7364;1087;comment
4259;280;true;7365;1071;comment
4260;280;true;7365;1072;comment
4261;20;true;7366;1089;comment
4262;20;true;7366;1090;comment
4263;290;true;7367;1071;comment
4264;290;true;7367;1072;comment
4265;10;true;7368;1091;comment
4266;10;true;7368;1092;comment
4267;10;true;7369;1093;comment
4268;10;true;7369;1094;comment
4269;40;true;7370;1077;comment
4270;40;true;7370;1078;comment
4271;300;true;7371;1071;comment
4272;300;true;7371;1072;comment
4273;20;true;7372;1073;comment
4274;20;true;7372;1074;comment
4275;50;true;7373;1077;comment
4276;50;true;7373;1078;comment
4277;310;true;7374;1071;comment
4278;310;true;7374;1072;comment
4279;30;true;7375;1075;comment
4280;20;true;7375;1076;comment
4281;320;true;7376;1071;comment
4282;320;true;7376;1072;comment
4283;30;true;7377;1073;comment
4284;30;true;7377;1074;comment
4285;30;true;7378;1077;comment
4286;30;true;7378;1078;comment
4287;30;true;7379;1079;comment
4288;30;true;7379;1080;comment
4289;330;true;7380;1071;comment
4290;330;true;7380;1072;comment
4291;340;true;7381;1071;comment
4292;340;true;7381;1072;comment
4293;350;true;7382;1071;comment
4294;350;true;7382;1072;comment
4295;10;true;7383;1095;comment
4296;10;true;7383;1096;comment
4297;10;true;7384;1097;comment
4298;40;true;7385;1077;comment
4299;40;true;7385;1078;comment
4300;10;true;7386;1098;comment
4301;10;true;7386;1099;comment
4302;10;true;7387;1091;comment
4303;10;true;7387;1092;comment
4304;40;true;7388;1075;comment
4305;40;true;7388;1076;comment
4306;20;true;7389;1095;comment
4307;20;true;7389;1096;comment
4308;50;true;7390;1077;comment
4309;50;true;7390;1078;comment
4310;20;true;7391;1091;comment
4311;20;true;7391;1092;comment
4312;50;true;7392;1075;comment
4313;50;true;7392;1076;comment
4314;360;true;7393;1071;comment
4315;360;true;7393;1072;comment
4316;370;true;7394;1071;comment
4317;370;true;7394;1072;comment
4318;30;true;7395;1089;comment
4319;30;true;7395;1090;comment
4320;20;true;7396;1098;comment
4321;20;true;7396;1099;comment
4322;380;true;7397;1071;comment
4323;380;true;7397;1072;comment
4324;60;true;7398;1075;comment
4325;60;true;7398;1076;comment
4326;40;true;7399;1079;comment
4327;40;true;7399;1080;comment
4328;390;true;7400;1071;comment
4329;390;true;7400;1072;comment
4330;60;true;7401;1077;comment
433160;true;7401;1078;comment
4332;400;true;7402;1071;comment
4333;400;true;7402;1072;comment
4334;10;true;7403;1100;comment
4335;10;true;7403;1101;comment
4336;60;true;7404;1077;comment
4337;60;true;7404;1078;comment
4338;410;true;7405;1071;comment
4339;410;true;7405;1072;comment
4340;420;true;7406;1071;comment
4341;420;true;7406;1072;comment
4342;70;true;7407;1077;comment
4343;70;true;7407;1078;comment
4344;40;true;7408;1071;comment
4345;430;true;7408;1072;comment
4346;440;true;7409;1071;comment
4347;440;true;7409;1072;comment
4348;80;true;7410;1077;comment
4349;80;true;7410;1078;comment
4350;20;true;7411;1084;comment
4351;20;true;7411;1085;comment
4352;10;true;7412;1102;comment
4353;10;true;7412;1103;comment
4354;90;true;7413;1077;comment
4355;90;true;7413;1078;comment
4356;100;true;7414;1077;comment
4357;100;true;7414;1078;comment
4358;40;true;7415;1079;comment
4359;40;true;7415;1080;comment
4360;450;true;7416;1071;comment
4361;450;true;7416;1072;comment
4362;460;true;7417;1071;comment
4363;460;true;7417;1072;comment
4364;470;true;7418;1071;comment
4365;470;true;7418;1072;comment
4366;30;true;7419;1086;comment
4367;30;true;7419;1087;comment
4368;40;true;7420;1073;comment
4369;40;true;7420;1074;comment
4370;40;true;7421;1089;comment
4371;40;true;7421;1090;comment
4372;480;true;7422;1071;comment
4373;480;true;7422;1072;comment
4374;10;true;7423;1104;comment
4375;10;true;7423;1105;comment
4376;110;true;7424;1077;comment
4377;110;true;7424;1078;comment
4378;490;true;7425;1071;comment
4379;490;true;7425;1072;comment
4380;500;true;7426;1071;comment
4381;500;true;7426;1072;comment
4382;10;true;7427;1106;comment
4383;40;true;7428;1086;comment
4384;40;true;7428;1087;comment
4385;30;true;7429;1091;comment
4386;30;true;7429;1092;comment
4387;30;true;7430;1098;comment
4388;30;true;7430;1099;comment
4389;510;true;7431;1072;comment
4390;510;true;7432;1071;comment
4391;520;true;7432;1072;comment
4392;50;true;7433;1086;comment
4393;50;true;7433;1087;comment
4394;50;true;7434;1089;comment
4395;50;true;7434;1090;comment
4396;50;true;7435;1079;comment
4397;50;true;7435;1080;comment
4398;30;true;7436;1088;comment
4399;60;true;7437;1079;comment
4400;60;true;7437;1080;comment
4401;30;true;7438;1084;comment
4402;30;true;7438;1085;comment
4403;70;true;7439;1075;comment
4404;70;true;7439;1076;comment
4405;50;true;7440;1071;comment
4406;530;true;7440;1072;comment
4407;70;true;7441;1079;comment
4408;60;true;7441;1080;comment
4409;10;true;7442;1107;comment
4410;10;true;7442;1108;comment
4411;540;true;7443;1071;comment
4412;540;true;7443;1072;comment
4413;80;true;7444;1079;comment
4414;80;true;7444;1080;comment
4415;120;true;7445;1078;comment
4416;10;true;7446;1109;comment
4417;40;true;7447;1091;comment
4418;40;true;7447;1092;comment
4419;90;true;7448;1079;comment
4420;90;true;7448;1080;comment
4421;130;true;7449;1078;comment
4422;130;true;7450;1077;comment
4423;140;true;7450;1078;comment
4424;50;true;7451;1091;comment
4425;50;true;7451;1092;comment
4426;60;true;7452;1086;comment
4427;60;true;7452;1087;comment
4428;550;true;7453;1071;comment
4429;550;true;7453;1072;comment
4430;100;true;7454;1079;comment
4431;100;true;7454;1080;comment
4432;110;true;7455;1079;comment
4433;110;true;7455;1080;comment
4434;40;true;7456;1098;comment
4435;40;true;7456;1099;comment
4436;560;true;7457;1071;comment
4437;560;true;7457;1072;comment
4438;570;true;7458;1072;comment
4439;140;true;7459;1077;comment
4440;140;true;7459;1078;comment
4441;60;true;7460;1091;comment
4442;60;true;7460;1092;comment
4443;20;true;7461;1102;comment
4444;20;true;7461;1103;comment
4445;580;true;7462;1071;comment
4446;580;true;7462;1072;comment
4447;50;true;7463;1098;comment
4448;50;true;7463;1099;comment
4449;20;true;7464;1104;comment
4450;20;true;7464;1105;comment
4451;590;true;7465;1071;comment
4452;590;true;7465;1072;comment
4453;120;true;7466;1079;comment
4454;120;true;7466;1080;comment
4455;20;true;7467;1107;comment
4456;20;true;7467;1108;comment
4457;20;true;7468;1109;comment
4458;10;true;7469;1110;comment
4459;70;true;7470;1086;comment
4460;70;true;7470;1087;comment
4461;20;true;7471;1100;comment
4462;20;true;7471;1101;comment
4463;50;true;7472;1073;comment
4464;50;true;7472;1074;comment
4465;150;true;7473;1078;comment
4466;150;true;7474;1079;comment
4467;130;true;7474;1080;comment
4468;600;true;7475;1071;comment
4469;600;true;7475;1072;comment
4470;30;true;7476;1095;comment
4471;30;true;7476;1096;comment
4472;150;true;7477;1077;comment
4473;150;true;7477;1078;comment
4474;40;true;7478;1095;comment
4475;40;true;7478;1096;comment
4476;10;true;7479;1111;comment
4477;10;true;7479;1112;comment
4478;30;true;7480;1104;comment
4479;30;true;7480;1105;comment
4480;30;true;7481;1102;comment
4481;30;true;7481;1103;comment
4482;30;true;7482;1107;comment
4483;30;true;7482;1108;comment
4484;50;true;7483;1095;comment
4485;50;true;7483;1096;comment
4486;160;true;7484;1077;comment
4487;160;true;7484;1078;comment
4488;170;true;7485;1077;comment
4489;170;true;7485;1078;comment
4490;70;true;7486;1091;comment
4491;70;true;7486;1092;comment
4492;80;true;7487;1086;comment
4493;80;true;7487;1087;comment
4494;610;true;7488;1071;comment
4495;610;true;7488;1072;comment
4496;180;true;7489;1077;comment
4497;180;true;7489;1078;comment
4498;620;true;7490;1071;comment
4499;620;true;7490;1072;comment
4500;630;true;7491;1071;comment
4501;630;true;7491;1072;comment
4502;10;true;7492;1113;comment
4503;10;true;7492;1114;comment
4504;190;true;7493;1077;comment
4505;190;true;7493;1078;comment
4506;200;true;7494;1077;comment
4507;200;true;7494;1078;comment
4508;40;true;7495;1107;comment
4509;40;true;7495;1108;comment
4510;60;true;7496;1073;comment
4511;60;true;7496;1074;comment
4512;20;true;7497;1113;comment
4513;20;true;7497;1114;comment
4514;20;true;7498;1082;comment
4515;20;true;7498;1083;comment
4516;210;true;7499;1077;comment
4517;210;true;7499;1078;comment
4518;220;true;7500;1077;comment
4519;220;true;7500;1078;comment
4520;10;true;7501;1115;comment
4521;10;true;7501;1116;comment
4522;640;true;7502;1071;comment
4523;640;true;7502;1072;comment
4524;80;true;7503;1091;comment
4525;80;true;7503;1092;comment
4526;90;true;7504;1092;comment
4527;90;true;7505;1086;comment
4528;90;true;7505;1087;comment
4529;100;true;7506;1086;comment
4530;100;true;7506;1087;comment
4531;90;true;7507;1091;comment
4532;90;true;7507;1092;comment
4533;230;true;7508;1077;comment
4534;230;true;7508;1078;comment
4535;20;true;7509;1119;comment
4536;650;true;7510;1071;comment
4537;650;true;7510;1072;comment
4538;160;true;7511;1079;comment
4539;160;true;7511;1080;comment
4540;60;true;7512;1098;comment
4541;60;true;7512;1099;comment
4542;240;true;7513;1077;comment
4543;240;true;7513;1078;comment
4544;660;true;7514;1071;comment
4545;660;true;7514;1072;comment
4546;10;true;7515;1120;comment
4547;30;true;7516;1082;comment
4548;30;true;7516;1083;comment
4549;250;true;7517;1077;comment
4550;250;true;7517;1078;comment
4551;10;true;7518;1121;comment
4552;20;true;7519;1115;comment
4553;20;true;7519;1116;comment
4554;260;true;7520;1077;comment
4555;260;true;7520;1078;comment
4556;170;true;7521;1079;comment
4557;170;true;7521;1080;comment
4558;70;true;7522;1098;comment
4559;70;true;7522;1099;comment
4560;20;true;7523;1093;comment
4561;20;true;7523;1094;comment
4562;270;true;7524;1077;comment
4563;270;true;7524;1078;comment
4564;30;true;7525;1115;comment
4565;30;true;7525;1116;comment
4566;670;true;7526;1071;comment
4567;670;true;7526;1072;comment
4568;40;true;7527;1082;comment
4569;40;true;7527;1083;comment
4570;50;true;7528;1107;comment
4571;50;true;7528;1108;comment
4572;110;true;7529;1086;comment
4573;110;true;7529;1087;comment
4574;40;true;7530;1084;comment
4575;40;true;7530;1085;comment
4576;10;true;7531;1122;comment
4577;10;true;7531;1123;comment
4578;60;true;7532;1107;comment
4579;60;true;7532;1108;comment
4580;40;true;7533;1104;comment
4581;40;true;7533;1105;comment
4582;10;true;7534;1124;comment
4583;10;true;7534;1125;comment
4584;30;true;7535;1113;comment
4585;30;true;7535;1114;comment
4586;70;true;7536;1107;comment
4587;70;true;7536;1108;comment
4588;50;true;7537;1082;comment
4589;50;true;7537;1083;comment
4590;80;true;7538;1098;comment
4591;80;true;7538;1099;comment
4592;90;true;7539;1098;comment
4593;90;true;7539;1099;comment
4594;180;true;7540;1079;comment
4595;180;true;7540;1080;comment
4596;190;true;7541;1079;comment
4597;200;true;7541;1080;comment
4598;100;true;7542;1098;comment
4599;100;true;7542;1099;comment
4600;60;true;7543;1082;comment
4601;60;true;7543;1083;comment
4602;100;true;7544;1091;comment
4603;100;true;7544;1092;comment
4604;70;true;7545;1073;comment
4605;70;true;7545;1074;comment
4606;280;true;7546;1077;comment
4607;280;true;7546;1078;comment
4608;40;true;7547;1113;comment
4609;40;true;7547;1114;comment
4610;50;true;7548;1113;comment
4611;50;true;7548;1114;comment
4612;290;true;7549;1077;comment
4613;290;true;7549;1078;comment
4614;680;true;7550;1071;comment
4615;680;true;7550;1072;comment
4616;120;true;7551;1086;comment
4617;120;true;7551;1087;comment
4618;80;true;7552;1107;comment
4619;80;true;7552;1108;comment
4620;60;true;7553;1113;comment
4621;60;true;7553;1114;comment
4622;110;true;7554;1091;comment
4623;110;true;7554;1092;comment
4624;120;true;7555;1091;comment
4625;120;true;7555;1092;comment
4626;690;true;7556;1071;comment
4627;690;true;7556;1072;comment
4628;300;true;7557;1077;comment
4629;300;true;7557;1078;comment
4630;70;true;7558;1113;comment
4631;70;true;7558;1114;comment
4632;90;true;7559;1107;comment
4633;90;true;7559;1108;comment
4634;50;true;7560;1084;comment
4635;50;true;7560;1085;comment
4636;310;true;7561;1077;comment
4637;310;true;7561;1078;comment
4638;110;true;7562;1098;comment
4639;110;true;7562;1099;comment
4640;80;true;7563;1073;comment
4641;80;true;7563;1074;comment
4642;320;true;7564;1077;comment
4643;320;true;7564;1078;comment
4644;330;true;7565;1077;comment
4645;330;true;7565;1078;comment
4646;70;true;7566;1082;comment
4647;70;true;7566;1083;comment
4648;80;true;7567;1113;comment
4649;80;true;7567;1114;comment
4650;130;true;7568;1086;comment
4651;130;true;7568;1087;comment
4652;90;true;7569;1073;comment
4653;90;true;7569;1074;comment
4654;90;true;7570;1113;comment
4655;90;true;7570;1114;comment
4656;80;true;7571;1082;comment
4657;80;true;7571;1083;comment
4658;10;true;7572;1126;comment
4659;10;true;7572;1127;comment
4660;140;true;7573;1086;comment
4661;140;true;7573;1087;comment
4662;10;true;7574;1130;comment
4663;10;true;7574;1131;comment
4664;100;true;7575;1113;comment
4665;100;true;7575;1114;comment
4666;20;true;7576;1111;comment
4667;20;true;7576;1112;comment
4668;90;true;7577;1082;comment
4669;90;true;7577;1083;comment
4670;130;true;7578;1091;comment
4671;130;true;7578;1092;comment
4672;700;true;7579;1071;comment
4673;700;true;7579;1072;comment
4674;200;true;7580;1079;comment
4675;200;true;7580;1080;comment
4676;80;true;7581;1075;comment
4677;80;true;7581;1076;comment
4678;140;true;7582;1091;comment
4679;140;true;7582;1092;comment
4680;100;true;7583;1073;comment
4681;100;true;7583;1074;comment
4682;110;true;7584;1073;comment
4683;110;true;7584;1074;comment
4684;120;true;7585;1073;comment
4685;120;true;7585;1074;comment
4686;150;true;7586;1091;comment
4687;150;true;7586;1092;comment
4688;120;true;7587;1098;comment
4689;120;true;7587;1099;comment
4690;110;true;7588;1113;comment
4691;110;true;7588;1114;comment
4692;100;true;7589;1082;comment
4693;100;true;7589;1083;comment
4694;340;true;7590;1077;comment
4695;350;true;7590;1078;comment
4696;210;true;7591;1079;comment
4697;210;true;7591;1080;comment
4698;120;true;7592;1113;comment
4699;120;true;7592;1114;comment
4700;360;true;7593;1077;comment
4701;360;true;7593;1078;comment
4702;130;true;7594;1113;comment
4703;130;true;7594;1114;comment
4704;60;true;7595;1084;comment
4705;60;true;7595;1085;comment
4706;160;true;7596;1091;comment
4707;160;true;7596;1092;comment
4708;130;true;7597;1073;comment
4709;130;true;7597;1074;comment
4710;220;true;7598;1079;comment
4711;220;true;7598;1080;comment
4712;30;true;7599;1093;comment
4713;30;true;7599;1094;comment
4714;140;true;7600;1073;comment
4715;140;true;7600;1074;comment
4716;710;true;7601;1071;comment
4717;710;true;7601;1072;comment
4718;150;true;7602;1073;comment
4719;150;true;7602;1074;comment
4720;10;true;7603;1128;comment
4721;10;true;7603;1129;comment
4722;130;true;7604;1098;comment
4723;130;true;7604;1099;comment
4724;160;true;7605;1073;comment
4725;160;true;7605;1074;comment
4726;140;true;7606;1098;comment
4727;140;true;7606;1099;comment
4728;170;true;7607;1073;comment
4729;170;true;7607;1074;comment
4730;40;true;7608;1115;comment
4731;40;true;7608;1116;comment
4732;140;true;7609;1113;comment
4733;140;true;7609;1114;comment
4734;20;true;7610;1126;comment
4735;20;true;7610;1127;comment
4736;50;true;7611;1115;comment
4737;50;true;7611;1116;comment
4738;150;true;7612;1098;comment
4739;150;true;7612;1099;comment
4740;170;true;7613;1091;comment
4741;170;true;7613;1092;comment
4742;720;true;7614;1071;comment
4743;720;true;7614;1072;comment
4744;730;true;7615;1071;comment
4745;730;true;7615;1072;comment
4746;180;true;7616;1091;comment
4747;180;true;7616;1092;comment
4748;190;true;7617;1091;comment
4749;190;true;7617;1092;comment
4750;200;true;7618;1091;comment
4751;200;true;7618;1092;comment
4752;10;true;7619;1132;comment
4753;10;true;7619;1133;comment
4754;20;true;7620;1132;comment
4755;20;true;7620;1133;comment
4756;30;true;7621;1132;comment
4757;30;true;7621;1133;comment
4758;10;true;7622;1134;comment
4759;40;true;7623;1132;comment
4760;40;true;7623;1133;comment
4761;10;true;7624;1135;comment
4762;10;true;7624;1136;comment
4763;10;true;7625;1137;comment
4764;10;true;7625;1138;comment
4765;50;true;7626;1132;comment
4766;50;true;7626;1133;comment
4767;10;true;7627;1139;comment
4768;10;true;7627;1140;comment
4769;20;true;7628;1139;comment
4770;20;true;7628;1140;comment
4771;10;true;7629;1141;comment
4772;10;true;7629;1142;comment
4773;60;true;7630;1132;comment
4774;60;true;7630;1133;comment
4775;70;true;7631;1132;comment
4776;70;true;7631;1133;comment
4777;30;true;7632;1139;comment
4778;30;true;7632;1140;comment
4779;80;true;7633;1132;comment
4780;80;true;7633;1133;comment
4781;10;true;7634;1143;comment
4782;10;true;7634;1144;comment
4783;80;true;7635;1133;comment
4784;80;true;7635;1134;comment
4785;10;true;7636;1145;comment
4786;10;true;7636;1146;comment
4787;90;true;7637;1132;comment
4788;90;true;7637;1133;comment
4789;90;true;7638;1133;comment
4790;90;true;7638;1134;comment
4791;10;true;7639;1147;comment
4792;10;true;7639;1148;comment
4793;100;true;7640;1134;comment
4794;100;true;7641;1132;comment
4795;100;true;7641;1133;comment
4796;100;true;7642;1132;comment
4797;110;true;7642;1133;comment
4798;110;true;7643;1132;comment
4799;120;true;7643;1133;comment
4800;10;true;7644;1149;comment
4801;10;true;7644;1150;comment
4802;20;true;7645;1135;comment
4803;20;true;7645;1136;comment
4804;130;true;7646;1132;comment
4805;130;true;7646;1133;comment
4806;110;true;7647;1134;comment
4807;30;true;7648;1135;comment
4808;30;true;7648;1136;comment
4809;30;true;7649;1139;comment
4810;40;true;7649;1140;comment
4811;10;true;7650;1151;comment
4812;10;true;7650;1152;comment
4813;20;true;7651;1151;comment
4814;20;true;7651;1152;comment
4815;10;true;7652;1153;comment
4816;10;true;7652;1154;comment
4817;40;true;7653;1135;comment
4818;40;true;7653;1136;comment
4819;120;true;7654;1134;comment
4820;140;true;7655;1132;comment
4821;140;true;7655;1133;comment
4822;10;true;7656;1155;comment
4823;150;true;7657;1133;comment
4824;150;true;7657;1132;comment
4825;130;true;7658;1134;comment
4826;30;true;7659;1151;comment
4827;30;true;7659;1152;comment
4828;160;true;7660;1132;comment
4829;160;true;7660;1133;comment
4830;140;true;7661;1134;comment
4831;50;true;7662;1135;comment
4832;50;true;7662;1136;comment
4833;20;true;7663;1141;comment
4834;20;true;7663;1142;comment
4835;40;true;7664;1151;comment
4836;40;true;7664;1152;comment
4837;30;true;7665;1141;comment
4838;30;true;7665;1142;comment
4839;20;true;7666;1149;comment
4840;20;true;7666;1150;comment
4841;20;true;7667;578;comment
4842;20;true;6101;1156;comment
4843;30;true;7668;578;comment
4844;30;true;7668;1156;comment
4845;40;true;7669;578;comment
4846;40;true;7669;1156;comment
4847;10;true;7670;1157;comment
4848;10;true;7670;1158;comment
4849;10;true;7671;1159;comment
4850;10;true;7671;1160;comment
4851;50;true;7672;578;comment
4852;50;true;7672;1156;comment
4853;60;true;7673;578;comment
4854;60;true;7673;1156;comment
4855;10;true;7674;1161;comment
4856;10;true;7674;1162;comment
4857;170;true;7675;1132;comment
4858;170;true;7675;1133;comment
4859;10;true;7676;1163;comment
4860;10;true;7676;1164;comment
4861;10;true;7677;1165;comment
4862;10;true;7677;1166;comment
4863;10;true;7678;1167;comment
4864;10;true;7678;1168;comment
4865;70;true;7679;578;comment
4866;70;true;7679;1156;comment
4867;80;true;7680;578;comment
4868;80;true;7680;1156;comment
4869;90;true;7681;578;comment
4870;90;true;7681;1156;comment
4871;20;true;7682;1163;comment
4872;20;true;7682;1164;comment
4873;100;true;7683;578;comment
4874;100;true;7683;1156;comment
4875;30;true;7684;1163;comment
4876;30;true;7684;1164;comment
4877;20;true;7685;1157;comment
4878;20;true;7685;1158;comment
4879;30;true;7686;1157;comment
4880;30;true;7686;1158;comment
4881;10;true;7687;1169;comment
4882;10;true;7687;1170;comment
4883;40;true;7688;1163;comment
4884;40;true;7688;1164;comment
4885;20;true;7689;1169;comment
4886;20;true;7689;1170;comment
4887;40;true;7690;1163;comment
4888;40;true;7690;1164;comment
4889;110;true;7691;578;comment
4890;110;true;7691;1156;comment
4891;10;true;7692;1171;comment
4892;10;true;7692;1172;comment
4893;120;true;7693;578;comment
4894;120;true;7693;1156;comment
4895;20;true;7694;1167;comment
4896;20;true;7694;1168;comment
4897;120;true;7695;578;comment
4898;120;true;7695;1156;comment
4899;20;true;7696;1165;comment
4900;20;true;7696;1166;comment
4901;130;true;7697;578;comment
4902;130;true;7697;1156;comment
4903;10;true;7698;1173;comment
4904;10;true;7698;1174;comment
4905;20;true;7699;1173;comment
4906;20;true;7699;1174;comment
4907;30;true;7700;1173;comment
4908;30;true;7700;1174;comment
4909;40;true;7701;1173;comment
4910;40;true;7701;1174;comment
4911;50;true;7702;1173;comment
4912;50;true;7702;1174;comment
4913;60;true;7703;1173;comment
4914;60;true;7703;1174;comment
4915;10;true;7704;1175;comment
4916;10;true;7704;1176;comment
4917;10;true;7705;1177;comment
4918;10;true;7705;1178;comment
4919;10;true;7706;1179;comment
4920;10;true;7706;1180;comment
4921;70;true;7707;1173;comment
4922;70;true;7707;1174;comment
4923;80;true;7708;1173;comment
4924;80;true;7708;1174;comment
4925;20;true;7709;1179;comment
4926;20;true;7709;1180;comment
4927;90;true;7710;1173;comment
4928;90;true;7710;1174;comment
4929;100;true;7711;1173;comment
4930;100;true;7711;1174;comment
4931;30;true;7712;1179;comment
4932;30;true;7712;1180;comment
4933;40;true;7713;1179;comment
4934;10;true;7714;1181;comment
4935;10;true;7714;1182;comment
4936;10;true;7715;1183;comment
4937;10;true;7715;1184;comment
4938;110;true;7716;1173;comment
4939;110;true;7716;1174;comment
4940;20;true;7717;1183;comment
4941;20;true;7717;1184;comment
4942;40;true;7718;1179;comment
4943;40;true;7718;1180;comment
4944;10;true;7719;1185;comment
4945;10;true;7719;1186;comment
4946;50;true;7720;1179;comment
4947;50;true;7720;1180;comment
4948;120;true;7721;1173;comment
4949;120;true;7721;1174;comment
4950;10;true;7722;1187;comment
4951;10;true;7722;1188;comment
4952;20;true;7723;1175;comment
4953;20;true;7723;1176;comment
4954;10;true;7724;1189;comment
4955;10;true;7724;1190;comment
4956;20;true;7725;1189;comment
4957;20;true;7725;1190;comment
4958;30;true;7726;1189;comment
4959;30;true;7726;1190;comment
4960;10;true;7726;1191;comment
4961;10;true;7726;1192;comment
4962;40;true;7727;1189;comment
4963;40;true;7727;1190;comment
4964;50;true;7728;1189;comment
4965;50;true;7728;1190;comment
4966;20;true;7729;1191;comment
4967;20;true;7729;1192;comment
4968;60;true;7730;1189;comment
4969;60;true;7730;1190;comment
4970;70;true;7731;1189;comment
4971;70;true;7731;1190;comment
4972;10;true;7732;1193;comment
4973;10;true;7732;1194;comment
4974;80;true;7733;1189;comment
4975;80;true;7733;1190;comment
4976;10;true;7734;1195;comment
4977;10;true;7734;1196;comment
4978;90;true;7735;1189;comment
4979;90;true;7735;1190;comment
4980;20;true;7736;1195;comment
4981;20;true;7736;1196;comment
4982;100;true;7737;1189;comment
4983;100;true;7737;1190;comment
4984;110;true;7738;1189;comment
4985;110;true;7738;1190;comment
4986;10;true;7739;1197;comment
4987;10;true;7740;1198;comment
4988;120;true;7741;1189;comment
4989;120;true;7741;1190;comment
4990;130;true;7742;1189;comment
4981;130;true;7742;1190;comment
4992;140;true;7743;1189;comment
4993;140;true;7743;1190;comment
4994;150;true;7744;1189;comment
4995;150;true;7744;1190;comment
4996;160;true;7745;1189;comment
4997;160;true;7745;1190;comment
4998;10;true;7746;1199;comment
4999;10;true;7746;1200;comment
5080;170;true;7747;1189;comment
5001;170;true;7747;1190;comment
5002;10;true;7748;1201;comment
5003;10;true;7749;1202;comment
5004;10;true;7749;1203;comment
5005;30;true;7750;1191;comment
5006;30;true;7750;1192;comment
5007;180;true;7751;1189;comment
5008;180;true;7751;1190;comment
5009;20;true;7752;1193;comment
5010;20;true;7752;1194;comment
5011;190;true;7753;1189;comment
5012;190;true;7753;1190;comment
5013;30;true;7754;1195;comment
5014;30;true;7754;1196;comment
5015;200;true;7755;1189;comment
5016;200;true;7755;1190;comment
5017;210;true;7756;1189;comment
5018;210;true;7756;1190;comment
5019;10;true;7757;1204;comment
5020;10;true;7757;1205;comment
5021;40;true;7757;1195;comment
5022;40;true;7757;1196;comment
5023;220;true;7758;1189;comment
5024;220;true;7758;1190;comment
5025;50;true;7759;1195;comment
5026;50;true;7759;1196;comment
5027;10;true;7760;1206;comment
5028;10;true;7760;1207;comment
5029;230;true;7761;1189;comment
5030;230;true;7761;1190;comment
5031;60;true;7761;1195;comment
5032;60;true;7761;1196;comment
5033;240;true;7762;1189;comment
5034;240;true;7762;1190;comment
5035;10;true;7763;1208;comment
5036;10;true;7763;1209;comment
5037;10;true;7764;1210;comment
5038;10;true;7764;1211;comment
5039;10;true;7765;1199;comment
5040;20;true;7765;1200;comment
5041;10;true;7766;1212;comment
5042;10;true;7766;1213;comment
5043;250;true;7767;1189;comment
5044;250;true;7767;1190;comment
5045;10;true;7768;1214;comment
5046;10;true;7768;1215;comment
5047;20;true;7769;1199;comment
5048;20;true;7769;1200;comment
5049;260;true;7770;1189;comment
5050;260;true;7770;1190;comment
5051;20;true;7771;1202;comment
5052;20;true;7771;1203;comment
5053;270;true;7772;1189;comment
5054;270;true;7772;1190;comment
5055;20;true;7773;1208;comment
5056;20;true;7773;1209;comment
5057;70;true;7774;1195;comment
5058;70;true;7774;1196;comment
5059;280;true;7775;1189;comment
5060;280;true;7775;1190;comment
5061;20;true;7776;1201;comment
5062;30;true;7777;1201;comment
5063;10;true;7778;1216;comment
5064;10;true;7778;1217;comment
5065;290;true;7779;1189;comment
5066;290;true;7779;1190;comment
5067;20;true;7780;1216;comment
5068;20;true;7780;1217;comment
5069;30;true;7781;1216;comment
5070;30;true;7781;1217;comment
5071;300;true;7782;1189;comment
5072;300;true;7782;1190;comment
5073;310;true;7783;1189;comment
5074;310;true;7783;1190;comment
5075;30;true;7784;1202;comment
5076;30;true;7784;1203;comment
5077;10;true;7785;1218;comment
5078;320;true;7786;1189;comment
5079;320;true;7786;1190;comment
5080;30;true;7787;1193;comment
5081;30;true;7787;1194;comment
5082;20;true;7788;1212;comment
5083;20;true;7788;1213;comment
5084;30;true;7789;1199;comment
5085;30;true;7789;1200;comment
5086;330;true;7790;1189;comment
5087;330;true;7790;1190;comment
5088;340;true;7791;1189;comment
5089;340;true;7791;1190;comment
5090;20;true;7792;1210;comment
5091;20;true;7792;1211;comment
5092;40;true;7793;1193;comment
5093;40;true;7793;1194;comment
5094;10;true;7794;1219;comment
5095;10;true;7794;1220;comment
5096;30;true;7795;1212;comment
5097;30;true;7795;1213;comment
5098;20;true;7796;1219;comment
5099;20;true;7796;1220;comment
5100;10;true;7797;1221;comment
5101;20;true;7798;1204;comment
5102;20;true;7798;1205;comment
5103;40;true;7799;1202;comment
5104;40;true;7799;1203;comment
5105;40;true;7800;1212;comment
5106;40;true;7800;1213;comment
5107;350;true;7801;1189;comment
5108;350;true;7801;1190;comment
5109;40;true;7802;1112;comment
5110;40;true;7802;1113;comment
5111;10;true;7803;1222;comment
5112;10;true;7803;1223;comment
5113;30;true;7804;1219;comment
5114;30;true;7804;1220;comment
5115;10;true;7805;1224;comment
5116;10;true;7805;1225;comment
5117;50;true;7806;1193;comment
5118;50;true;7806;1194;comment
5119;80;true;7807;1195;comment
5120;80;true;7807;1196;comment
5121;20;true;7807;1222;comment
5122;20;true;7807;1223;comment
5123;30;true;7808;1222;comment
5124;30;true;7808;1223;comment
5125;20;true;7809;1224;comment
5126;20;true;7809;1225;comment
5127;40;true;7810;1222;comment
5128;40;true;7810;1223;comment
5129;10;true;7811;1226;comment
5130;10;true;7811;1227;comment
5131;10;true;7812;1228;comment
5132;10;true;7812;1229;comment
5133;30;true;7813;1224;comment
5134;30;true;7813;1225;comment
5135;40;true;7814;1191;comment
5136;40;true;7814;1192;comment
5137;20;true;7815;1226;comment
5138;20;true;7815;1227;comment
5139;50;true;7816;1222;comment
5140;50;true;7816;1223;comment
5141;60;true;7817;1193;comment
5142;60;true;7817;1194;comment
5143;90;true;7818;1195;comment
5144;29;true;7818;1196;comment
5145;50;true;7819;1112;comment
5146;50;true;7819;1113;comment
5147;40;true;7820;1199;comment
5148;40;true;7820;1200;comment
5149;50;true;7821;1212;comment
5150;50;true;7821;1213;comment
5151;60;true;7822;1212;comment
5152;60;true;7822;1213;comment
5153;70;true;7823;1212;comment
5154;70;true;7823;1213;comment
5155;60;true;7824;1222;comment
5156;60;true;7824;1223;comment
5157;40;true;7825;1201;comment
5158;10;true;7826;1230;comment
5159;10;true;7826;1231;comment
5160;360;true;7827;1189;comment
5161;360;true;7827;1190;comment
5162;80;true;7828;1112;comment
5163;80;true;7828;1113;comment
5164;370;true;7829;1189;comment
5165;370;true;7829;1190;comment
5166;380;true;7830;1189;comment
5167;380;true;7830;1190;comment
5168;50;true;7831;1151;comment
5169;50;true;7831;1152;comment
5170;10;true;7832;1232;comment
5171;10;true;7832;1233;comment
5172;20;true;7833;1232;comment
5173;20;true;7833;1233;comment
5174;30;true;7834;1232;comment
5175;30;true;7834;1233;comment
5176;40;true;7835;1232;comment
5177;40;true;7835;1233;comment
5178;50;true;7836;1232;comment
5179;50;true;7836;1233;comment
5180;60;true;7837;1232;comment
5181;60;true;7837;1233;comment
5182;70;true;7838;1232;comment
5183;70;true;7838;1233;comment
5184;80;true;7839;1232;comment
5185;80;true;7839;1233;comment
5186;10;true;7840;1234;comment
5187;10;true;7840;1235;comment
5188;90;true;7841;1232;comment
5189;90;true;7841;1233;comment
5190;100;true;7842;1232;comment
5191;100;true;7842;1233;comment
5192;110;true;7843;1232;comment
5193;110;true;7843;1233;comment
5194;120;true;7844;1232;comment
5195;120;true;7844;1233;comment
5196;130;true;7845;1232;comment
5197;130;true;7845;1233;comment
5198;140;true;7846;1232;comment
5199;140;true;7846;1233;comment
5200;150;true;7847;1232;comment
5201;150;true;7847;1233;comment
5202;160;true;7848;1232;comment
5203;160;true;7848;1233;comment
5204;10;true;7849;1236;comment
5205;10;true;7849;1237;comment
5206;20;true;7850;1236;comment
5207;20;true;7850;1237;comment
5208;10;true;7851;1238;comment
5209;10;true;7851;1239;comment
5210;170;true;7852;1232;comment
5211;170;true;7852;1233;comment
5212;10;true;7853;1240;comment
5213;10;true;7853;1241;comment
5214;180;true;7854;1232;comment
5215;180;true;7854;1233;comment
5216;190;true;7855;1232;comment
5217;190;true;7855;1233;comment
5218;10;true;7856;1242;comment
5219;10;true;7856;1243;comment
5220;200;true;7857;1232;comment
5221;200;true;7857;1233;comment
5222;210;true;7858;1232;comment
5223;210;true;7858;1233;comment
5224;10;true;7859;1244;comment
5225;10;true;7859;1245;comment
5226;220;true;7860;1232;comment
5227;220;true;7860;1233;comment
5228;230;true;7861;1232;comment
5229;230;true;7861;1233;comment
5230;10;true;7862;1246;comment
5231;10;true;7862;1247;comment
5232;10;true;7863;1248;comment
5233;10;true;7863;1249;comment
5234;240;true;7864;1232;comment
5235;240;true;7864;1233;comment
5236;10;true;7865;1251;comment
5237;10;true;7865;1252;comment
5238;250;true;7866;1232;comment
5239;250;true;7866;1233;comment
5240;20;true;7867;1240;comment
5241;20;true;7867;1241;comment
5242;20;true;7868;1248;comment
5243;20;true;7868;1249;comment
5244;10;true;7869;1253;comment
5245;10;true;7869;1254;comment
5246;30;true;7870;1236;comment
5247;30;true;7870;1237;comment
5248;260;true;7871;1232;comment
5249;260;true;7871;1233;comment
5250;10;true;7872;1255;comment
5251;10;true;7872;1256;comment
5252;20;true;7873;1255;comment
5253;20;true;7873;1256;comment
5254;10;true;7874;1257;comment
5255;10;true;7874;1258;comment
5256;20;true;7875;1234;comment
5257;20;true;7875;1235;comment
5258;40;true;7876;1236;comment
5259;40;true;7876;1237;comment
5260;270;true;7877;1232;comment
5261;270;true;7877;1233;comment
5262;30;true;7878;1240;comment
5263;30;true;7878;1241;comment
5264;30;true;7879;1255;comment
5265;30;true;7879;1256;comment
5266;280;true;7880;1232;comment
5267;280;true;7880;1233;comment
5268;20;true;7881;1253;comment
5269;20;true;7881;1254;comment
5270;290;true;7882;1232;comment
5271;290;true;7882;1233;comment
5272;10;true;7883;1259;comment
5273;10;true;7883;1260;comment
5274;30;true;7884;1234;comment
5275;30;true;7884;1235;comment
5276;300;true;7885;1232;comment
5277;300;true;7885;1233;comment
5278;40;true;7886;1240;comment
5279;40;true;7886;1241;comment
5280;310;true;7887;1232;comment
5281;310;true;7887;1233;comment
5282;320;true;7888;1232;comment
5283;320;true;7888;1233;comment
5284;40;true;7889;1255;comment
5285;40;true;7889;1256;comment
5286;330;true;7890;1232;comment
5287;330;true;7890;1233;comment
5288;20;true;7891;1242;comment
5289;20;true;7891;1243;comment
5290;30;true;7892;1248;comment
5291;30;true;7892;1249;comment
5292;340;true;7893;1232;comment
5293;340;true;7893;1233;comment
5294;20;true;7894;1244;comment
5295;20;true;7894;1245;comment
5296;350;true;7895;1232;comment
5297;350;true;7895;1233;comment
5298;10;true;7896;1261;comment
5299;10;true;7896;1262;comment
5300;20;true;7897;1257;comment
5301;20;true;7897;1258;comment
5302;30;true;7898;1244;comment
5303;30;true;7898;1245;comment
5304;40;true;7899;1244;comment
5305;40;true;7899;1245;comment
5306;360;true;7900;1232;comment
5307;360;true;7900;1233;comment
5308;10;true;7901;1263;comment
5309;10;true;7901;1264;comment
5310;370;true;7902;1232;comment
5311;370;true;7902;1233;comment
5312;10;true;7903;1265;comment
5313;10;true;7903;1266;comment
5314;30;true;7904;1257;comment
5315;30;true;7904;1258;comment
5316;380;true;7905;1232;comment
5317;380;true;7905;1233;comment
5318;390;true;7906;1232;comment
5319;390;true;7906;1233;comment
5320;20;true;7907;1259;comment
5321;20;true;7907;1260;comment
5322;40;true;7908;1234;comment
5323;40;true;7908;1235;comment
5324;400;true;7909;1232;comment
5325;10;true;7910;1267;comment
5326;10;true;7910;1268;comment
5327;400;true;7911;1232;comment
5328;400;true;7911;1233;comment
5329;50;true;7912;1240;comment
5330;50;true;7912;1241;comment
5331;410;true;7913;1232;comment
5332;410;true;7913;1233;comment
5333;420;true;7914;1232;comment
5334;420;true;7914;1233;comment
5335;430;true;7915;1232;comment
5336;430;true;7915;1233;comment
5337;10;true;7916;1269;comment
5338;10;true;7916;1270;comment
5339;20;true;7917;1269;comment
5340;20;true;7917;1270;comment
5341;30;true;7918;1269;comment
5342;30;true;7918;1270;comment
5343;40;true;7919;1269;comment
5344;40;true;7919;1270;comment
5345;50;true;7920;1269;comment
5346;50;true;7920;1270;comment
5347;60;true;7921;1269;comment
5348;60;true;7921;1270;comment
5349;70;true;7922;1269;comment
5350;70;true;7922;1270;comment
5351;10;true;7923;1271;comment
5352;80;true;7924;1269;comment
5353;80;true;7924;1270;comment
5354;90;true;7925;1269;comment
5355;90;true;7925;1270;comment
5356;10;true;7926;1272;comment
5357;10;true;7926;1273;comment
5358;100;true;7927;1269;comment
5359;100;true;7927;1270;comment
5360;10;true;7928;1274;comment
5361;10;true;7928;1275;comment
5362;110;true;7929;1269;comment
5363;110;true;7929;1270;comment
5364;120;true;7930;1269;comment
5365;120;true;7930;1270;comment
5366;20;true;7931;1272;comment
5367;20;true;7931;1273;comment
5368;10;true;7932;1276;comment
5369;10;true;7932;1277;comment
5370;130;true;7933;1269;comment
5371;130;true;7933;1270;comment
5372;140;true;7934;1269;comment
5373;140;true;7934;1270;comment
5374;10;true;7935;1278;comment
5375;10;true;7935;1279;comment
5376;150;true;7936;1269;comment
5377;150;true;7936;1270;comment
5378;10;true;7937;1280;comment
5379;10;true;7937;1281;comment
5380;160;true;7938;1269;comment
5381;160;true;7938;1270;comment
5382;20;true;7939;1280;comment
5383;20;true;7939;1281;comment
5384;170;true;7940;1269;comment
5385;170;true;7940;1270;comment
5386;10;true;7941;1282;comment
5387;10;true;7941;1283;comment
5388;180;true;7942;1269;comment
5389;180;true;7942;1270;comment
5390;30;true;7943;1272;comment
5391;30;true;7943;1273;comment
5392;40;true;7944;1272;comment
5393;40;true;7944;1273;comment
5394;190;true;7945;1269;comment
5395;190;true;7945;1270;comment
5396;200;true;7946;1269;comment
5397;200;true;7946;1270;comment
5398;210;true;7947;1269;comment
5399;210;true;7947;1270;comment
5400;30;true;7948;1280;comment
5401;30;true;7948;1281;comment
5402;220;true;7949;1269;comment
5403;220;true;7949;1270;comment
5404;230;true;7950;1269;comment
5405;230;true;7950;1270;comment
5406;30;true;7951;1271;comment
5407;240;true;7952;1269;comment
5408;240;true;7952;1270;comment
5409;250;true;7953;1269;comment
5410;250;true;7953;1270;comment
5411;260;true;7954;1269;comment
5412;260;true;7954;1270;comment
5413;40;true;7955;1271;comment
5414;10;true;7956;1284;comment
5415;270;true;7957;1269;comment
5416;270;true;7957;1270;comment
5417;280;true;7958;1269;comment
5418;280;true;7958;1270;comment
5419;10;true;7959;1285;comment
5420;10;true;7959;1286;comment
5421;20;true;7960;1278;comment
5422;20;true;7960;1279;comment
5423;290;true;7961;1269;comment
5424;300;true;7961;1270;comment
5425;300;true;7962;1269;comment
5426;310;true;7962;1270;comment
5427;320;true;7963;1269;comment
5428;320;true;7963;1270;comment
5429;40;true;7964;1280;comment
5430;40;true;7964;1281;comment
5431;20;true;7965;1285;comment
5432;20;true;7965;1286;comment
5433;50;true;7966;1280;comment
5434;50;true;7966;1281;comment
5435;330;true;7967;1269;comment
5436;330;true;7967;1270;comment
5437;340;true;7968;1269;comment
5438;340;true;7968;1270;comment
5439;10;true;7969;1287;comment
5440;10;true;7969;1288;comment
5441;350;true;7970;1269;comment
5442;350;true;7970;1270;comment
5443;60;true;7971;1280;comment
5444;60;true;7971;1281;comment
5445;30;true;7972;1278;comment
5446;30;true;7972;1279;comment
5447;360;true;7973;1269;comment
5448;360;true;7973;1270;comment
5449;70;true;7974;1280;comment
5450;70;true;7974;1281;comment
5451;20;true;7975;1287;comment
5452;20;true;7975;1288;comment
5453;10;true;7976;1290;comment
5454;10;true;7977;1289;comment
5455;370;true;7978;1269;comment
5456;370;true;7978;1270;comment
5457;50;true;7979;1272;comment
5458;50;true;7979;1273;comment
5459;380;true;7980;1269;comment
5460;380;true;7980;1270;comment
5461;80;true;7981;1281;comment
5462;390;true;7982;1269;comment
5463;390;true;7982;1270;comment
5464;60;true;7983;1272;comment
5465;60;true;7983;1273;comment
5466;90;true;7984;1280;comment
5467;90;true;7984;1281;comment
5468;100;true;7985;1280;comment
5469;100;true;7985;1281;comment
5470;20;true;7986;1290;comment
5471;10;true;7987;1291;comment
5472;400;true;7988;1269;comment
5473;400;true;7988;1270;comment
5474;410;true;7989;1269;comment
5475;410;true;7989;1270;comment
5476;420;true;7990;1269;comment
5477;420;true;7990;1270;comment
5478;430;true;7991;1269;comment
5479;430;true;7991;1270;comment
5480;440;true;7992;1269;comment
5481;440;true;7992;1270;comment
5482;450;true;7993;1269;comment
5483;450;true;7993;1270;comment
5484;110;true;7994;1280;comment
5485;460;true;7995;1269;comment
5486;460;true;7995;1270;comment
5487;470;true;7996;1269;comment
5488;470;true;7996;1270;comment
5489;480;true;7997;1269;comment
5490;480;true;7997;1270;comment
5491;120;true;7998;1280;comment
5492;110;true;7998;1281;comment
5493;10;true;7999;1292;comment
5494;10;true;7999;1293;comment
5495;30;true;8000;1287;comment
5496;30;true;8000;1288;comment
5497;130;true;8001;1280;comment
5498;120;true;8001;1281;comment
5499;490;true;8002;1269;comment
5500;490;true;8002;1270;comment
5501;20;true;8003;1274;comment
5502;20;true;8003;1275;comment
5503;140;true;8004;1280;comment
5504;130;true;8004;1281;comment
5505;50;true;8005;1271;comment
5506;150;true;8006;1280;comment
5507;150;true;8006;1281;comment
5508;500;true;8007;1269;comment
5509;500;true;8007;1270;comment
5510;160;true;8008;1280;comment
5511;160;true;8008;1281;comment
5512;510;true;8009;1269;comment
5513;510;true;8009;1270;comment
5514;10;true;8010;1294;comment
5515;70;true;8011;1273;comment
5516;60;true;8012;1271;comment
5517;10;true;8013;1295;comment
5518;30;true;8014;1274;comment
5519;30;true;8014;1275;comment
5520;10;true;8015;1296;comment
5521;10;true;8015;1297;comment
5522;40;true;8016;1274;comment
5523;40;true;8016;1275;comment
5524;10;true;8017;1298;comment
5525;40;true;8018;1278;comment
5526;40;true;8018;1279;comment
5527;20;true;8019;1282;comment
5528;20;true;8019;1283;comment
5529;520;true;8020;1269;comment
5530;520;true;8020;1270;comment
5531;530;true;8021;1269;comment
5532;530;true;8021;1270;comment
5533;70;true;8022;1271;comment
5534;170;true;8023;1280;comment
5535;170;true;8023;1281;comment
5536;530;true;8024;1269;comment
5537;530;true;8024;1270;comment
5538;70;true;8025;1272;comment
5539;70;true;8025;1273;comment
5540;540;true;8026;1269;comment
5541;540;true;8026;1270;comment
5542;80;true;8027;1272;comment
5543;80;true;8027;1273;comment
5544;550;true;8028;1269;comment
5545;550;true;8028;1270;comment
5546;90;true;8029;1272;comment
5547;90;true;8029;1273;comment
5548;20;true;8030;1296;comment
5549;20;true;8030;1297;comment
5550;50;true;8031;1278;comment
5551;50;true;8031;1279;comment
5552;30;true;8032;1282;comment
5553;30;true;8032;1283;comment
5554;550;true;8033;1269;comment
5555;550;true;8033;1270;comment
5556;30;true;8034;1296;comment
5557;30;true;8034;1297;comment
5558;560;true;8035;1269;comment
5559;560;true;8035;1270;comment
5560;10;true;8036;1299;comment
5561;10;true;8036;1300;comment
5562;10;true;8037;1301;comment
5563;10;true;8037;1302;comment
5564;570;true;8038;1269;comment
5565;570;true;8038;1270;comment
5566;10;true;8039;1303;comment
5567;10;true;8039;1304;comment
5568;20;true;8040;1303;comment
5569;20;true;8040;1304;comment
5570;20;true;8041;1292;comment
5571;20;true;8041;1293;comment
5572;60;true;8042;1278;comment
5573;60;true;8042;1279;comment
5574;10;true;8043;1305;comment
5575;70;true;8044;1278;comment
5576;70;true;8044;1279;comment
5577;30;true;8045;1292;comment
5578;30;true;8045;1293;comment
5579;20;true;8046;1299;comment
5580;20;true;8046;1300;comment
5581;100;true;8047;1272;comment
5582;100;true;8047;1273;comment
5583;10;true;8048;1306;comment
5584;10;true;8048;1307;comment
5585;80;true;8049;1278;comment
5586;80;true;8049;1279;comment
5587;580;true;8050;1269;comment
5588;580;true;8050;1270;comment
5589;10;true;8051;1308;comment
5590;90;true;8052;1278;comment
5591;90;true;8052;1279;comment
5592;10;true;8053;1309;comment
5593;10;true;8053;1310;comment
5594;100;true;8054;1278;comment
5595;100;true;8054;1279;comment
5596;110;true;8055;1272;comment
5597;110;true;8055;1273;comment
5598;30;true;8056;1299;comment
5599;30;true;8056;1300;comment
5600;10;true;8057;1311;comment
5601;10;true;8057;1312;comment
5602;20;true;8058;1311;comment
5603;20;true;8058;1312;comment
5604;30;true;8059;1311;comment
5605;30;true;8059;1312;comment
5606;40;true;8060;1311;comment
5607;40;true;8060;1312;comment
5608;50;true;8061;1311;comment
5609;50;true;8061;1312;comment
5610;10;true;8062;1313;comment
5611;10;true;8062;1314;comment
5612;10;true;7974;1315;comment
5613;10;true;7974;1316;comment
5614;60;true;8063;1311;comment
5615;60;true;8063;1312;comment
5616;70;true;8064;1311;comment
5617;70;true;8064;1312;comment
5618;80;true;8065;1311;comment
5619;80;true;8065;1312;comment
5620;20;true;8065;1315;comment
5621;20;true;8065;1316;comment
5622;30;true;8066;1315;comment
5623;30;true;8066;1316;comment
5624;40;true;8067;1315;comment
5625;40;true;8067;1316;comment
5626;50;true;8068;1315;comment
5627;50;true;8068;1316;comment
5628;10;true;8069;1317;comment
5629;10;true;8069;1318;comment
5630;60;true;8070;1315;comment
5631;60;true;8070;1316;comment
5632;10;true;8071;1319;comment
5633;10;true;8071;1320;comment
5634;90;true;8072;1311;comment
5635;90;true;8072;1312;comment
5636;100;true;8073;1311;comment
5637;100;true;8073;1312;comment
5638;10;true;7999;1321;comment
5639;10;true;7999;1322;comment
5640;10;true;8074;1324;comment
5641;110;true;8075;1311;comment
5642;110;true;8075;1312;comment
5643;70;true;8076;1315;comment
5644;70;true;8076;1316;comment
5645;10;true;8077;1325;comment
5646;120;true;8078;1311;comment
5647;120;true;8078;1312;comment
5648;130;true;8079;1311;comment
5649;130;true;8079;1312;comment
5650;140;true;8080;1311;comment
5651;140;true;8080;1312;comment
5652;10;true;8081;1326;comment
5653;10;true;8081;1327;comment
5654;150;true;8082;1311;comment
5655;150;true;8082;1312;comment
5656;20;true;8083;1326;comment
5657;20;true;8083;1327;comment
5658;80;true;8084;1315;comment
5659;80;true;8084;1316;comment
5660;10;true;8085;1328;comment
5661;10;true;8085;1329;comment
5662;160;true;8086;1311;comment
5663;160;true;8086;1312;comment
5664;90;true;8087;1315;comment
5665;90;true;8087;1316;comment
5666;20;true;8088;1317;comment
5667;20;true;8088;1318;comment
5668;30;true;8089;1317;comment
5669;30;true;8089;1318;comment
5670;20;true;8089;1319;comment
5671;20;true;8089;1320;comment
5672;100;true;8090;1315;comment
5673;100;true;8090;1316;comment
5674;40;true;8091;1317;comment
5675;40;true;8091;1318;comment
5676;170;true;8092;1311;comment
5677;170;true;8092;1312;comment
5678;180;true;8093;1311;comment
5679;180;true;8093;1312;comment
5680;50;true;8094;1317;comment
5681;50;true;8094;1318;comment
5682;30;true;8094;1326;comment
5683;30;true;8094;1327;comment
5684;60;true;8095;1317;comment
5685;60;true;8095;1318;comment
5686;190;true;8096;1311;comment
5687;190;true;8096;1312;comment
5688;10;true;8097;1330;comment
5689;10;true;8097;1331;comment
5690;20;true;8098;1330;comment
5691;20;true;8099;1332;comment
5692;10;true;8099;1333;comment
5693;10;true;8100;1334;comment
5694;10;true;8100;1335;comment
5695;30;true;8101;1330;comment
5696;30;true;8101;1331;comment
5697;40;true;8102;1330;comment
5698;40;true;8102;1331;comment
5699;50;true;8103;1330;comment
5700;50;true;8103;1331;comment
5701;60;true;8104;1330;comment
5702;60;true;8104;1331;comment
5703;70;true;8105;1330;comment
5704;70;true;8105;1331;comment
5705;80;true;8106;1330;comment
5706;80;true;8106;1331;comment
5707;10;true;8107;1336;comment
5708;10;true;8107;1337;comment
5709;90;true;8108;1330;comment
5710;90;true;8108;1331;comment
5711;100;true;8109;1330;comment
5712;100;true;8109;1331;comment
5713;110;true;8110;1330;comment
5714;110;true;8110;1331;comment
5715;20;true;8111;1336;comment
5716;20;true;8111;1337;comment
5717;120;true;8112;1330;comment
5718;120;true;8112;1331;comment
5719;30;true;8113;1336;comment
5720;30;true;8113;1337;comment
5721;10;true;8114;1338;comment
5722;10;true;8114;1339;comment
5723;40;true;8115;1336;comment
5724;40;true;8115;1337;comment
5725;130;true;8116;1330;comment
5726;130;true;8116;1331;comment
5727;50;true;8117;1336;comment
5728;50;true;8117;1337;comment
5729;10;true;8118;1340;comment
5730;10;true;8118;1341;comment
5731;140;true;8119;1330;comment
5732;140;true;8119;1331;comment
5733;150;true;8120;1330;comment
5734;150;true;8120;1331;comment
5735;10;true;8121;1342;comment
5736;10;true;8121;1343;comment
5737;20;true;8122;1343;comment
5738;160;true;8123;1330;comment
5739;160;true;8123;1331;comment
5740;10;true;8124;1344;comment
5741;10;true;8124;1345;comment
5742;20;true;8125;1344;comment
5743;20;true;8125;1345;comment
5744;30;true;8126;1344;comment
5745;30;true;8126;1345;comment
5746;40;true;8127;1344;comment
5747;40;true;8127;1345;comment
5748;50;true;8128;1344;comment
5749;50;true;8128;1345;comment
5750;60;true;8129;1344;comment
5751;60;true;8129;1345;comment
5752;10;true;8130;1346;comment
5753;10;true;8130;1347;comment
5754;70;true;8131;1344;comment
5755;70;true;8131;1345;comment
5756;80;true;8132;1344;comment
5757;80;true;8132;1345;comment
5758;10;true;8133;1348;comment
5759;10;true;8133;1349;comment
5760;10;true;8134;1350;comment
5761;10;true;8134;1351;comment
5762;90;true;8135;1344;comment
5763;90;true;8135;1345;comment
5764;100;true;8135;1344;comment
5765;100;true;8135;1345;comment
5766;110;true;8136;1344;comment
5767;110;true;8136;1345;comment
5768;120;true;8137;1344;comment
5769;120;true;8137;1345;comment
5770;20;true;8138;1350;comment
5771;20;true;8138;1351;comment
5772;130;true;8139;1344;comment
5773;130;true;8139;1345;comment
5774;140;true;8140;1344;comment
5775;140;true;8140;1345;comment
5776;10;true;8141;1352;comment
5777;10;true;8141;1353;comment
5778;10;true;8142;1354;comment
5779;10;true;8142;1355;comment
5780;150;true;8143;1344;comment
5781;150;true;8143;1345;comment
5782;10;true;8144;1356;comment
5783;10;true;8144;1357;comment
5784;160;true;8145;1344;comment
5785;160;true;8145;1345;comment
5786;20;true;8146;1356;comment
5787;20;true;8146;1357;comment
5788;20;true;8147;1346;comment
5789;20;true;8147;1347;comment
5790;10;true;8148;1358;comment
5791;10;true;8148;1359;comment
5792;170;true;8149;1344;comment
5793;170;true;8149;1345;comment
5794;180;true;8150;1344;comment
5795;180;true;8150;1345;comment
5796;190;true;8151;1344;comment
5797;190;true;8151;1345;comment
5798;10;true;8152;1360;comment
5899;10;true;8152;1361;comment
5800;20;true;8153;1360;comment
5801;20;true;8153;1361;comment
5802;200;true;8154;1344;comment
5803;200;true;8154;1345;comment
5804;20;true;8155;1348;comment
5805;20;true;8155;1349;comment
5806;10;true;8156;1362;comment
5807;10;true;8156;1363;comment
5808;30;true;8157;1356;comment
5809;30;true;8157;1357;comment
5810;30;true;8158;1360;comment
5811;30;true;8158;1361;comment
5812;10;true;8159;1364;comment
5813;10;true;8159;1365;comment
5814;40;true;8160;1360;comment
5815;40;true;8160;1361;comment
5816;210;true;8161;1344;comment
5817;210;true;8161;1345;comment
5818;50;true;8162;1360;comment
5819;50;true;8162;1361;comment
5820;10;true;8163;1366;comment
5821;10;true;8163;1367;comment
5822;20;true;8164;1366;comment
5823;20;true;8164;1367;comment
5824;30;true;8165;1366;comment
5825;30;true;8165;1367;comment
5826;40;true;8166;1366;comment
5827;40;true;8166;1367;comment
5828;10;true;8167;1368;comment
5829;50;true;8168;1366;comment
5830;50;true;8168;1367;comment
5831;60;true;8169;1366;comment
5832;60;true;8169;1367;comment
5833;70;true;8170;1366;comment
5834;70;true;8170;1367;comment
5835;80;true;8171;1366;comment
5836;80;true;8171;1367;comment
5837;90;true;8172;1366;comment
5838;90;true;8172;1367;comment
5839;100;true;8173;1366;comment
5840;100;true;8173;1367;comment
5841;20;true;8174;1368;comment
5842;10;true;8175;1369;comment
5843;110;true;8176;1366;comment
5844;110;true;8176;1367;comment
5845;10;true;8177;1370;comment
5846;10;true;8177;1371;comment
5847;120;true;8178;1366;comment
5848;120;true;8178;1367;comment
5849;10;true;8179;1372;comment
5850;10;true;8179;1373;comment
5851;130;true;8180;1366;comment
5852;130;true;8180;1367;comment
5853;140;true;8182;1366;comment
5854;140;true;8182;1367;comment
5855;150;true;8183;1366;comment
5856;150;true;8183;1367;comment
5857;10;true;8184;1375;comment
5858;10;true;8184;1376;comment
5859;160;true;8185;1366;comment
5860;160;true;8185;1367;comment
5861;170;true;8186;1366;comment
5862;170;true;8186;1367;comment
5863;20;true;8187;1372;comment
5864;20;true;8187;1373;comment
5865;20;true;8188;1375;comment
5866;20;true;8188;1376;comment
5867;30;true;8189;1368;comment
5868;180;true;8190;1366;comment
5869;180;true;8190;1367;comment
5870;190;true;8191;1366;comment
5871;190;true;8191;1367;comment
5872;200;true;8192;1366;comment
5873;200;true;8192;1367;comment
5874;210;true;8193;1366;comment
5875;210;true;8193;1367;comment
5876;10;true;8194;1377;comment
5877;10;true;8194;1378;comment
5878;20;true;8195;1377;comment
5879;20;true;8195;1378;comment
5880;10;true;8196;1379;comment
5881;10;true;8196;1380;comment
5882;10;true;8197;1381;comment
5883;10;true;8197;1382;comment
5884;20;true;8198;1379;comment
5885;20;true;8198;1380;comment
5886;20;true;8199;1381;comment
5887;20;true;8199;1382;comment
5888;30;true;8200;1377;comment
5889;30;true;8200;1378;comment
5890;10;true;8201;1383;comment
5891;40;true;8202;1377;comment
5892;40;true;8202;1378;comment
5893;50;true;8203;1377;comment
5894;50;true;8203;1378;comment
5895;60;true;8204;1377;comment
5896;60;true;8204;1378;comment
5897;20;true;8204;1383;comment
5898;70;true;8205;1377;comment
5899;70;true;8205;1378;comment
5900;80;true;8206;1377;comment
5901;80;true;8206;1378;comment
5902;90;true;8207;1377;comment
5903;90;true;8207;1378;comment
5904;100;true;8208;1377;comment
5905;100;true;8208;1378;comment
5906;10;true;8209;1384;comment
5907;10;true;8209;1385;comment
5908;110;true;8210;1377;comment
5909;110;true;8210;1378;comment
5910;120;true;8211;1377;comment
5911;120;true;8211;1378;comment
5912;130;true;8212;1377;comment
5913;130;true;8212;1378;comment
5914;10;true;8213;1386;comment
5915;140;true;8214;1377;comment
5916;140;true;8214;1378;comment
5917;20;true;8215;1384;comment
5918;20;true;8215;1385;comment
5919;150;true;8216;1377;comment
5920;150;true;8216;1378;comment
5921;30;true;8217;1384;comment
5922;30;true;8217;1385;comment
5923;10;true;8218;1387;comment
5924;10;true;8218;1388;comment
5925;160;true;8219;1377;comment
5926;160;true;8219;1378;comment
5927;170;true;8220;1377;comment
5928;170;true;8220;1378;comment
5929;40;true;8221;1384;comment
5930;40;true;8221;1385;comment
5931;180;true;8222;1377;comment
5932;180;true;8222;1378;comment
5933;190;true;8223;1377;comment
5934;190;true;8223;1378;comment
5935;200;true;8224;1377;comment
5936;200;true;8224;1378;comment
5937;210;true;8225;1378;comment
5938;20;true;8225;1386;comment
5939;10;true;8226;1389;comment
5940;210;true;8227;1377;comment
5941;210;true;8227;1378;comment
5942;220;true;8228;1377;comment
5943;220;true;8228;1378;comment
5944;20;true;8229;1387;comment
5945;20;true;8229;1388;comment
5946;230;true;8230;1377;comment
5947;230;true;8230;1378;comment
5948;240;true;8231;1377;comment
5949;240;true;8231;1378;comment
5950;250;true;8232;1377;comment
5951;250;true;8232;1378;comment
5952;260;true;8233;1377;comment
5953;260;true;8233;1378;comment
5954;50;true;8234;1384;comment
5955;50;true;8234;1385;comment
5956;30;true;8235;1387;comment
5957;30;true;8235;1388;comment
5958;60;true;8236;1384;comment
5959;60;true;8236;1385;comment
5960;10;true;8237;1392;comment
5961;270;true;8238;1377;comment
5962;270;true;8238;1378;comment
5963;280;true;8239;1377;comment
5964;280;true;8239;1378;comment
5965;290;true;8240;1377;comment
5966;290;true;8240;1378;comment
5967;300;true;8241;1377;comment
5968;300;true;8241;1378;comment
5969;70;true;8242;1384;comment
5970;70;true;8242;1385;comment
5971;20;true;8243;1389;comment
5972;10;true;8244;1393;comment
5973;10;true;8244;1394;comment
5974;310;true;8245;1377;comment
5975;310;true;8245;1378;comment
5976;80;true;8246;1384;comment
5977;80;true;8246;1385;comment
5978;30;true;8247;1381;comment
5979;30;true;8247;1382;comment
5980;40;true;8248;1381;comment
5981;40;true;8248;1382;comment
5982;320;true;8249;1377;comment
5983;320;true;8249;1378;comment
5984;50;true;8250;1381;comment
5985;50;true;8250;1382;comment
5986;330;true;8251;1377;comment
5987;330;true;8251;1378;comment
5988;10;true;8252;1395;comment
5989;10;true;8252;1396;comment
5990;30;true;8253;1383;comment
5991;10;true;8254;1397;comment
5992;340;true;8255;1377;comment
5993;340;true;8255;1378;comment
5994;10;true;8256;1398;comment
5995;10;true;8256;1399;comment
5996;20;true;8257;1395;comment
5997;20;true;8257;1396;comment
5998;30;true;8258;1395;comment
6999;30;true;8258;1396;comment
6000;350;true;8259;1377;comment
6001;350;true;8259;1378;comment
6002;360;true;8260;1377;comment
6003;360;true;8260;1378;comment
6004;10;true;8261;1400;comment
6005;10;true;8261;1401;comment
6006;60;true;8262;1381;comment
6007;40;true;8263;1387;comment
6008;40;true;8263;1388;comment
6009;370;true;8264;1377;comment
6010;370;true;8264;1378;comment
6011;40;true;8265;1395;comment
6012;40;true;8265;1396;comment
6013;30;true;8266;1389;comment
6014;380;true;8267;1377;comment
6015;380;true;8267;1378;comment
6016;390;true;8268;1377;comment
6017;390;true;8268;1378;comment
6018;30;true;8269;1379;comment
6019;30;true;8269;1380;comment
6020;10;true;8270;1402;comment
6021;10;true;8270;1403;comment
6022;400;true;8271;1377;comment
6023;400;true;8271;1378;comment
6024;40;true;8272;1379;comment
6025;40;true;8272;1380;comment
6026;10;true;8273;1404;comment
6027;10;true;8274;1405;comment
6028;10;true;8274;1406;comment
6029;40;true;8275;1383;comment
6030;10;true;8276;1407;comment
6031;10;true;8276;1408;comment
6032;20;true;8276;1398;comment
6033;20;true;8276;1399;comment
6034;410;true;8277;1377;comment
6035;410;true;8277;1378;comment
6036;90;true;8278;1384;comment
6037;90;true;8278;1385;comment
6038;420;true;8279;1377;comment
6039;420;true;8279;1378;comment
6040;50;true;8280;1387;comment
6041;50;true;8280;1388;comment
6042;430;true;8281;1377;comment
6043;430;true;8281;1378;comment
6044;440;true;8282;1377;comment
6045;440;true;8282;1378;comment
6046;10;true;8283;1409;comment
6047;10;true;8284;1410;comment
6048;10;true;8285;1411;comment
6049;100;true;8286;1384;comment
6050;100;true;8286;1385;comment
6051;40;true;8287;1389;comment
6052;50;true;8288;1379;comment
6053;50;true;8288;1380;comment
6054;450;true;8289;1377;comment
6055;450;true;8289;1378;comment
6056;10;true;8290;1412;comment
6057;10;true;8291;1413;comment
6058;10;true;8291;1414;comment
6059;460;true;8292;1377;comment
6060;460;true;8292;1378;comment
6061;50;true;8293;1389;comment
6062;470;true;8294;1377;comment
6063;470;true;8294;1378;comment
6064;20;true;8295;1413;comment
6065;20;true;8295;1414;comment
6066;480;true;8296;1377;comment
6067;480;true;8296;1378;comment
6068;70;true;8297;1381;comment
6069;70;true;8297;1382;comment
6070;110;true;8298;1384;comment
6071;110;true;8298;1385;comment
6072;490;true;8299;1377;comment
6073;490;true;8299;1378;comment
6074;30;true;8300;1413;comment
6075;30;true;8300;1414;comment
6076;50;true;8301;1395;comment
6077;50;true;8301;1396;comment
6078;80;true;8302;1381;comment
6079;80;true;8302;1382;comment
6080;10;true;8303;1415;comment
6081;10;true;8303;1416;comment
6082;50;true;8304;1383;comment
6083;50;true;8305;1381;comment
6084;90;true;8305;1382;comment
6085;40;true;8306;1413;comment
6086;40;true;8306;1414;comment
6087;60;true;8307;1381;comment
6088;60;true;8307;1382;comment
6089;500;true;8308;1377;comment
6090;500;true;8308;1378;comment
6091;510;true;8309;1377;comment
6092;510;true;8309;1378;comment
6093;60;true;8310;1387;comment
6094;60;true;8310;1388;comment
6095;120;true;8311;1384;comment
6096;120;true;8311;1385;comment
6097;60;true;8312;1395;comment
6098;60;true;8312;1396;comment
6099;70;true;8313;1395;comment
6100;70;true;8313;1396;comment
6101;10;true;8314;1417;comment
6102;10;true;8315;1418;comment
6103;10;true;8315;1419;comment
6104;10;true;8316;1420;comment
6105;10;true;8316;1421;comment
6106;60;true;8317;1383;comment
6107;10;true;8318;1422;comment
6108;10;true;8319;1423;comment
6109;10;true;8320;1424;comment
6110;10;true;8320;1425;comment
6111;520;true;8321;1377;comment
6112;520;true;8321;1378;comment
6113;10;true;8322;1426;comment
6114;10;true;8323;1386;comment
6115;130;true;8324;1384;comment
6116;130;true;8324;1385;comment
6117;50;true;8325;1413;comment
6118;50;true;8325;1414;comment
6119;10;true;8326;1427;comment
6120;10;true;8326;1428;comment
6121;20;true;8327;1427;comment
6122;20;true;8327;1428;comment
6123;30;true;8328;1427;comment
6124;30;true;8328;1428;comment
6125;10;true;8329;1429;comment
6126;10;true;8329;1430;comment
6127;40;true;8330;1427;comment
6128;40;true;8330;1428;comment
6129;10;true;8331;1431;comment
6130;10;true;8331;1432;comment
6131;10;true;8332;1433;comment
6132;10;true;8332;1434;comment
6133;20;true;8333;1431;comment
6134;20;true;8333;1432;comment
6135;50;true;8334;1427;comment
6136;50;true;8334;1428;comment
6137;60;true;8335;1427;comment
6138;60;true;8335;1428;comment
6139;70;true;8336;1427;comment
6140;70;true;8336;1428;comment
6141;10;true;8337;1435;comment
6142;10;true;8338;1436;comment
6143;10;true;8338;1437;comment
6144;10;true;8339;1438;comment
6145;10;true;8339;1439;comment
6146;80;true;8340;1427;comment
6147;80;true;8340;1428;comment
6148;90;true;8341;1427;comment
6149;90;true;8341;1428;comment
6150;100;true;8342;1427;comment
6151;100;true;8342;1428;comment
6152;110;true;8343;1427;comment
6153;110;true;8343;1428;comment
6154;120;true;8344;1427;comment
6155;120;true;8344;1428;comment
6156;20;true;8345;1433;comment
6157;20;true;8345;1434;comment
6158;130;true;8346;1427;comment
6159;130;true;8346;1428;comment
6160;30;true;8347;1433;comment
6161;30;true;8347;1434;comment
6162;10;true;8348;1440;comment
6163;10;true;8348;1441;comment
6164;140;true;8349;1427;comment
6165;140;true;8349;1428;comment
6166;150;true;8350;1427;comment
6167;150;true;8350;1428;comment
6168;160;true;8351;1427;comment
6169;160;true;8351;1428;comment
6170;170;true;8352;1427;comment
6171;170;true;8352;1428;comment
6172;180;true;8353;1427;comment
6173;180;true;8353;1428;comment
6174;40;true;8354;1433;comment
6175;40;true;8354;1434;comment
6176;190;true;8355;1427;comment
6177;190;true;8355;1428;comment
6178;30;true;8356;1431;comment
6179;30;true;8356;1432;comment
6180;50;true;8357;1433;comment
6181;50;true;8357;1434;comment
6182;200;true;8358;1427;comment
6183;200;true;8358;1428;comment
6184;60;true;8359;1433;comment
6185;60;true;8359;1434;comment
6186;10;true;8360;1442;comment
6187;10;true;8360;1443;comment
6188;20;true;8361;1429;comment
6189;20;true;8361;1430;comment
6190;70;true;8362;1433;comment
6191;70;true;8362;1434;comment
6192;20;true;8363;1442;comment
6193;20;true;8363;1443;comment
6194;30;true;8364;1429;comment
6195;30;true;8364;1430;comment
6196;210;true;8365;1427;comment
6197;210;true;8365;1428;comment
6198;220;true;8366;1427;comment
6299;220;true;8366;1428;comment
6200;10;true;8367;1444;comment
6201;10;true;8367;1445;comment
6202;10;true;8368;1446;comment
6203;10;true;8368;1447;comment
6204;80;true;8369;1433;comment
6205;80;true;8369;1434;comment
6206;30;true;8370;1442;comment
6207;30;true;8370;1443;comment
6208;10;true;8371;1448;comment
6209;10;true;8371;1449;comment
6210;20;true;8372;1448;comment
6211;20;true;8372;1449;comment
6212;30;true;8373;1448;comment
6213;30;true;8373;1449;comment
6214;40;true;8374;1448;comment
6215;40;true;8374;1449;comment
6216;50;true;8375;1448;comment
6217;50;true;8375;1449;comment
6218;60;true;8376;1448;comment
6219;60;true;8376;1449;comment
6220;10;true;8377;1450;comment
6221;10;true;8377;1451;comment
6222;10;true;8378;1452;comment
6223;10;true;8378;1453;comment
6224;10;true;8379;1454;comment
6225;10;true;8379;1455;comment
6226;70;true;8380;1448;comment
6227;70;true;8380;1449;comment
6228;80;true;8381;1448;comment
6229;80;true;8381;1449;comment
6230;90;true;8382;1448;comment
6231;90;true;8382;1449;comment
6232;100;true;8383;1448;comment
6233;100;true;8383;1449;comment
6234;110;true;8384;1448;comment
6235;110;true;8384;1449;comment
6236;120;true;8385;1448;comment
6237;120;true;8385;1449;comment
6238;130;true;8386;1448;comment
6239;130;true;8386;1449;comment
6240;140;true;8387;1448;comment
6241;140;true;8387;1449;comment
6242;10;true;8388;1456;comment
6243;10;true;8388;1457;comment
6244;150;true;8389;1448;comment
6245;150;true;8389;1449;comment
6246;10;true;8390;1458;comment
6247;10;true;8390;1459;comment
6248;20;true;8391;1458;comment
6249;20;true;8391;1459;comment
6250;30;true;8392;1458;comment
6251;30;true;8392;1459;comment
6252;10;true;8393;1460;comment
6253;10;true;8393;1461;comment
6254;40;true;8394;1458;comment
6255;40;true;8394;1459;comment
6256;50;true;8395;1458;comment
6257;50;true;8395;1459;comment
6258;60;true;8396;1458;comment
6259;60;true;8396;1459;comment
6260;70;true;8397;1458;comment
6261;70;true;8397;1459;comment
6262;80;true;8398;1458;comment
6263;80;true;8398;1459;comment
6264;90;true;8399;1458;comment
6265;90;true;8399;1459;comment
6266;100;true;8400;1458;comment
6267;100;true;8400;1459;comment
6268;110;true;8401;1458;comment
6269;110;true;8401;1459;comment
6270;120;true;8402;1458;comment
6271;120;true;8402;1459;comment
6272;10;true;8403;1462;comment
6273;10;true;8403;1463;comment
6274;130;true;8404;1458;comment
6275;130;true;8404;1459;comment
6276;140;true;8405;1458;comment
6277;140;true;8405;1459;comment
6278;10;true;8406;1464;comment
6279;10;true;8406;1465;comment
6280;150;true;8407;1458;comment
6281;150;true;8407;1459;comment
6282;160;true;8408;1458;comment
6283;160;true;8408;1459;comment
6284;10;true;8409;1466;comment
6285;10;true;8409;1467;comment
6286;170;true;8410;1458;comment
6287;170;true;8410;1459;comment
6288;180;true;8411;1458;comment
6289;180;true;8411;1459;comment
6290;190;true;8412;1458;comment
6291;190;true;8412;1459;comment
6292;200;true;8413;1464;comment
6293;200;true;8413;1465;comment
6294;10;true;8414;1468;comment
6295;10;true;8414;1469;comment
6296;210;true;8415;1464;comment
6297;210;true;8415;1465;comment
6298;10;true;8416;1470;comment
6299;20;true;8416;1471;comment
6300;20;true;8417;1460;comment
6301;20;true;8417;1461;comment
6302;220;true;8418;1464;comment
6303;220;true;8418;1465;comment
6304;10;true;8419;1472;comment
6305;10;true;8419;1473;comment
6306;200;true;8420;1458;comment
6307;210;true;8420;1459;comment
6308;10;true;8421;1474;comment
6309;10;true;8421;1475;comment
6310;20;true;8422;1468;comment
6311;20;true;8422;1469;comment
6312;210;true;8423;1458;comment
6313;210;true;8423;1459;comment
6314;220;true;8424;1458;comment
6315;220;true;8424;1459;comment
6316;30;true;8425;1460;comment
6317;30;true;8425;1461;comment
6318;20;true;8426;1470;comment
6319;20;true;8426;1471;comment
6320;10;true;8427;1476;comment
6321;10;true;8427;1477;comment
6322;20;true;8428;1474;comment
6323;20;true;8428;1475;comment
6324;230;true;8429;1464;comment
6325;230;true;8429;1465;comment
6326;230;true;8430;1458;comment
6327;230;true;8430;1459;comment
6328;30;true;8431;1468;comment
6329;30;true;8431;1469;comment
6330;240;true;8432;1458;comment
6331;240;true;8432;1459;comment
6332;10;true;8433;1478;comment
6333;10;true;8433;1479;comment
6334;250;true;8434;1458;comment
6335;250;true;8434;1459;comment
6336;240;true;8435;1464;comment
6337;240;true;8435;1465;comment
6338;20;true;8436;1472;comment
6339;20;true;8436;1473;comment
6340;250;true;8437;1464;comment
6341;250;true;8437;1465;comment
6342;10;true;8438;1480;comment
6343;10;true;8438;1481;comment
6344;40;true;8439;1460;comment
6345;40;true;8439;1461;comment
6346;10;true;8440;1482;comment
6347;10;true;8440;1483;comment
6348;20;true;8441;1482;comment
6349;20;true;8441;1483;comment
6350;10;true;8442;1484;comment
6351;10;true;8442;1485;comment
6352;50;true;8443;1460;comment
6353;50;true;8443;1461;comment
6354;10;true;8444;1468;comment
6355;10;true;8444;1469;comment
6356;60;true;8445;1460;comment
6357;60;true;8445;1461;comment
6358;260;true;8446;1458;comment
6359;260;true;8446;1459;comment
6360;70;true;8447;1460;comment
6361;70;true;8447;1461;comment
6362;20;true;8448;1478;comment
6363;20;true;8448;1479;comment
6364;270;true;8449;1458;comment
6365;270;true;8449;1459;comment
6366;260;true;8450;1464;comment
6367;260;true;8450;1465;comment
6368;10;true;8451;1486;comment
6369;10;true;8451;1487;comment
6370;280;true;8452;1458;comment
6371;280;true;8452;1459;comment
6372;20;true;8453;1480;comment
6373;20;true;8453;1481;comment
6374;290;true;8454;1458;comment
6375;290;true;8454;1459;comment
6376;300;true;8455;1458;comment
6377;300;true;8455;1459;comment
6378;270;true;8456;1464;comment
6379;270;true;8456;1465;comment
6380;310;true;8457;1458;comment
6381;310;true;8457;1459;comment
6382;10;true;8458;1488;comment
6383;10;true;8458;1489;comment
6384;20;true;8459;1488;comment
6385;20;true;8459;1489;comment
6386;30;true;8460;1488;comment
6387;30;true;8460;1489;comment
6388;40;true;5668;1488;comment
6389;40;true;5668;1489;comment
6390;50;true;8461;1488;comment
6391;50;true;8461;1489;comment
6392;60;true;8462;1488;comment
6393;60;true;8462;1489;comment
6394;10;true;8463;1490;comment
6395;10;true;8463;1491;comment
6396;10;true;8464;1492;comment
6397;10;true;8464;1493;comment
6398;70;true;8465;1488;comment
6399;70;true;8465;1489;comment
6400;80;true;8466;1488;comment
6401;80;true;8466;1489;comment
6402;10;true;8467;1494;comment
6403;10;true;8467;1495;comment
6404;90;true;8468;1488;comment
6405;90;true;8468;1489;comment
6406;10;true;8469;1496;comment
6407;10;true;8469;1497;comment
6408;100;true;8470;1488;comment
6409;100;true;8470;1489;comment
6410;110;true;8471;1488;comment
6411;110;true;8471;1489;comment
6412;20;true;7974;1496;comment
6413;20;true;7974;1497;comment
6414;120;true;8472;1488;comment
6415;120;true;8472;1489;comment
6416;130;true;8473;1488;comment
6417;130;true;8473;1489;comment
6418;140;true;8474;1488;comment
6419;140;true;8474;1489;comment
6420;150;true;8475;1488;comment
6421;150;true;8475;1489;comment
6422;160;true;8476;1498;comment
6423;160;true;8476;1499;comment
6424;10;true;8477;1500;comment
6425;10;true;8477;1501;comment
6426;170;true;8478;1488;comment
6427;170;true;8478;1489;comment
6428;10;true;8479;1502;comment
6429;10;true;8479;1503;comment
6430;180;true;8479;1488;comment
6431;180;true;8479;1489;comment
6432;10;true;8480;1504;comment
6433;10;true;8480;1505;comment
6434;10;true;8481;1506;comment
6435;10;true;8481;1507;comment
6436;10;true;8482;1508;comment
6437;10;true;8482;1509;comment
6438;10;true;8483;1510;comment
6439;10;true;8483;1511;comment
6440;190;true;8484;1488;comment
6441;190;true;8484;1489;comment
6442;200;true;8485;1488;comment
6443;200;true;8485;1489;comment
6444;210;true;8486;1488;comment
6445;210;true;8486;1489;comment
6446;220;true;8487;1488;comment
6447;220;true;8487;1489;comment
6448;10;true;8488;1518;comment
6449;10;true;8488;1519;comment
6450;230;true;8489;1488;comment
6451;230;true;8489;1489;comment
6452;10;true;8490;1512;comment
6453;10;true;8490;1513;comment
6454;220;true;8491;1498;comment
6455;220;true;8491;1499;comment
6456;20;true;8492;1490;comment
6457;20;true;8492;1491;comment
6458;10;true;8493;1514;comment
6459;10;true;8493;1515;comment
6460;30;true;8494;1490;comment
6461;30;true;8494;1491;comment
6462;240;true;8495;1488;comment
6463;240;true;8495;1489;comment
6464;40;true;8496;1490;comment
6465;40;true;8496;1491;comment
6466;50;true;8497;1490;comment
6467;50;true;8497;1491;comment
6468;10;true;8498;1516;comment
6469;10;true;8498;1517;comment
6470;60;true;8499;1490;comment
6471;60;true;8499;1491;comment
6472;20;true;8500;1518;comment
6473;20;true;8500;1519;comment
6474;10;true;8501;1520;comment
6475;10;true;8501;1521;comment
6476;70;true;8502;1490;comment
6477;70;true;8502;1491;comment
6478;20;true;8503;1520;comment
6479;20;true;8503;1521;comment
6480;20;true;8504;1512;comment
6481;20;true;8504;1513;comment
6482;250;true;8505;1488;comment
6483;250;true;8505;1489;comment
6484;260;true;8506;1488;comment
6485;260;true;8506;1489;comment
6486;10;true;8507;1522;comment
6487;10;true;8507;1523;comment
6488;20;true;8508;1522;comment
6489;20;true;8508;1523;comment
6490;30;true;8509;1522;comment
6491;30;true;8509;1523;comment
6492;40;true;8510;1522;comment
6493;40;true;8510;1523;comment
6494;50;true;8511;1522;comment
6495;50;true;8511;1523;comment
6496;10;true;8512;1524;comment
6497;10;true;8512;1525;comment
6498;60;true;8513;1522;comment
6499;60;true;8513;1523;comment
6500;20;true;8514;1524;comment
6501;20;true;8514;1525;comment
6502;70;true;8515;1522;comment
6503;70;true;8515;1523;comment
6504;80;true;8516;1522;comment
6505;80;true;8516;1523;comment
6506;10;true;8517;1526;comment
6507;10;true;8517;1527;comment
6508;10;true;8518;1528;comment
6509;90;true;8519;1522;comment
6510;90;true;8519;1523;comment
6511;100;true;8520;1522;comment
6512;100;true;8520;1523;comment
6513;110;true;8521;1522;comment
6514;110;true;8521;1523;comment
6515;120;true;8522;1522;comment
6516;120;true;8522;1523;comment
6517;10;true;8523;1529;comment
6518;30;true;8524;1524;comment
6519;30;true;8524;1525;comment
6520;130;true;8525;1522;comment
6521;130;true;8525;1523;comment
6522;140;true;8526;1522;comment
6523;140;true;8526;1523;comment
6524;150;true;8527;1522;comment
6525;150;true;8527;1523;comment
6526;10;true;8528;1530;comment
6527;10;true;8528;1531;comment
6528;160;true;8529;1522;comment
6529;160;true;8529;1523;comment
6530;170;true;8530;1522;comment
6531;170;true;8530;1523;comment
6532;10;true;8531;1532;comment
6533;10;true;8531;1533;comment
6534;10;true;8532;1534;comment
6535;10;true;8532;1535;comment
6536;180;true;8533;1522;comment
6537;180;true;8533;1523;comment
6538;190;true;8534;1522;comment
6539;190;true;8534;1523;comment
6540;200;true;8535;1522;comment
6541;200;true;8535;1523;comment
6542;10;true;8536;1536;comment
6543;10;true;8536;1537;comment
6544;10;true;8537;1538;comment
6545;10;true;8537;1539;comment
6546;20;true;8538;1532;comment
6547;20;true;8538;1533;comment
6548;210;true;8539;1522;comment
6549;210;true;8539;1523;comment
6550;10;true;8540;1540;comment
6551;10;true;8540;1541;comment
6552;220;true;8541;1522;comment
6553;220;true;8541;1523;comment
6554;230;true;8542;1522;comment
6555;230;true;8542;1523;comment
6556;240;true;8543;1522;comment
6557;240;true;8543;1523;comment
6558;250;true;8544;1522;comment
6559;250;true;8544;1523;comment
6560;260;true;8545;1522;comment
6561;260;true;8545;1523;comment
6562;270;true;8546;1522;comment
6563;270;true;8546;1523;comment
6564;10;true;8547;1542;comment
6565;10;true;8547;1543;comment
6566;280;true;8548;1522;comment
6567;280;true;8548;1523;comment
6568;10;true;8549;1544;comment
6569;10;true;8549;1545;comment
6570;290;true;8550;1522;comment
6571;290;true;8550;1523;comment
6572;300;true;8551;1522;comment
6573;300;true;8551;1523;comment
6574;310;true;8552;1522;comment
6575;310;true;8552;1523;comment
6576;320;true;8553;1522;comment
6577;320;true;8553;1523;comment
6578;20;true;8554;1529;comment
6579;10;true;8555;1546;comment
6580;330;true;8556;1522;comment
6581;330;true;8556;1523;comment
6582;10;true;8557;1547;comment
6583;10;true;8557;1548;comment
6584;20;true;8558;1540;comment
6585;20;true;8558;1541;comment
6586;340;true;8559;1522;comment
6587;340;true;8559;1523;comment
6588;40;true;8560;1524;comment
6589;40;true;8560;1525;comment
6590;350;true;8561;1522;comment
6591;350;true;8561;1523;comment
6592;30;true;8562;1529;comment
6593;30;true;8563;1532;comment
6594;30;true;8563;1533;comment
6595;360;true;8564;1522;comment
6596;360;true;8564;1523;comment
6597;370;true;8565;1522;comment
6598;370;true;8565;1523;comment
6599;380;true;8566;1522;comment
6600;380;true;8566;1523;comment
6601;10;true;8567;1549;comment
6602;10;true;8568;1550;comment
6603;10;true;8568;1551;comment
6604;390;true;8569;1522;comment
6605;390;true;8569;1523;comment
6606;30;true;8570;1540;comment
6607;30;true;8570;1541;comment
6608;10;true;8571;1552;comment
6609;20;true;8572;1542;comment
6610;20;true;8572;1543;comment
6611;400;true;8573;1522;comment
6612;400;true;8573;1523;comment
6613;10;true;8574;1553;comment
6614;10;true;8574;1554;comment
6615;410;true;8575;1522;comment
6616;410;true;8575;1523;comment
6617;40;true;8576;1540;comment
6618;40;true;8576;1541;comment
6619;20;true;8577;1528;comment
6620;420;true;8578;1522;comment
6621;420;true;8578;1523;comment
6622;20;true;8579;1546;comment
6623;20;true;8580;1538;comment
6624;20;true;8580;1539;comment
6625;20;true;8581;1530;comment
6626;20;true;8581;1531;comment
6627;430;true;8582;1522;comment
6628;430;true;8582;1523;comment
6629;10;true;8583;1555;comment
6630;10;true;8583;1556;comment
6631;50;true;8584;1540;comment
6632;50;true;8584;1541;comment
6633;20;true;8585;1549;comment
6634;10;true;8586;1557;comment
6635;10;true;8586;1558;comment
6636;440;true;8587;1522;comment
6637;440;true;8587;1523;comment
6638;20;true;8588;1557;comment
6639;20;true;8588;1558;comment
6640;20;true;8589;1526;comment
6641;20;true;8589;1527;comment
6642;60;true;8590;1540;comment
6643;60;true;8590;1541;comment
6644;450;true;8591;1522;comment
6645;450;true;8591;1523;comment
6646;30;true;8592;1528;comment
6647;40;true;8593;1528;comment
6648;30;true;8594;1557;comment
6649;30;true;8594;1558;comment
6650;460;true;8595;1522;comment
6651;460;true;8595;1523;comment
6652;30;true;8596;1530;comment
6653;30;true;8596;1531;comment
6654;20;true;8597;1534;comment
6655;20;true;8597;1535;comment
6656;470;true;8598;1522;comment
6657;470;true;8598;1523;comment
6658;30;true;8599;1538;comment
6659;30;true;8599;1539;comment
6660;20;true;8600;1552;comment
6661;40;true;8601;1532;comment
6662;40;true;8601;1533;comment
6663;480;true;8602;1522;comment
6664;480;true;8602;1523;comment
6665;50;true;8603;1524;comment
6666;50;true;8603;1525;comment
6667;490;true;8604;1522;comment
6668;490;true;8604;1523;comment
6669;40;true;8605;1529;comment
6670;70;true;8606;1540;comment
6671;70;true;8606;1541;comment
6672;10;true;8607;1559;comment
6673;500;true;8608;1522;comment
6674;500;true;8608;1523;comment
6675;50;true;8609;1532;comment
6676;50;true;8609;1533;comment
6677;30;true;8610;1534;comment
6678;30;true;8610;1535;comment
6679;510;true;8611;1522;comment
6680;510;true;8611;1523;comment
6681;40;true;8612;1557;comment
6682;40;true;8612;1558;comment
6683;20;true;8613;1555;comment
6684;20;true;8613;1556;comment
6685;10;true;8614;1560;comment
6686;10;true;8614;1561;comment
6687;10;true;8615;1562;comment
6688;10;true;8615;1563;comment
6689;10;true;8616;1564;comment
6690;10;true;8616;1565;comment
6691;20;true;8617;1560;comment
6692;20;true;8617;1561;comment
6693;40;true;8618;1530;comment
6694;40;true;8618;1531;comment
6695;50;true;8619;1530;comment
6696;50;true;8619;1531;comment
6697;520;true;8620;1522;comment
6698;520;true;8620;1523;comment
6699;20;true;8621;1553;comment
6700;20;true;8621;1554;comment
6701;30;true;8622;1526;comment
6702;30;true;8622;1527;comment
6703;10;true;8623;1566;comment
6704;10;true;8623;1567;comment
6705;30;true;8624;1555;comment
6706;30;true;8624;1556;comment
6707;10;true;8625;1568;comment
6708;30;true;8626;1560;comment
6709;30;true;8626;1561;comment
6710;20;true;8627;1544;comment
6711;20;true;8627;1545;comment
6712;60;true;8628;1530;comment
6713;60;true;8628;1531;comment
6714;530;true;8629;1522;comment
6715;530;true;8629;1523;comment
6716;80;true;8630;1540;comment
6717;80;true;8630;1541;comment
6718;10;true;8631;1569;comment
6719;10;true;8631;1570;comment
6720;20;true;8632;1564;comment
6721;20;true;8632;1565;comment
6722;30;true;8633;1544;comment
6723;30;true;8633;1545;comment
6724;30;true;8634;1549;comment
6725;10;true;8635;1571;comment
6726;10;true;8635;1572;comment
6727;60;true;8636;1532;comment
6728;60;true;8636;1533;comment
6729;540;true;8637;1522;comment
6730;540;true;8637;1523;comment
6731;70;true;8638;1532;comment
6732;70;true;8638;1533;comment
6733;80;true;8639;1532;comment
6734;80;true;8639;1533;comment
6735;60;true;8640;1524;comment
6736;60;true;8640;1525;comment
6737;70;true;8641;1524;comment
6738;70;true;8641;1525;comment
6739;550;true;8642;1522;comment
6740;550;true;8642;1523;comment
6741;560;true;8643;1522;comment
6742;560;true;8643;1523;comment
6743;10;true;8644;1573;comment
6744;10;true;8645;1574;comment
6745;90;true;8646;1532;comment
6746;90;true;8646;1533;comment
6747;570;true;8647;1522;comment
6748;570;true;8647;1523;comment
6749;70;true;8648;1530;comment
6750;70;true;8648;1531;comment
6751;100;true;8649;1532;comment
6752;100;true;8649;1533;comment
6753;20;true;8650;1562;comment
6754;20;true;8650;1563;comment
6755;20;true;8651;1571;comment
6756;20;true;8651;1572;comment
6757;20;true;8652;1550;comment
6758;20;true;8652;1551;comment
6759;10;true;8653;1575;comment
6760;80;true;8654;1524;comment
6761;80;true;8654;1525;comment
6762;80;true;8655;1530;comment
6763;80;true;8655;1531;comment
6764;580;true;8656;1522;comment
6765;580;true;8656;1523;comment
6766;10;true;8657;1576;comment
6767;10;true;8657;1577;comment
6768;40;true;8658;1555;comment
6769;40;true;8658;1556;comment
6770;10;true;8659;1578;comment
6771;90;true;8660;1530;comment
6772;90;true;8660;1531;comment
6773;110;true;8661;1532;comment
6774;110;true;8661;1533;comment
6775;120;true;8662;1532;comment
6776;120;true;8662;1533;comment
6777;590;true;8663;1522;comment
6778;590;true;8663;1523;comment
6779;130;true;8664;1532;comment
6780;130;true;8664;1533;comment
6781;30;true;8665;1553;comment
6782;30;true;8665;1554;comment
6783;600;true;8666;1522;comment
6784;600;true;8666;1523;comment
6785;10;true;8667;1579;comment
6786;90;true;8668;1524;comment
6787;90;true;8668;1525;comment
6788;40;true;8669;1544;comment
6789;40;true;8669;1545;comment
6790;100;true;8670;1530;comment
6791;100;true;8670;1531;comment
6792;40;true;8671;1560;comment
6793;40;true;8671;1561;comment
6794;10;true;8672;1580;comment
6795;10;true;8672;1581;comment
6796;50;true;8673;1560;comment
6797;50;true;8673;1561;comment
6798;140;true;8674;1532;comment
6799;140;true;8674;1533;comment
6800;10;true;8675;1582;comment
6801;150;true;8676;1532;comment
6802;150;true;8676;1533;comment
6803;10;true;8677;1583;comment
6804;10;true;8677;1584;comment
6805;100;true;8678;1524;comment
6806;100;true;8678;1525;comment
6807;30;true;8679;1562;comment
6808;30;true;8679;1563;comment
6809;110;true;8680;1524;comment
6810;110;true;8680;1525;comment
6811;40;true;8681;1526;comment
6812;40;true;8681;1527;comment
6813;50;true;8682;1529;comment
6814;110;true;8683;1530;comment
6815;110;true;8683;1531;comment
6816;30;true;8684;1564;comment
6817;30;true;8684;1565;comment
6818;120;true;8685;1530;comment
6819;120;true;8685;1531;comment
6820;20;true;8686;1583;comment
6821;20;true;8686;1584;comment
6822;90;true;8687;1540;comment
6823;90;true;8687;1541;comment
6824;160;true;8688;1532;comment
6825;160;true;8688;1533;comment
6826;170;true;8689;1532;comment
6827;170;true;8689;1533;comment
6828;40;true;8690;1538;comment
6829;40;true;8690;1539;comment
6830;610;true;8691;1522;comment
6831;610;true;8691;1523;comment
6832;130;true;8692;1530;comment
6833;130;true;8692;1531;comment
6834;620;true;8693;1522;comment
6835;620;true;8693;1523;comment
6836;630;true;8694;1522;comment
6837;630;true;8694;1523;comment
6838;40;true;8695;1553;comment
6839;40;true;8695;1554;comment
6840;10;true;8696;1585;comment
6841;10;true;8696;1586;comment
6842;10;true;8697;1587;comment
6843;10;true;8697;1588;comment
6844;10;true;8698;1589;comment
6845;10;true;8698;1590;comment
6846;20;true;8699;1585;comment
6847;20;true;8699;1586;comment
6848;30;true;8700;1585;comment
6849;30;true;8700;1586;comment
6850;40;true;8701;1585;comment
6851;40;true;8701;1586;comment
6852;10;true;8702;1591;comment
6853;10;true;8702;1592;comment
6854;20;true;8703;1591;comment
6855;20;true;8703;1592;comment
6856;50;true;8704;1585;comment
6857;50;true;8704;1586;comment
6858;20;true;8705;1587;comment
6859;20;true;8705;1588;comment
6860;60;true;8706;1585;comment
6861;60;true;8706;1586;comment
6862;30;true;8707;1591;comment
6863;30;true;8707;1592;comment
6864;40;true;8708;1591;comment
6865;40;true;8708;1592;comment
6866;50;true;8709;1591;comment
6867;50;true;8709;1592;comment
6868;30;true;8710;1587;comment
6869;30;true;8710;1588;comment
6870;60;true;8711;1591;comment
6871;60;true;8711;1592;comment
6872;70;true;8712;1591;comment
6873;70;true;8712;1592;comment
6874;70;true;8713;1585;comment
6875;70;true;8713;1586;comment
6876;80;true;8714;1591;comment
6877;80;true;8714;1592;comment
6878;10;true;8715;1593;comment
6879;10;true;8715;1594;comment
6880;90;true;8716;1591;comment
6881;90;true;8716;1592;comment
6882;80;true;8717;1585;comment
6883;80;true;8717;1586;comment
6884;90;true;8718;1585;comment
6885;90;true;8718;1586;comment
6886;100;true;8719;1585;comment
6887;100;true;8719;1586;comment
6888;110;true;8720;1585;comment
6889;110;true;8720;1586;comment
6890;10;true;8721;1595;comment
6891;10;true;8721;1596;comment
6892;20;true;8722;1595;comment
6893;20;true;8722;1596;comment
6894;30;true;8723;1595;comment
6895;30;true;8723;1596;comment
6896;40;true;8724;1595;comment
6897;40;true;8724;1596;comment
6898;50;true;8725;1595;comment
6899;50;true;8725;1596;comment
6900;60;true;8726;1595;comment
6901;60;true;8726;1596;comment
6902;70;true;8727;1595;comment
6903;70;true;8727;1596;comment
6904;10;true;8728;1597;comment
6905;10;true;8728;1598;comment
6906;10;true;8729;1599;comment
6907;10;true;8729;1600;comment
6908;80;true;8730;1595;comment
6909;80;true;8730;1596;comment
6910;90;true;8731;1595;comment
6911;90;true;8731;1596;comment
6912;100;true;8732;1595;comment
6913;100;true;8732;1596;comment
6914;10;true;8733;1601;comment
6915;10;true;8733;1602;comment
6916;10;true;8734;1603;comment
6917;10;true;8734;1604;comment
6918;110;true;8735;1595;comment
6919;110;true;8735;1596;comment
6920;120;true;8736;1595;comment
6921;120;true;8736;1596;comment
6922;130;true;8737;1595;comment
6923;130;true;8737;1596;comment
6924;140;true;8738;1595;comment
6925;140;true;8738;1596;comment
6926;150;true;8739;1595;comment
6927;150;true;8739;1596;comment
6928;160;true;8740;1595;comment
6929;160;true;8740;1596;comment
6930;170;true;8741;1595;comment
6931;170;true;8741;1596;comment
6932;10;true;8742;1605;comment
6933;10;true;8742;1606;comment
6934;10;true;8743;1607;comment
6935;10;true;8743;1608;comment
6936;180;true;8744;1595;comment
6937;180;true;8744;1596;comment
6938;20;true;8745;1597;comment
6939;20;true;8745;1598;comment
6940;20;true;8746;1603;comment
6941;20;true;8746;1604;comment
6942;30;true;8747;1604;comment
6943;30;true;8748;1597;comment
6944;30;true;8748;1598;comment
6945;10;true;8749;1609;comment
6946;10;true;8749;1610;comment
6947;20;true;8750;1609;comment
6948;20;true;8750;1610;comment
6949;30;true;8751;1609;comment
6950;30;true;8751;1610;comment
6951;40;true;8752;1609;comment
6952;40;true;8752;1610;comment
6953;50;true;8753;1609;comment
6954;50;true;8753;1610;comment
6955;10;true;8754;1611;comment
6956;10;true;8754;1612;comment
6957;60;true;8755;1609;comment
6958;60;true;8755;1610;comment
6959;70;true;8756;1609;comment
6960;70;true;8756;1610;comment
6961;10;true;8757;1613;comment
6962;80;true;8758;1609;comment
6963;80;true;8758;1610;comment
6964;90;true;8759;1609;comment
6965;90;true;8759;1610;comment
6966;100;true;8760;1609;comment
6967;100;true;8760;1610;comment
6968;110;true;8761;1609;comment
6969;110;true;8761;1610;comment
6970;120;true;8762;1609;comment
6971;120;true;8762;1610;comment
6972;130;true;8763;1609;comment
6973;130;true;8763;1610;comment
6974;140;true;8764;1609;comment
6975;140;true;8764;1610;comment
6976;150;true;8765;1609;comment
6977;150;true;8765;1610;comment
6978;160;true;8766;1609;comment
6979;160;true;8766;1610;comment
6980;10;true;8767;1616;comment
6981;10;true;8767;1617;comment
6982;10;true;2588;1614;comment
6983;10;true;2588;1615;comment
6984;20;true;8768;1613;comment
6985;170;true;8769;1609;comment
6986;170;true;8769;1610;comment
6987;10;true;8770;1618;comment
6988;10;true;8771;1619;comment
6989;10;true;8771;1620;comment
6990;180;true;8772;1609;comment
6991;180;true;8772;1610;comment
6992;20;true;8773;1618;comment
6993;190;true;8774;1609;comment
6994;190;true;8774;1610;comment
6995;10;true;8775;1621;comment
6996;200;true;8776;1609;comment
6997;200;true;8776;1610;comment
6998;10;true;8777;1622;comment
6999;20;true;8778;1616;comment
7000;20;true;8778;1617;comment
7001;30;true;8779;1618;comment
7002;210;true;8780;1609;comment
7003;210;true;8780;1610;comment
7004;220;true;8781;1609;comment
7005;220;true;8781;1610;comment
7006;10;true;8782;1623;comment
7007;10;true;8782;1624;comment
7008;230;true;8783;1609;comment
7009;230;true;8783;1610;comment
7010;240;true;8784;1609;comment
7011;240;true;8784;1610;comment
7012;250;true;8785;1609;comment
7013;260;true;8786;1609;comment
7014;260;true;8786;1610;comment
7015;270;true;8787;1609;comment
7016;270;true;8787;1610;comment
7017;10;true;8788;1625;comment
7018;280;true;8789;1609;comment
7019;280;true;8789;1610;comment
7020;30;true;8790;1616;comment
7021;30;true;8790;1617;comment
7022;290;true;8791;1609;comment
7023;290;true;8791;1610;comment
7024;300;true;8792;1609;comment
7025;300;true;8792;1610;comment
7026;20;true;8793;1614;comment
7027;20;true;8793;1615;comment
7028;10;true;8794;1626;comment
7029;10;true;8794;1627;comment
7030;40;true;8795;1616;comment
7031;40;true;8795;1617;comment
7032;10;true;8796;1628;comment
7033;10;true;8796;1629;comment
7034;10;true;8797;1630;comment
7035;10;true;8797;1631;comment
7036;20;true;8798;1625;comment
7037;310;true;8799;1609;comment
7038;310;true;8799;1610;comment
7039;10;true;8800;1632;comment
7040;10;true;8800;1633;comment
7041;10;true;8801;1634;comment
7042;320;true;8802;1609;comment
7043;320;true;8802;1610;comment
7044;20;true;8803;1611;comment
7045;20;true;8803;1612;comment
7046;40;true;8804;1618;comment
7047;330;true;8805;1609;comment
7048;330;true;8805;1610;comment
7049;10;true;8806;1635;comment
7050;10;true;8806;1636;comment
7051;20;true;8807;1626;comment
7052;20;true;8807;1627;comment
7053;10;true;8808;1637;comment
7054;10;true;8808;1638;comment
7055;20;true;8809;1635;comment
7056;20;true;8809;1636;comment
7057;50;true;8810;1616;comment
7058;50;true;8810;1617;comment
7059;30;true;8811;1614;comment
7060;30;true;8811;1615;comment
7061;10;true;8812;1639;comment
7062;10;true;8812;1640;comment
7063;10;true;8813;1641;comment
7064;10;true;8813;1642;comment
7065;10;true;8814;1643;comment
7066;10;true;8814;1644;comment
7067;20;true;8815;1628;comment
7068;20;true;8815;1629;comment
7069;10;true;8816;1645;comment
7070;10;true;8816;1646;comment
7071;10;true;8817;1647;comment
7072;10;true;8817;1648;comment
7073;10;true;8818;1649;comment
7074;10;true;8818;1650;comment
7075;350;true;8819;1609;comment
7076;350;true;8819;1610;comment
7077;20;true;8820;1621;comment
7078;10;true;8821;1651;comment
7079;360;true;8822;1609;comment
7080;360;true;8822;1610;comment
7081;370;true;8823;1609;comment
7082;370;true;8823;1610;comment
7083;10;true;8824;1653;comment
7084;10;true;8824;1654;comment
7085;10;true;8825;1655;comment
7086;10;true;8825;1656;comment
7087;20;true;8826;1630;comment
7088;20;true;8826;1631;comment
7089;10;true;8827;1657;comment
7090;20;true;8828;1619;comment
7091;20;true;8828;1620;comment
7092;20;true;8829;1643;comment
7093;20;true;8829;1644;comment
7094;10;true;8829;1658;comment
7095;380;true;8830;1609;comment
7096;380;true;8830;1610;comment
7097;20;true;8831;1647;comment
7098;20;true;8831;1648;comment
7099;30;true;8832;1635;comment
7100;30;true;8832;1636;comment
7101;20;true;8833;1623;comment
7102;20;true;8833;1624;comment
7103;390;true;8834;1609;comment
7104;390;true;8834;1610;comment
7105;10;true;8835;1659;comment
7106;10;true;8835;1660;comment
7107;400;true;8836;1609;comment
7108;400;true;8836;1610;comment
7109;40;true;8837;1614;comment
7110;40;true;8837;1615;comment
7111;60;true;8838;1616;comment
7112;60;true;8838;1617;comment
7113;30;true;8839;1625;comment
7114;30;true;8840;1628;comment
7115;30;true;8840;1629;comment
7116;20;true;8841;1645;comment
7117;20;true;8841;1646;comment
7118;10;true;8842;1661;comment
7119;20;true;8843;1659;comment
7120;20;true;8843;1660;comment
7121;20;true;8844;1653;comment
7122;20;true;8844;1654;comment
7123;20;true;8845;1651;comment
7124;10;true;8845;1652;comment
7125;30;true;8846;1653;comment
7126;30;true;8846;1654;comment
7127;410;true;8847;1609;comment
7128;410;true;8847;1610;comment
7129;420;true;8848;1609;comment
7130;420;true;8848;1610;comment
7131;10;true;8849;1662;comment
7132;30;true;8850;1630;comment
7133;30;true;8850;1631;comment
7134;50;true;8851;1618;comment
7135;30;true;8852;1645;comment
7136;30;true;8852;1646;comment
7137;40;true;8853;1645;comment
7138;40;true;8853;1646;comment
7139;20;true;8854;1632;comment
7140;20;true;8854;1633;comment
7141;40;true;8855;1635;comment
7142;40;true;8855;1636;comment
7143;60;true;8856;1645;comment
7144;60;true;8856;1646;comment
7145;70;true;8857;1645;comment
7146;70;true;8857;1646;comment
7147;40;true;8858;1653;comment
7148;40;true;8858;1654;comment
7149;10;true;8859;1663;comment
7150;10;true;8859;1664;comment
7151;430;true;8860;1609;comment
7152;430;true;8860;1610;comment
7153;80;true;8861;1645;comment
7154;80;true;8861;1646;comment
7155;40;true;8862;1628;comment
7156;40;true;8862;1665;comment
7157;440;true;8863;1609;comment
7158;440;true;8863;1610;comment
7159;50;true;8864;1635;comment
7160;50;true;8864;1636;comment
7161;90;true;8865;1645;comment
7162;90;true;8865;1646;comment
7163;30;true;8866;1623;comment
7164;30;true;8866;1624;comment
7165;100;true;8867;1645;comment
7166;100;true;8867;1646;comment
7167;450;true;8868;1609;comment
7168;450;true;8868;1610;comment
7169;60;true;8869;1635;comment
7170;60;true;8869;1636;comment
7171;40;true;8870;1623;comment
7172;40;true;8870;1624;comment
7173;10;true;8871;1666;comment
7174;70;true;8872;1635;comment
7175;70;true;8872;1636;comment
7176;80;true;8873;1635;comment
7177;80;true;8873;1636;comment
7178;110;true;8874;1645;comment
7179;110;true;8874;1646;comment
7180;10;true;8875;1669;comment
7181;10;true;8875;1670;comment
7182;10;true;8876;1667;comment
7183;10;true;8876;1668;comment
7184;20;true;8877;1667;comment
7185;20;true;8877;1668;comment
7186;30;true;8878;1667;comment
7187;30;true;8878;1668;comment
7188;10;true;8879;1671;comment
7189;10;true;8879;1672;comment
7190;40;true;8880;1667;comment
7191;40;true;8880;1668;comment
7192;50;true;8881;1667;comment
7193;50;true;8881;1668;comment
7194;60;true;8882;1667;comment
7195;60;true;8882;1668;comment
7196;70;true;8883;1668;comment
7197;70;true;8884;1667;comment
7198;80;true;8884;1668;comment
7199;20;true;8885;1669;comment
7200;20;true;8885;1670;comment
7201;30;true;8886;1669;comment
7202;30;true;8886;1670;comment
7203;80;true;8887;1667;comment
7204;80;true;8887;1668;comment
7205;90;true;8888;1667;comment
7206;90;true;8888;1668;comment
7207;100;true;8889;1667;comment
7208;100;true;8889;1668;comment
7209;110;true;8890;1667;comment
7210;110;true;8890;1668;comment
7211;10;true;8891;1673;comment
7212;10;true;8891;1674;comment
7213;10;true;8892;1675;comment
7214;10;true;8892;1676;comment
7215;10;true;8893;1677;comment
7216;10;true;8893;1678;comment
7217;120;true;8894;1667;comment
7218;120;true;8894;1668;comment
7219;40;true;8895;1669;comment
7220;40;true;8895;1670;comment
7221;20;true;8896;1677;comment
7222;20;true;8896;1678;comment
7223;130;true;8897;1667;comment
7224;130;true;8897;1668;comment
7225;50;true;8898;1669;comment
7226;50;true;8898;1670;comment
7227;20;true;8899;1675;comment
7258;20;true;8899;1676;comment
7229;60;true;8900;1669;comment
7230;60;true;8900;1670;comment
7231;140;true;8901;1667;comment
7232;140;true;8901;1668;comment
7233;150;true;8902;1667;comment
7234;150;true;8902;1668;comment
7235;160;true;8903;1667;comment
7236;160;true;8903;1668;comment
7237;170;true;8904;1667;comment
7238;170;true;8904;1668;comment
7239;10;true;8905;1679;comment
7240;10;true;8905;1680;comment
7241;20;true;8906;1673;comment
7242;20;true;8906;1674;comment
7243;180;true;8907;1667;comment
7244;180;true;8907;1668;comment
7245;10;true;8908;1681;comment
7246;10;true;8908;1682;comment
7247;190;true;8909;1667;comment
7248;190;true;8909;1668;comment
7249;10;true;8910;1683;comment
7250;10;true;8910;1684;comment
7251;200;true;8911;1667;comment
7252;200;true;8911;1668;comment
7253;210;true;8912;1667;comment
7254;210;true;8912;1668;comment
7255;220;true;8913;1667;comment
7256;220;true;8913;1668;comment
7257;10;true;8914;1685;comment
7258;10;true;8914;1686;comment
7259;230;true;8915;1667;comment
7260;230;true;8915;1668;comment
7261;10;true;8916;1687;comment
7262;10;true;8916;1688;comment
7263;20;true;8917;1685;comment
7264;20;true;8917;1686;comment
7265;30;true;8918;1677;comment
7266;30;true;8918;1678;comment
7267;30;true;8919;1675;comment
7268;30;true;8919;1676;comment
7269;10;true;8920;1689;comment
7270;10;true;8920;1690;comment
7271;20;true;8921;1671;comment
7272;20;true;8921;1672;comment
7273;20;true;8922;1689;comment
7274;20;true;8922;1690;comment
7275;10;true;8923;1691;comment
7276;10;true;8923;1692;comment
7277;10;true;8924;1693;comment
7278;10;true;8924;1694;comment
7279;10;true;8925;1695;comment
7280;10;true;8926;1696;comment
7281;10;true;8926;1697;comment
7282;20;true;8927;1695;comment
7283;20;true;8928;1693;comment
7284;20;true;8928;1694;comment
7285;20;true;8929;1695;comment
7286;20;true;8930;1691;comment
7287;20;true;8930;1692;comment
7288;30;true;8931;1691;comment
7289;30;true;8931;1692;comment
7290;40;true;8932;1691;comment
7291;40;true;8932;1692;comment
7292;50;true;8933;1691;comment
7293;50;true;8933;1692;comment
7294;60;true;8934;1691;comment
7295;60;true;8934;1692;comment
7296;70;true;8935;1691;comment
7297;70;true;8935;1692;comment
7298;30;true;8936;1693;comment
7299;30;true;8936;1694;comment
7300;10;true;8937;1698;comment
7301;10;true;8937;1699;comment
7302;10;true;8938;1700;comment
7303;10;true;8938;1701;comment
7304;20;true;8939;1698;comment
7305;20;true;8939;1699;comment
7306;10;true;8940;1704;comment
7307;10;true;8940;1705;comment
7308;80;true;8941;1691;comment
7309;80;true;8941;1692;comment
7310;30;true;8942;1695;comment
7311;90;true;8943;1691;comment
7312;90;true;8943;1692;comment
7313;20;true;8944;1700;comment
7314;20;true;8944;1701;comment
7315;10;true;8945;1702;comment
7316;10;true;8945;1703;comment
7317;100;true;8946;1691;comment
7318;100;true;8946;1692;comment
7319;20;true;8947;1702;comment
7320;20;true;8947;1703;comment
7321;30;true;8948;1698;comment
7322;30;true;8948;1699;comment
7323;110;true;8949;1691;comment
7324;110;true;8949;1692;comment
7325;120;true;8950;1691;comment
7326;120;true;8950;1692;comment
7327;40;true;8950;1695;comment
7328;30;true;8951;1702;comment
7329;30;true;8951;1703;comment
7330;130;true;8952;1691;comment
7331;130;true;8952;1692;comment
7332;30;true;8953;1700;comment
7333;30;true;8953;1701;comment
7334;10;true;8954;1706;comment
7335;10;true;8954;1707;comment
7336;10;true;8955;1708;comment
7337;10;true;8955;1709;comment
7338;140;true;8956;1691;comment
7339;140;true;8956;1692;comment
7340;150;true;8957;1691;comment
7341;150;true;8957;1692;comment
7342;10;true;8958;1710;comment
7343;10;true;8958;1711;comment
7344;10;true;8959;1712;comment
7345;20;true;8960;1712;comment
7246;50;true;8961;1695;comment
7347;160;true;8962;1691;comment
7348;160;true;8962;1692;comment
7349;170;true;8963;1691;comment
7350;170;true;8963;1692;comment
7351;180;true;8964;1691;comment
7352;180;true;8964;1692;comment
7353;30;true;8965;1712;comment
7354;10;true;8966;1713;comment
7355;10;true;8966;1714;comment
7356;10;true;8967;1715;comment
7357;10;true;8967;1716;comment
7358;40;true;8968;1698;comment
7359;40;true;8968;1699;comment
7360;50;true;8969;1698;comment
7361;50;true;8969;1699;comment
7362;190;true;8970;1691;comment
7363;190;true;8970;1692;comment
7364;200;true;8971;1691;comment
7365;200;true;8971;1692;comment
7366;60;true;8972;1698;comment
7367;60;true;8972;1699;comment
7368;10;true;8973;1717;comment
7369;10;true;8973;1718;comment
7370;40;true;8974;1712;comment
7371;20;true;8975;1717;comment
7372;20;true;8975;1718;comment
7373;40;true;8976;1700;comment
7374;40;true;8976;1701;comment
7375;10;true;8977;1723;comment
7376;10;true;8977;1724;comment
7377;10;true;8978;1719;comment
7378;60;true;8979;1695;comment
7379;210;true;8980;1691;comment
7380;210;true;8980;1692;comment
7381;70;true;8981;1698;comment
7382;70;true;8981;1699;comment
7383;30;true;8982;1717;comment
7384;30;true;8982;1718;comment
7385;20;true;8983;1710;comment
7386;20;true;8983;1711;comment
7387;50;true;8984;1700;comment
7388;50;true;8984;1701;comment
7389;220;true;8985;1691;comment
7390;220;true;8985;1692;comment
7391;30;true;8986;1710;comment
7392;30;true;8986;1711;comment
7393;20;true;8987;1706;comment
7394;20;true;8987;1707;comment
7395;220;true;8988;1691;comment
7396;220;true;8988;1692;comment
7397;30;true;8989;1706;comment
7398;30;true;8989;1707;comment
7399;40;true;8990;1702;comment
7400;40;true;8990;1703;comment
7401;20;true;8991;1713;comment
7402;20;true;8991;1714;comment
7403;50;true;8992;1702;comment
7404;50;true;8992;1703;comment
7405;40;true;8993;1710;comment
7406;40;true;8993;1711;comment
7407;50;true;8994;1710;comment
7408;50;true;8994;1711;comment
7409;230;true;8995;1691;comment
7410;230;true;8995;1692;comment
7411;10;true;8996;1720;comment
7412;10;true;8996;1721;comment
7413;60;true;8997;1702;comment
7414;60;true;8997;1703;comment
7415;10;true;8998;1722;comment
7416;80;true;8999;1698;comment
7417;80;true;8999;1699;comment
7418;40;true;9000;1693;comment
7419;40;true;9000;1694;comment
7420;20;true;9001;1723;comment
7421;20;true;9001;1724;comment
7422;10;true;9002;1725;comment
7423;240;true;9003;1691;comment
7424;240;true;9003;1692;comment
7425;90;true;9004;1698;comment
7426;90;true;9004;1699;comment
7427;70;true;9005;1702;comment
7428;70;true;9005;1703;comment
7429;10;true;9006;1726;comment
7430;10;true;9006;1727;comment
7431;250;true;9007;1691;comment
7432;250;true;9007;1692;comment
7433;30;true;9008;1713;comment
7434;30;true;9009;1702;comment
7435;30;true;9009;1703;comment
7436;60;true;9010;1710;comment
7437;60;true;9010;1711;comment
7438;100;true;9011;1698;comment
7439;100;true;9011;1699;comment
7440;40;true;9012;1702;comment
7441;40;true;9012;1703;comment
7442;50;true;9013;1702;comment
7443;50;true;9013;1703;comment
7444;110;true;9014;1698;comment
7445;110;true;9014;1699;comment
7446;60;true;9015;1702;comment
7447;60;true;9015;1703;comment
7448;40;true;9016;1693;comment
7449;40;true;9016;1694;comment
7450;10;true;9017;1728;comment
7451;60;true;9018;1700;comment
7452;60;true;9018;1701;comment
7453;10;true;9019;1729;comment
7454;70;true;9020;1702;comment
7455;70;true;9020;1703;comment
7456;260;true;9021;1691;comment
7457;260;true;9021;1692;comment
7458;40;true;9022;1706;comment
7459;40;true;9022;1707;comment
7460;80;true;9023;1702;comment
7461;80;true;9023;1703;comment
7462;10;true;9024;1730;comment
7463;10;true;9024;1731;comment
7464;270;true;9025;1691;comment
7465;270;true;9025;1692;comment
7466;70;true;9026;1710;comment
7467;70;true;9026;1711;comment
7468;90;true;9027;1702;comment
7469;90;true;9027;1703;comment
7470;120;true;9028;1698;comment
7471;120;true;9028;1699;comment
7472;280;true;9029;1691;comment
7473;280;true;9029;1692;comment
7474;80;true;9030;1710;comment
7475;80;true;9030;1711;comment
7476;90;true;9031;1710;comment
7477;90;true;9031;1711;comment
7478;100;true;9032;1702;comment
7479;100;true;9032;1703;comment
7480;90;true;9033;1710;comment
7481;90;true;9033;1711;comment
7482;10;true;9034;1732;comment
7483;10;true;9034;1733;comment
7484;40;true;9035;1717;comment
7485;40;true;9035;1718;comment
7486;50;true;9036;1717;comment
7487;50;true;9036;1718;comment
7488;50;true;9037;1693;comment
7489;50;true;9037;1694;comment
7490;130;true;9038;1698;comment
7491;130;true;9038;1699;comment
7492;140;true;9039;1698;comment
7493;140;true;9039;1699;comment
7494;60;true;9040;1717;comment
7495;60;true;9040;1718;comment
7496;110;true;9041;1702;comment
7497;110;true;9041;1703;comment
7498;50;true;9042;1712;comment
7499;70;true;9043;1717;comment
7500;70;true;9043;1718;comment
7501;60;true;9044;1693;comment
7502;60;true;9044;1694;comment
7503;120;true;9045;1702;comment
7504;120;true;9045;1703;comment
7505;70;true;9046;1700;comment
7506;70;true;9046;1701;comment
7507;100;true;9047;1710;comment
7508;100;true;9047;1711;comment
7509;40;true;9048;1713;comment
7510;40;true;9048;1714;comment
7511;110;true;9049;1710;comment
7512;110;true;9049;1711;comment
7513;150;true;9050;1698;comment
7514;150;true;9050;1699;comment
7515;110;true;9051;1710;comment
7516;110;true;9051;1711;comment
7517;160;true;9052;1698;comment
7518;160;true;9052;1699;comment
7519;170;true;9053;1698;comment
7520;170;true;9053;1699;comment
7521;130;true;9054;1702;comment
7522;130;true;9054;1703;comment
7523;290;true;9055;1691;comment
7524;290;true;9055;1692;comment
7525;10;true;9056;1734;comment
7526;120;true;9057;1710;comment
7527;120;true;9057;1711;comment
7528;140;true;9058;1702;comment
7529;140;true;9058;1703;comment
7530;10;true;9059;1735;comment
7531;10;true;9059;1736;comment
7532;130;true;9060;1710;comment
7533;130;true;9060;1711;comment
7534;10;true;9061;1737;comment
7535;80;true;9062;1717;comment
7536;80;true;9062;1718;comment
7537;180;true;9063;1698;comment
7538;180;true;9063;1699;comment
7539;20;true;9064;1732;comment
7540;20;true;9064;1733;comment
7541;300;true;9065;1691;comment
7542;300;true;9065;1692;comment
7543;310;true;9066;1691;comment
7544;310;true;9066;1692;comment
7545;150;true;9067;1702;comment
7546;150;true;9067;1703;comment
7547;80;true;9068;1700;comment
7548;80;true;9068;1701;comment
7549;190;true;9069;1698;comment
7550;190;true;9069;1699;comment
7551;10;true;9070;1738;comment
7552;320;true;9071;1691;comment
7553;320;true;9071;1692;comment
7554;20;true;9072;1734;comment
7555;140;true;9073;1710;comment
7556;140;true;9073;1711;comment
7557;70;true;9074;1693;comment
7558;70;true;9074;1694;comment
7559;330;true;9075;1691;comment
7560;330;true;9075;1692;comment
7561;340;true;9076;1691;comment
7562;340;true;9076;1692;comment
7563;160;true;9077;1702;comment
7564;160;true;9077;1703;comment
7565;200;true;9078;1698;comment
7566;200;true;9078;1699;comment
7567;170;true;9079;1702;comment
7568;170;true;9079;1703;comment
7569;340;true;9080;1691;comment
7570;340;true;9080;1692;comment
7571;20;true;9081;1696;comment
7572;20;true;9081;1697;comment
7573;180;true;9082;1702;comment
7574;180;true;9082;1703;comment
7575;90;true;9083;1717;comment
7576;90;true;9083;1718;comment
7577;100;true;9084;1717;comment
7578;100;true;9084;1718;comment
7579;110;true;9085;1717;comment
7580;110;true;9085;1718;comment
7581;10;true;9086;1739;comment
7582;10;true;9086;1740;comment
7583;190;true;9087;1702;comment
7584;190;true;9087;1703;comment
7585;350;true;9088;1691;comment
7586;350;true;9088;1692;comment
7587;10;true;9089;1743;comment
7588;10;true;9089;1744;comment
7589;10;true;9090;1741;comment
7590;10;true;9090;1742;comment
7591;20;true;9091;1741;comment
7592;20;true;9091;1742;comment
7593;10;true;9092;1743;comment
7594;10;true;9092;1744;comment
7595;30;true;9093;1741;comment
7596;30;true;9093;1742;comment
7597;20;true;9094;1743;comment
7598;20;true;9094;1744;comment
7599;10;true;9095;1745;comment
7600;10;true;9095;1746;comment
7601;40;true;9096;1741;comment
7602;40;true;9096;1742;comment
7603;50;true;9097;1741;comment
7604;50;true;9097;1742;comment
7605;20;true;9098;1745;comment
7606;20;true;9098;1746;comment
7607;60;true;9099;1741;comment
7608;60;true;9099;1742;comment
7609;70;true;9100;1741;comment
7610;70;true;9100;1742;comment
7611;10;true;9101;1747;comment
7612;10;true;9101;1748;comment
7613;30;true;9102;1745;comment
7614;30;true;9102;1746;comment
7615;10;true;9103;1761;comment
7616;10;true;9103;1762;comment
7617;80;true;9104;1741;comment
7618;80;true;9104;1742;comment
7619;10;true;9105;1751;comment
7620;10;true;9105;1752;comment
7621;10;true;9106;1753;comment
7622;90;true;9107;1741;comment
7623;90;true;9107;1742;comment
7624;20;true;9108;1747;comment
7625;20;true;9108;1748;comment
7626;100;true;9109;1741;comment
7627;100;true;9109;1742;comment
7628;30;true;9110;1743;comment
7629;30;true;9110;1744;comment
7630;110;true;9111;1741;comment
7631;110;true;9111;1742;comment
7632;120;true;9112;1741;comment
7633;120;true;9112;1742;comment
7634;130;true;9113;1741;comment
7635;130;true;9113;1742;comment
7636;30;true;9114;1747;comment
7637;30;true;9114;1748;comment
7638;10;true;9115;1754;comment
7639;10;true;9115;1755;comment
7640;10;true;9116;1756;comment
7641;140;true;9117;1741;comment
7642;140;true;9117;1742;comment
7643;150;true;9118;1741;comment
7644;150;true;9118;1742;comment
7645;10;true;9119;1749;comment
7646;10;true;9119;1750;comment
7647;10;true;9120;1753;comment
7648;10;true;9121;1754;comment
7649;10;true;9121;1755;comment
7650;160;true;9122;1741;comment
7651;160;true;9122;1742;comment
7652;170;true;9123;1741;comment
7653;170;true;9123;1742;comment
7654;180;true;9124;1741;comment
7655;180;true;9124;1742;comment
7656;20;true;9125;1749;comment
7657;20;true;9125;1750;comment
7658;190;true;9126;1741;comment
7659;190;true;9126;1742;comment
7660;20;true;9127;1754;comment
7661;20;true;9127;1755;comment
7662;10;true;9128;1757;comment
7663;10;true;9128;1758;comment
7664;200;true;9129;1741;comment
7665;200;true;9129;1742;comment
7666;10;true;9130;1759;comment
7667;10;true;9131;1760;comment
7668;20;true;9132;1756;comment
7669;20;true;9133;1751;comment
7670;20;true;9133;1752;comment
7671;20;true;9134;1761;comment
7672;20;true;9134;1762;comment
7673;20;true;9135;1763;comment
7674;20;true;9135;1764;comment
7675;20;true;9136;1765;comment
7676;20;true;9136;1766;comment
7677;40;true;9137;1745;comment
7678;40;true;9137;1746;comment
7679;20;true;9138;1756;comment
7680;40;true;9139;1743;comment
7681;40;true;9139;1744;comment
7682;40;true;9140;1743;comment
7683;40;true;9140;1744;comment
7684;40;true;9141;1743;comment
7685;40;true;9141;1744;comment
7686;10;true;9142;1767;comment
7687;10;true;9142;1768;comment
7688;10;true;9143;1767;comment
7689;10;true;9143;1768;comment
7690;30;true;9143;1763;comment
7691;30;true;9143;1764;comment
7692;10;true;9144;1769;comment
7693;10;true;9144;1770;comment
7694;10;true;9145;1771;comment
7695;10;true;9145;1772;comment
7696;210;true;9146;1741;comment
7697;210;true;9146;1742;comment
7698;30;true;9147;1749;comment
7699;30;true;9147;1750;comment
7700;40;true;9148;1749;comment
7701;40;true;9148;1750;comment
7702;40;true;9149;1763;comment
7703;40;true;9149;1764;comment
7704;50;true;9150;1743;comment
7705;50;true;9150;1744;comment
7706;220;true;9151;1741;comment
7707;220;true;9151;1742;comment
7708;60;true;9152;1743;comment
7709;60;true;9152;1744;comment
7710;230;true;9153;1741;comment
7711;230;true;9153;1742;comment
7712;70;true;9154;1743;comment
7713;70;true;9154;1744;comment
7714;40;true;9155;1747;comment
7715;40;true;9155;1748;comment
7716;80;true;9156;1743;comment
7717;80;true;9156;1744;comment
7718;50;true;9157;1747;comment
7719;50;true;9157;1748;comment
7720;240;true;9158;1741;comment
7721;240;true;9158;1742;comment
7722;10;true;9159;1773;comment
7723;10;true;9159;1774;comment
7724;250;true;9160;1741;comment
7725;250;true;9160;1742;comment
7726;60;true;9161;1747;comment
7727;60;true;9161;1748;comment
7728;50;true;9162;1763;comment
7729;50;true;9162;1764;comment
7730;20;true;9163;1753;comment
7731;20;true;9164;1773;comment
7732;20;true;9164;1774;comment
7733;10;true;9165;1775;comment
7734;10;true;9165;1776;comment
7735;50;true;9166;1749;comment
7736;50;true;9166;1750;comment
7737;30;true;9167;1753;comment
7738;260;true;9168;1741;comment
7739;260;true;9168;1742;comment
7740;90;true;9169;1743;comment
7741;90;true;9169;1744;comment
7742;20;true;9170;1757;comment
7743;20;true;9170;1758;comment
7744;20;true;9171;1775;comment
7745;20;true;9171;1776;comment
7746;30;true;9172;1775;comment
7747;30;true;9172;1776;comment
7748;30;true;9173;1751;comment
7749;30;true;9173;1752;comment
7750;270;true;9174;1741;comment
7751;270;true;9174;1742;comment
7752;100;true;9175;1743;comment
7753;100;true;9175;1744;comment
7754;110;true;9176;1743;comment
7755;110;true;9176;1744;comment
7756;280;true;9177;1741;comment
7757;280;true;9177;1742;comment
7758;120;true;9178;1743;comment
7759;120;true;9178;1744;comment
7760;40;true;9179;1753;comment
7761;40;true;9180;1751;comment
7762;40;true;9180;1752;comment
7763;60;true;9181;1749;comment
7764;60;true;9181;1750;comment
7765;10;true;9182;1777;comment
7766;10;true;9182;1778;comment
7767;20;true;9183;1777;comment
7768;20;true;9183;1778;comment
7769;30;true;9184;1777;comment
7770;30;true;9184;1778;comment
7771;10;true;9185;1779;comment
7772;10;true;9185;1780;comment
7773;40;true;9186;1777;comment
7774;40;true;9186;1778;comment
7775;50;true;9187;1777;comment
7776;50;true;9187;1778;comment
7777;60;true;9188;1777;comment
7778;60;true;9188;1778;comment
7779;70;true;9189;1777;comment
7780;70;true;9189;1778;comment
7781;80;true;9190;1777;comment
7782;80;true;9190;1778;comment
7783;90;true;9191;1777;comment
7784;90;true;9191;1778;comment
7785;100;true;9192;1777;comment
7786;100;true;9192;1778;comment
7787;20;true;9193;1779;comment
7788;20;true;9193;1780;comment
7789;110;true;9194;1777;comment
7790;110;true;9194;1778;comment
7791;10;true;9195;1783;comment
7792;10;true;9195;1784;comment
7793;10;true;9196;1785;comment
7794;10;true;9196;1786;comment
7795;120;true;9197;1777;comment
7796;120;true;9197;1778;comment
7797;10;true;9198;1787;comment
7798;10;true;9198;1788;comment
7799;10;true;9199;1789;comment
7800;10;true;9199;1790;comment
7801;10;true;9200;1791;comment
7802;10;true;9200;1792;comment
7803;20;true;9201;1789;comment
7804;20;true;9201;1790;comment
7805;130;true;9202;1777;comment
7806;130;true;9202;1778;comment
7807;140;true;9203;1777;comment
7808;140;true;9203;1778;comment
7809;10;true;9204;1793;comment
7810;10;true;9204;1794;comment
7811;30;true;9205;1789;comment
7812;30;true;9205;1790;comment
7813;40;true;9206;1789;comment
7814;40;true;9206;1790;comment
7815;20;true;9207;1793;comment
7816;20;true;9207;1794;comment
7817;10;true;9208;1795;comment
7818;10;true;9208;1796;comment
7819;10;true;9209;1797;comment
7820;10;true;9209;1798;comment
7821;10;true;9210;1799;comment
7822;10;true;9210;1800;comment
7823;30;true;9211;1793;comment
7824;30;true;9211;1794;comment
7825;10;true;9212;1781;comment
7826;10;true;9212;1782;comment
7827;150;true;9213;1777;comment
7828;150;true;9213;1778;comment
7829;160;true;9214;1777;comment
7830;160;true;9214;1778;comment
7831;20;true;9215;1787;comment
7832;20;true;9215;1788;comment
7833;10;true;9216;1801;comment
7834;10;true;9216;1802;comment
7835;30;true;9217;1787;comment
7836;30;true;9217;1788;comment
7837;10;true;9218;1803;comment
7838;10;true;9218;1804;comment
7839;40;true;9219;1793;comment
7840;40;true;9219;1794;comment
7841;10;true;9220;1805;comment
7842;10;true;9220;1806;comment
7843;20;true;9221;1785;comment
7844;20;true;9221;1786;comment
7845;30;true;9222;1785;comment
7846;30;true;9222;1786;comment
7847;40;true;9223;1787;comment
7848;40;true;9223;1788;comment
7849;40;true;9224;1785;comment
7850;40;true;9224;1786;comment
7851;170;true;9225;1777;comment
7852;170;true;9225;1778;comment
7853;20;true;9226;1801;comment
7854;20;true;9226;1802;comment
7855;180;true;9227;1777;comment
7856;180;true;9227;1778;comment
7857;30;true;9228;1801;comment
7858;30;true;9228;1802;comment
7859;190;true;9229;1777;comment
7860;190;true;9229;1778;comment
7861;10;true;9230;1807;comment
7862;10;true;9230;1808;comment
7863;30;true;9231;1779;comment
7864;30;true;9231;1780;comment
7865;20;true;9232;1781;comment
7866;20;true;9232;1782;comment
7867;50;true;9233;1787;comment
7868;50;true;9233;1788;comment
7869;50;true;9234;1793;comment
7870;50;true;9234;1794;comment
7871;50;true;9235;1789;comment
7872;50;true;9235;1790;comment
7873;60;true;9236;1787;comment
7874;60;true;9236;1788;comment
7875;70;true;9237;1787;comment
7876;70;true;9237;1788;comment
7877;80;true;9238;1787;comment
7878;80;true;9238;1788;comment
7879;60;true;9239;1789;comment
7880;60;true;9239;1790;comment
7881;20;true;9240;1809;comment
7882;20;true;9240;1810;comment
7883;70;true;9241;1789;comment
7884;70;true;9241;1790;comment
7885;20;true;9242;1799;comment
7886;20;true;9242;1800;comment
