id;name;link;count_subscribers;count_views;is_moderate;start_date;last_pay_date;end_public_date;manager_id;is_pay
1;SEX/LIFE научный блог о сексе;https://t.me/keks_life;100;100;true;2022-11-22T23:20:39;2023-08-15T22:23:38;2053-08-15T22:23:38;1;false
2;PornHub Videos;https://t.me/p0rnhub_videos;100;100;false;2022-11-22T23:20:39;2023-08-15T22:23:38;2053-08-15T22:23:38;1;false
3;Запрещёнка/Двач;https://t.me/ru2ch_ban;100;100;false;2022-11-22T23:20:39;2023-08-15T22:23:38;2053-08-15T22:23:38;null;false
4;Девочки твоего двора;https://t.me/hellaway;100;100;false;2022-11-22T23:20:39;2023-08-15T22:23:38;2053-08-15T22:23:38;null;false
5;Real Amateurs;https://t.me/RealAmateurs;100;100;false;2022-11-22T23:20:39;2023-08-15T22:23:38;2053-08-15T22:23:38;null;false
6;Porno Gif 🍓🔞;https://t.me/gif_wow;100;100;false;2022-11-22T23:20:39;2023-08-15T22:23:38;2053-08-15T22:23:38;null;false
7;Cum Sluts Facial & Creampie;https://t.me/cumfetish;100;100;false;2022-11-22T23:20:39;2023-08-15T22:23:38;2053-08-15T22:23:38;null;false
8;🔞 SexWife Russia;https://t.me/sexwiferussia;100;100;false;2022-11-22T23:20:39;2023-08-15T22:23:38;2053-08-15T22:23:38;null;false
9;BIG ASS MILF 🔞;https://t.me/bigassmilf;100;100;false;2022-11-22T23:20:39;2023-08-15T22:23:38;2053-08-15T22:23:38;null;false
10;Oasis69 🔞;https://t.me/Oasis69;100;100;false;2022-11-22T23:20:39;2023-08-15T22:23:38;2053-08-15T22:23:38;null;false
11;Каждый дрочит на что хочет 🔞;https://t.me/kdn4h;100;100;false;2022-11-22T23:20:39;2023-08-15T22:23:38;2053-08-15T22:23:38;null;false
12;🔞 Куколд | Cuckold;https://t.me/cuckoldrussia;100;100;false;2022-11-22T23:20:39;2023-08-15T22:23:38;2053-08-15T22:23:38;null;false
13;Библия Эскортницы | Исповедь Содержанки;https://t.me/Bibliaescortnitsi;100;100;true;2022-11-22T23:20:39;2023-08-15T22:23:38;2053-08-15T22:23:38;null;false
14;Пошлые истории;https://t.me/trivialstoryfromlife;100;100;true;2022-11-22T23:20:39;2023-08-15T22:23:38;2053-08-15T22:23:38;null;false
15;Алина Бот;https://t.me/Alina_girl1_bot;100;100;false;2022-11-22T23:20:39;2023-08-15T22:23:38;2053-08-15T22:23:38;null;false
16;Ножки юных | Young feet;https://t.me/youngfeet;100;100;true;2022-11-22T23:20:39;2023-08-15T22:23:38;2053-08-15T22:23:38;null;false
17;𝐁 𝐁 𝐂;https://t.me/BBCFWC;100;100;false;2022-11-22T23:20:39;2023-08-15T22:23:38;2053-08-15T22:23:38;null;false
18;NATALEE.007;https://t.me/Natalee007;100;100;true;2022-11-22T23:20:39;2023-08-15T22:23:38;2053-08-15T22:23:38;null;false
19;Алиночка Бот;https://t.me/Privetproduktoviy_bot;100;100;true;2022-11-22T23:20:39;2023-08-15T22:23:38;2053-08-15T22:23:38;null;false
20;Peta Jensona;https://t.me/PetaJensona;100;100;true;2022-11-22T23:20:39;2023-08-15T22:23:38;2053-08-15T22:23:38;null;false
21;Lauren Phillipsa;https://t.me/LaurenPhillipsa;100;100;true;2022-11-22T23:20:39;2023-08-15T22:23:38;2053-08-15T22:23:38;null;false
22;Lisa Ann Off;https://t.me/LisaAnnOff;100;100;true;2022-11-22T23:20:39;2023-08-15T22:23:38;2053-08-15T22:23:38;null;false
23;Dani Daniels Off;https://t.me/DaniDanielsOff;100;100;true;2022-11-22T23:20:39;2023-08-15T22:23:38;2053-08-15T22:23:38;null;false
24;Подсмотрели Бот;https://t.me/Posmotrrlu_bot;100;100;true;2022-11-22T23:20:39;2023-08-15T22:23:38;2053-08-15T22:23:38;null;false
25;Котёнок 💕;https://t.me/kotya_mew_bot;100;100;true;2022-11-22T23:20:39;2023-08-15T22:23:38;2053-08-15T22:23:38;null;false
26;СЕКСОЛОГИЯ;https://t.me/tgSexologia;100;100;true;2022-11-22T23:20:39;2023-08-15T22:23:38;2053-08-15T22:23:38;null;false
27;ДОМАШНИЙ PORNHUB;https://t.me/+P8InHZB7ukoxNDZi;100;100;false;2022-11-22T23:20:39;2023-08-15T22:23:38;2053-08-15T22:23:38;null;false
28;Твои блогерши;https://t.me/tvoiblog;100;100;true;2022-11-22T23:20:39;2023-08-15T22:23:38;2053-08-15T22:23:38;null;false
29;Adriana ChechikOf;https://t.me/AdrianaChechikOf;100;100;true;2022-11-22T23:20:39;2023-08-15T22:23:38;2053-08-15T22:23:38;null;false
30;ФУТ ФЕТИШ | СТУПНИ;https://t.me/feets_soles;100;100;true;2022-11-22T23:20:39;2023-08-15T22:23:38;2053-08-15T22:23:38;null;false
31;Ava Addams;https://t.me/AvaAddamsd;100;100;true;2022-11-22T23:20:39;2023-08-15T22:23:38;2053-08-15T22:23:38;null;false
32;Красивые девушки❤;https://t.me/top_gerlls;100;100;true;2022-11-22T23:20:39;2023-08-15T22:23:38;2053-08-15T22:23:38;null;false
33;Princеss Бот;https://t.me/invite_princess;100;100;true;2022-11-22T23:20:39;2023-08-15T22:23:38;2053-08-15T22:23:38;null;false
34;"Мир сегодня с ""Юрий Подоляка""";https://t.me/yurasumy;100;100;true;2022-11-22T23:20:39;2023-08-15T22:23:38;2053-08-15T22:23:38;null;false
35;Вячеслав Володин;https://t.me/vv_volodin;100;100;true;2022-11-22T23:20:39;2023-08-15T22:23:38;2053-08-15T22:23:38;null;false
36;Дмитрий Медведев;https://t.me/medvedev_telegram;100;100;true;2022-11-22T23:20:39;2023-08-15T22:23:38;2053-08-15T22:23:38;null;false
37;Пивоваров (Редакция);https://t.me/redakciya_channel;100;100;true;2022-11-22T23:20:39;2023-08-15T22:23:38;2053-08-15T22:23:38;null;false
38;Минобороны России;https://t.me/mod_russia;100;100;true;2022-11-22T23:20:39;2023-08-15T22:23:38;2053-08-15T22:23:38;null;false
39;Тина Канделаки;https://t.me/tikandelaki;100;100;true;2022-11-22T23:20:39;2023-08-15T22:23:38;2053-08-15T22:23:38;null;false
40;Легитимный;https://t.me/legitimniy;100;100;true;2022-11-22T23:20:39;2023-08-15T22:23:38;2053-08-15T22:23:38;null;false
41;Резидент;https://t.me/rezident_ua;100;100;true;2022-11-22T23:20:39;2023-08-15T22:23:38;2053-08-15T22:23:38;null;false
42;Политика в России | Москва и Регионы;https://t.me/politika_tg;100;100;true;2022-11-22T23:20:39;2023-08-15T22:23:38;2053-08-15T22:23:38;null;false
43;Канал сторонников Евгения Ройзмана;https://t.me/roizmanev;100;100;true;2022-11-22T23:20:39;2023-08-15T22:23:38;2053-08-15T22:23:38;null;false
44;Александр Ходаковский;https://t.me/aleksandr_skif;100;100;true;2022-11-22T23:20:39;2023-08-15T22:23:38;2053-08-15T22:23:38;null;false
45;RT на русском;https://t.me/rt_russian;100;100;true;2022-11-22T23:20:39;2023-08-15T22:23:38;2053-08-15T22:23:38;null;false
46;Сергей Михеев;https://t.me/ironlogica;100;100;true;2022-11-22T23:20:39;2023-08-15T22:23:38;2053-08-15T22:23:38;null;false
47;Дмитрий Никотин;https://t.me/dmitrynikotin;100;100;true;2022-11-22T23:20:39;2023-08-15T22:23:38;2053-08-15T22:23:38;null;false
48;Мария Захарова;https://t.me/MariaVladimirovnaZakharova;100;100;true;2022-11-22T23:20:39;2023-08-15T22:23:38;2053-08-15T22:23:38;null;false
49;Екатерина Мизулина;https://t.me/ekaterina_mizulina;100;100;true;2022-11-22T23:20:39;2023-08-15T22:23:38;2053-08-15T22:23:38;null;false
50;МИГ России;https://t.me/mig41;100;100;true;2022-11-22T23:20:39;2023-08-15T22:23:38;2053-08-15T22:23:38;null;false
51;Сталингулаг;https://t.me/stalin_gulag;100;100;true;2022-11-22T23:20:39;2023-08-15T22:23:38;2053-08-15T22:23:38;null;false
52;Екатерина Шульман;https://t.me/eschulmann;100;100;true;2022-11-22T23:20:39;2023-08-15T22:23:38;2053-08-15T22:23:38;null;false
53;Соловьиный Помёт;https://t.me/slvn_pomet;100;100;true;2022-11-22T23:20:39;2023-08-15T22:23:38;2053-08-15T22:23:38;null;false
54;ШЕЙНИН;https://t.me/GardeZ66;100;100;true;2022-11-22T23:20:39;2023-08-15T22:23:38;2053-08-15T22:23:38;null;false
55;Илья Варламов;https://t.me/varlamov;100;100;true;2022-11-22T23:20:39;2023-08-15T22:23:38;2053-08-15T22:23:38;null;false
56;Виталий Бородин;https://t.me/vnborodinpolitik;100;100;true;2022-11-22T23:20:39;2023-08-15T22:23:38;2053-08-15T22:23:38;null;false
57;Усы Пескова;https://t.me/Sandymustache;100;100;true;2022-11-22T23:20:39;2023-08-15T22:23:38;2053-08-15T22:23:38;null;false
58;Навальный;https://t.me/navalny;100;100;true;2022-11-22T23:20:39;2023-08-15T22:23:38;2053-08-15T22:23:38;null;false
59;ЗАХАРЕВИЧ;https://t.me/zakharevich_igor;100;100;true;2022-11-22T23:20:39;2023-08-15T22:23:38;2053-08-15T22:23:38;null;false
60;Михаил Ходорковский;https://t.me/khodorkovski;100;100;true;2022-11-22T23:20:39;2023-08-15T22:23:38;2053-08-15T22:23:38;null;false
61;Мэр Москвы Сергей Собянин;https://t.me/mos_sobyanin;100;100;true;2022-11-22T23:20:39;2023-08-15T22:23:38;2053-08-15T22:23:38;null;false
62;Депутатские будни;https://t.me/deputatdumy;100;100;true;2022-11-22T23:20:39;2023-08-15T22:23:38;2053-08-15T22:23:38;null;false
63;Кремль. Новости;https://t.me/news_kremlin;100;100;true;2022-11-22T23:20:39;2023-08-15T22:23:38;2053-08-15T22:23:38;null;false
64;Легион «Свобода России»;https://t.me/legionoffreedom;100;100;true;2022-11-22T23:20:39;2023-08-15T22:23:38;2053-08-15T22:23:38;null;false
65;АРМАГЕДДОНЫЧ;https://t.me/oldhellboy;100;100;true;2022-11-22T23:20:39;2023-08-15T22:23:38;2053-08-15T22:23:38;null;false
66;СЛУЦКИЙ - Председатель ЛДПР;https://t.me/slutsky_l;100;100;true;2022-11-22T23:20:39;2023-08-15T22:23:38;2053-08-15T22:23:38;null;false
67;Команда Навального;https://t.me/teamnavalny;20000;20000;true;2022-11-22T23:20:39;2023-08-15T22:23:38;2053-08-15T22:23:38;null;false
68;Правительство России;https://t.me/government_rus;100;100;true;2022-11-22T23:20:39;2023-08-15T22:23:38;2053-08-15T22:23:38;null;false
69;Марат Хуснуллин - Заместитель Председателя Правительства РФ;https://t.me/mkhusnullin;100;100;true;2022-11-22T23:20:39;2023-08-15T22:23:38;2053-08-15T22:23:38;null;false
70;Елена Панина - Директора Института международных политических и экономических стратегий — РУССТРАТ;https://t.me/EvPanina;100;100;true;2022-11-22T23:20:39;2023-08-15T22:23:38;2053-08-15T22:23:38;null;false
71;Государственная Дума;https://t.me/duma_gov_ru;100;100;true;2022-11-22T23:20:39;2023-08-15T22:23:38;2053-08-15T22:23:38;null;false
72;Невластный телевизор;https://t.me/nevlastny;100;100;true;2022-11-22T23:20:39;2023-08-15T22:23:38;2053-08-15T22:23:38;null;false
73;Вёрстка;https://t.me/svobodnieslova;100;100;true;2022-11-22T23:20:39;2023-08-15T22:23:38;2053-08-15T22:23:38;null;false
74;Суеверная Демократия;https://t.me/sueverdem;100;100;true;2022-11-22T23:20:39;2023-08-15T22:23:38;2053-08-15T22:23:38;null;false
75;Ищи хохлов 18+;https://t.me/xoxol_uk;20000;20000;true;2022-11-22T23:20:39;2023-08-15T22:23:38;2053-08-15T22:23:38;null;false
76;БЫТЬ ИЛИ;https://t.me/ToBeOr_Official;100000;100000;true;2022-11-22T23:20:39;2023-08-15T22:23:38;2053-08-15T22:23:38;null;false
77;First Новости Войны;https://t.me/first_political;90000;90000;true;2022-11-22T23:20:39;2023-08-15T22:23:38;2053-08-15T22:23:38;null;false
78;СОЛОВЬЁВ;https://t.me/SolovievLive;105000;105000;true;2022-11-22T23:20:39;2023-08-15T22:23:38;2053-08-15T22:23:38;null;false
79;Яков Кедми;https://t.me/kedmi;40000;40000;true;2022-11-22T23:20:39;2023-08-15T22:23:38;2053-08-15T22:23:38;null;false
80;Повёрнутые на Z войне 🇷🇺;https://t.me/voenacher;40000;40000;true;2022-11-22T23:20:39;2023-08-15T22:23:38;2053-08-15T22:23:38;null;false
81;Wild_child;https://t.me/+ZCuKzXXxZ-5lYzYy;18000;18000;true;2022-11-22T23:20:39;2023-08-15T22:23:38;2053-08-15T22:23:38;null;false
82;Шамиль Аляутдинов |umma.ru;https://t.me/umma_ru;44000;6000;true;2022-11-22T23:20:39;2023-08-15T22:23:38;2053-08-15T22:23:38;null;false
83;Нашиды | Исламские | Коран;https://t.me/nasheed_mp3;101000;500000;true;2022-11-22T23:20:39;2023-08-15T22:23:38;2053-08-15T22:23:38;null;false
84;Семья в Исламе🌸;https://t.me/islamsemya;27000;3000;true;2022-11-22T23:20:39;2023-08-15T22:23:38;2053-08-15T22:23:38;null;false
85;ИМЕНА АЛЛАХА;https://t.me/AsmauLLahi;16000;10000;true;2022-11-22T23:20:39;2023-08-15T22:23:38;2053-08-15T22:23:38;null;false
86;🕋 ХОЖИ ОНАЛАР КАНАЛИ;https://t.me/hojionalarkanali;80000;10000;true;2022-11-22T23:20:39;2023-08-15T22:23:38;2053-08-15T22:23:38;null;false
87;Mishary Roshid Quran;https://t.me/MisharyRoshidQuran;78000;1000000;true;2022-11-22T23:20:39;2023-08-15T22:23:38;2053-08-15T22:23:38;null;false
88;Исламские 🌙;https://t.me/islamskie8;42000;7000;true;2022-11-22T23:20:39;2023-08-15T22:23:38;2053-08-15T22:23:38;null;false
89;𝐀𝐋 𝐈𝐒𝐓𝐈𝐐𝐀𝐌;https://t.me/alistiqam;33000;10000;true;2022-11-22T23:20:39;2023-08-15T22:23:38;2053-08-15T22:23:38;null;false
90;Муса | Бlе хьадис;https://t.me/stohadis;30000;10000;true;2022-11-22T23:20:39;2023-08-15T22:23:38;2053-08-15T22:23:38;null;false
91;Исламские Книги 📚;https://t.me/islamskie_knigi;30000;15000;true;2022-11-22T23:20:39;2023-08-15T22:23:38;2053-08-15T22:23:38;null;false
92;Юсуф Абу Закария;https://t.me/yusufabuzakariya;35000;15000;true;2022-11-22T23:20:39;2023-08-15T22:23:38;2053-08-15T22:23:38;null;false
93;ХАДИСЫ И АЯТЫ;https://t.me/BookHadith;37000;10000;true;2022-11-22T23:20:39;2023-08-15T22:23:38;2053-08-15T22:23:38;null;false
94;ABU SADDAM SHISHANI;https://t.me/abusaddamshishani;42000;30000;true;2022-11-22T23:20:39;2023-08-15T22:23:38;2053-08-15T22:23:38;null;false
95;Абу Ислам аш-Шаркаси;https://t.me/abu_islam_official;18250;10000;true;2022-11-22T23:20:39;2023-08-15T22:23:38;2053-08-15T22:23:38;null;false
96;Красивое чтение Корана;https://t.me/ChtenieKorana;24000;30000;true;2022-11-22T23:20:39;2023-08-15T22:23:38;2053-08-15T22:23:38;null;false
97;Протоиерей Андрей Ткачев;https://t.me/videotca_Andrea;200000;60000;true;2022-11-22T23:20:39;2023-08-15T22:23:38;2053-08-15T22:23:38;null;false
98;Павел Островский;https://t.me/pavelostrovski;147000;45000;true;2022-11-22T23:20:39;2023-08-15T22:23:38;2053-08-15T22:23:38;null;false
99;📖 Книга притч: с любовью о добре;https://t.me/+2mZzHn1UClIyNzRi;138000;20000;true;2022-11-22T23:20:39;2023-08-15T22:23:38;2053-08-15T22:23:38;null;false
101;☦️ Священник Антоний Русакевич ☦️ Позитивный батюшка;https://t.me/pozitivniy_batushka;99000;15000;true;2022-11-22T23:20:39;2023-08-15T22:23:38;2053-08-15T22:23:38;null;false
102;Телеканал СПАС;https://t.me/spastv;60000;5000;true;2022-11-22T23:20:39;2023-08-15T22:23:38;2053-08-15T22:23:38;null;false
103;Спаси и Сохрани | Молитвы;https://t.me/pravoslavie_religiya;60000;10000;true;2022-11-22T23:20:39;2023-08-15T22:23:38;2053-08-15T22:23:38;null;false
104;Священник Николай Бабкин;https://t.me/nickolaybabkin;57000;15000;true;2022-11-22T23:20:39;2023-08-15T22:23:38;2053-08-15T22:23:38;null;false
105;Православие ☦️ святые отцы | прп. Силуан Афонский;https://t.me/nickolaybabkin;56000;8000;true;2022-11-22T23:20:39;2023-08-15T22:23:38;2053-08-15T22:23:38;null;false
106;📜 Цитата из Библии;https://t.me/azbible;55000;20000;true;2022-11-22T23:20:39;2023-08-15T22:23:38;2053-08-15T22:23:38;null;false
107;Священник Владислав Береговой;https://t.me/pravoslavieVtelege;46000;12000;true;2022-11-22T23:20:39;2023-08-15T22:23:38;2053-08-15T22:23:38;null;false
108;Сила Молитвы;https://t.me/sila_molitvy;48000;8000;true;2022-11-22T23:20:39;2023-08-15T22:23:38;2053-08-15T22:23:38;null;false
109;ПРОСФОРА;https://t.me/prosfora_tg;40000;5000;true;2022-11-22T23:20:39;2023-08-15T22:23:38;2053-08-15T22:23:38;null;false
110;Православный Календарь;https://t.me/pravokalendar;35000;15000;true;2022-11-22T23:20:39;2023-08-15T22:23:38;2053-08-15T22:23:38;null;false
111;«Мудрые мысли» Православный журнал;https://t.me/hristianskaya_mudrost;35000;8000;true;2022-11-22T23:20:39;2023-08-15T22:23:38;2053-08-15T22:23:38;null;false
112;Православие и дети;https://t.me/pravoslavie_i_deti;33000;7000;true;2022-11-22T23:20:39;2023-08-15T22:23:38;2053-08-15T22:23:38;null;false
113;Православная психология;https://t.me/orthodoxpsiholog;28000;8000;true;2022-11-22T23:20:39;2023-08-15T22:23:38;2053-08-15T22:23:38;null;false
114;Библия Секса;https://t.me/BBSex;32000;12000;true;2022-11-22T23:20:39;2023-08-15T22:23:38;2053-08-15T22:23:38;null;false



2000;Рифмы и Панчи;https://t.me/rhymestg;970000;180000;true;2022-11-22T23:20:39;2023-08-15T22:23:38;2053-08-15T22:23:38;null;false
2001;РИА Новости;https://t.me/rian_ru;3000000;500000;true;2023-12-29T11:11:22;2023-08-15T22:23:38;2053-08-15T22:23:38;null;false
2002;RT на русском;https://t.me/rt_russian;800000;100000;true;2023-12-29T11:11:27;2023-08-15T22:23:38;2053-08-15T22:23:38;null;false
2003;ТАСС;https://t.me/tass_agency;300000;40000;true;2023-12-29T11:11:27;2023-08-15T22:23:38;2053-08-15T22:23:38;null;false
2004;Коммерсантъ;https://t.me/kommersant;200000;30000;true;2023-12-29T11:11:27;2023-08-15T22:23:38;2053-08-15T22:23:38;null;false
2005;РБК;https://t.me/rbc_news;400000;70000;true;2023-12-29T11:11:27;2023-08-15T22:23:38;2053-08-15T22:23:38;null;false
2006;IZ.RU;https://t.me/izvestia;100000;10000;true;2023-12-29T11:11:27;2023-08-15T22:23:38;2053-08-15T22:23:38;null;false
2007;ИноСМИ;https://t.me/inosmichannel;130000;30000;true;2023-12-29T11:11:27;2023-08-15T22:23:38;2053-08-15T22:23:38;null;false
2008;НТВ;https://t.me/ntvnews;140000;20000;true;2023-12-29T11:11:27;2023-08-15T22:23:38;2053-08-15T22:23:38;null;false
2009;КБ;https://t.me/Cbpub;621000;200000;true;2023-12-29T11:11:27;2023-08-15T22:23:38;2053-08-15T22:23:38;null;false
2010;Российская Газета;https://t.me/rgrunews;150000;13000;true;2023-12-29T11:11:27;2023-08-15T22:23:38;2053-08-15T22:23:38;null;false
2011;Газета.Ru;https://t.me/gazetaru;50000;6000;true;2023-12-29T11:11:27;2023-08-15T22:23:38;2053-08-15T22:23:38;null;false
2012;vc.ru;https://t.me/vcnews;87000;10000;true;2023-12-29T11:11:27;2023-08-15T22:23:38;2053-08-15T22:23:38;null;false
2013;Афиша Daily;https://t.me/afishadaily;50000;7000;true;2023-12-29T11:11:27;2023-08-15T22:23:38;2053-08-15T22:23:38;null;false
2014;Мел;https://t.me/melfm;60000;6000;true;2023-12-29T11:11:27;2023-08-15T22:23:38;2053-08-15T22:23:38;null;false
2015;Секрет фирмы;https://t.me/businesssecrets;15000;2500;true;2023-12-29T11:11:27;2023-08-15T22:23:38;2053-08-15T22:23:38;null;false
2016;Контекст Европа;https://t.me/cntxt_europe;15000;4000;true;2023-12-29T11:11:27;2023-08-15T22:23:38;2053-08-15T22:23:38;null;false
2017;Stock News;https://t.me/stock_news;1200;1000;true;2023-12-29T11:11:27;2023-08-15T22:23:38;2053-08-15T22:23:38;null;false
2018;ЭКО-ВЕСТНИК;https://t.me/Econumer1;1200;1000;true;2023-12-29T11:11:27;2023-08-15T22:23:38;2053-08-15T22:23:38;null;false
2019;Vademecum;https://t.me/vademecum_ru;10000;1000;true;2023-12-29T11:11:27;2023-08-15T22:23:38;2053-08-15T22:23:38;null;false
2020;Readovka;https://t.me/readovkanews;2300000;400000;true;2023-12-29T11:11:27;2023-08-15T22:23:38;2053-08-15T22:23:38;null;false
2021;Mash;https://t.me/breakingmash;2100000;700000;true;2023-12-29T11:11:27;2023-08-15T22:23:38;2053-08-15T22:23:38;null;false
2022;Раньше всех. Ну почти.;https://t.me/bbbreaking;1500000;400000;true;2023-12-29T11:11:27;2023-08-15T22:23:38;2053-08-15T22:23:38;null;false
2023;Вечерний Телеграмъ;https://t.me/tele_eve;440000;50000;true;2023-12-29T11:11:27;2023-08-15T22:23:38;2053-08-15T22:23:38;null;false
2024;SHOT;https://t.me/shot_shot;8000000;2500000;true;2023-12-29T11:11:27;2023-08-15T22:23:38;2053-08-15T22:23:38;null;false
2025;Ньюсач/Двач;https://t.me/ru2ch;475000;170000;true;2023-12-29T11:11:27;2023-08-15T22:23:38;2053-08-15T22:23:38;null;false
2026;Лентач;https://t.me/oldlentach;340000;80000;true;2023-12-29T11:11:27;2023-08-15T22:23:38;2053-08-15T22:23:38;null;false
2027;Антиглянец;https://t.me/sncmag;254000;80000;true;2023-12-29T11:11:27;2023-08-15T22:23:38;2053-08-15T22:23:38;null;false
2028;ВЕСТИ;https://t.me/vestiru24;145000;20000;true;2023-12-29T11:11:27;2023-08-15T22:23:38;2053-08-15T22:23:38;null;false
2029;№-Новости Дня;https://t.me/nrpublic;290000;100000;true;2023-12-29T11:11:27;2023-08-15T22:23:38;2053-08-15T22:23:38;null;false
2030;Только никому...;https://t.me/spletni_tg;175000;100000;true;2023-12-29T11:11:27;2023-08-15T22:23:38;2053-08-15T22:23:38;null;false
2031;Светские хроники;https://t.me/SVETSKlE_HRONIKI;170000;50000;true;2023-12-29T11:11:27;2023-08-15T22:23:38;2053-08-15T22:23:38;null;false
2032;Super.ru;https://t.me/SuperRu;212000;93000;true;2023-12-29T11:11:27;2023-08-15T22:23:38;2053-08-15T22:23:38;null;false
2033;AsiaToday;https://t.me/kazan_bass;120000;20000;true;2023-12-29T11:11:27;2023-08-15T22:23:38;2053-08-15T22:23:38;null;false
2034;Anton S Live;https://t.me/antonspletni;160000;40000;true;2023-12-29T11:11:27;2023-08-15T22:23:38;2053-08-15T22:23:38;null;false
2035;NEWS.ru|Новости;https://t.me/nwsru;210000;30000;true;2023-12-29T11:11:27;2023-08-15T22:23:38;2053-08-15T22:23:38;null;false
2036;НОВОСТИ;https://t.me/Novosty;980000;30000;true;2023-12-29T11:11:27;2023-08-15T22:23:38;2053-08-15T22:23:38;null;false
2037;Daily Storm;https://t.me/stormdaily;72000;12000;true;2023-12-29T11:11:27;2023-08-15T22:23:38;2053-08-15T22:23:38;null;false
2038;Rogandar NEWs:Новости,факты,события!;https://t.me/Rogandar;160000;30000;true;2023-12-29T11:11:27;2023-08-15T22:23:38;2053-08-15T22:23:38;null;false
2039;BRIEFLY;https://t.me/briefsmi;56000;9000;true;2023-12-29T11:11:27;2023-08-15T22:23:38;2053-08-15T22:23:38;null;false
2040;ЯП-События;https://t.me/yapnews;55000;10000;true;2023-12-29T11:11:27;2023-08-15T22:23:38;2053-08-15T22:23:38;null;false
2041;Рыбарь;https://t.me/rybar;1100000;300000;true;2023-12-29T11:11:27;2023-08-15T22:23:38;2053-08-15T22:23:38;null;false
2042;Война с фейками;https://t.me/warfakes;560000;200000;true;2023-12-29T11:11:27;2023-08-15T22:23:38;2053-08-15T22:23:38;null;false
2043;🇷🇺⚡️Сводки ополчения Новороссии Z.O.V. (ДНР, ЛНР, Украина, Война);https://t.me/swodki;250000;50000;true;2023-12-29T11:11:27;2023-08-15T22:23:38;2053-08-15T22:23:38;null;false
2044;АРХАНГЕЛ СПЕЦНАЗА Z;https://t.me/rusich_army;979000;428;true;2023-12-29T11:11:27;2023-08-15T22:23:38;2053-08-15T22:23:38;null;false
2045;Операция Z: Военкоры Русской Весны;https://t.me/RVvoenkor;130000;300000;true;2023-12-29T11:11:27;2023-08-15T22:23:38;2053-08-15T22:23:38;null;false
2046;Росич | Rosich;https://t.me/rosich_ru;190000;50000;true;2023-12-29T11:11:27;2023-08-15T22:23:38;2053-08-15T22:23:38;null;false
2047;СИЛОВИКИ;https://t.me/SIL0VIKI;260000;27000;true;2023-12-29T11:11:27;2023-08-15T22:23:38;2053-08-15T22:23:38;null;false
2048;Позывной Брюс;https://t.me/brussinf;140000;50000;true;2023-12-29T11:11:27;2023-08-15T22:23:38;2053-08-15T22:23:38;null;false
2049;Работайте, братья!;https://t.me/btr80;127000;30000;true;2023-12-29T11:11:27;2023-08-15T22:23:38;2053-08-15T22:23:38;null;false
2050;Апти Алаудинов «АХМАТ»;https://t.me/AptiAlaudinovAKHMAT;120000;30000;true;2023-12-29T11:11:27;2023-08-15T22:23:38;2053-08-15T22:23:38;null;false
2051;WarGonzo;https://t.me/wargonzo;1000000;170000;true;2023-12-29T11:11:27;2023-08-15T22:23:38;2053-08-15T22:23:38;null;false
2052;Повёрнутые на Z войне;https://t.me/voenacher;720000;170000;true;2023-12-29T11:11:27;2023-08-15T22:23:38;2053-08-15T22:23:38;null;false
2053;Владлен Татарский;https://t.me/vladlentatarsky;320000;40000;true;2023-12-29T11:11:27;2023-08-15T22:23:38;2053-08-15T22:23:38;null;false
2054;ZАПИСКИ VЕТЕРАНА;https://t.me/notes_veterans;300000;100000;true;2023-12-29T11:11:27;2023-08-15T22:23:38;2053-08-15T22:23:38;null;false
2055;СОЛДАТ УДАЧИ;https://t.me/Soldieroffortune777;150000;30000;true;2023-12-29T11:11:27;2023-08-15T22:23:38;2053-08-15T22:23:38;null;false
2056;REVERSE SIDE OF THE MEDAL;https://t.me/rsotmdivision;370000;135000;true;2023-12-29T11:11:27;2023-08-15T22:23:38;2053-08-15T22:23:38;null;false
2057;Оркестр Вагнера | Wagner;https://t.me/orchestra_w;730000;120000;true;2023-12-29T11:11:27;2023-08-15T22:23:38;2053-08-15T22:23:38;null;false
2058;Канал специального назначения;https://t.me/ok_spn;100000;20000;true;2023-12-29T11:11:27;2023-08-15T22:23:38;2053-08-15T22:23:38;null;false
2059;Оружейный Мастер;https://t.me/oruzhejnyj_master;100000;60000;true;2023-12-29T11:11:27;2023-08-15T22:23:38;2053-08-15T22:23:38;null;false
2060;Военный Осведомитель;https://t.me/milinfolive;600000;80000;true;2023-12-29T11:11:27;2023-08-15T22:23:38;2053-08-15T22:23:38;null;false
2061;Милитарист;https://t.me/infantmilitario;260000;60000;true;2023-12-29T11:11:27;2023-08-15T22:23:38;2053-08-15T22:23:38;null;false
2062;BUYAN - Чё там в мире?;https://t.me/buyanTime;160000;35000;true;2023-12-29T11:11:27;2023-08-15T22:23:38;2053-08-15T22:23:38;null;false
2063;Молитвы на все случаи жизни;https://t.me/molitvaikona;200000;40000;true;2023-12-29T11:11:27;2023-08-15T22:23:38;2053-08-15T22:23:38;null;false
2064;Осторожно, новости;https://t.me/ostorozhno_novosti;1400000;400000;true;2023-12-29T11:11:27;2023-08-15T22:23:38;2053-08-15T22:23:38;null;false
2065;Кровавая барыня;https://t.me/bloodysx;1200000;300000;true;2023-12-29T11:11:27;2023-08-15T22:23:38;2053-08-15T22:23:38;null;false
2066;BazaBaza;https://t.me/bazabazon;1000000;300000;true;2023-12-29T11:11:27;2023-08-15T22:23:38;2053-08-15T22:23:38;null;false
2067;Varlamov News;https://t.me/varlamov_news;1000000;400000;true;2023-12-29T11:11:27;2023-08-15T22:23:38;2053-08-15T22:23:38;null;false
2068;Оперативные сводки;https://t.me/opersvodki;500000;150000;true;2023-12-29T11:11:27;2023-08-15T22:23:38;2053-08-15T22:23:38;null;false
2069;Москвач • Новости Москвы;https://t.me/moscowach;1300000;300000;true;2023-12-29T11:11:27;2023-08-15T22:23:38;2053-08-15T22:23:38;null;false
2070;ВПШ;https://t.me/pravdadirty;1100000;370000;true;2023-12-29T11:11:27;2023-08-15T22:23:38;2053-08-15T22:23:38;null;false
2071;СМИ Россия не Москва;https://t.me/novosti_voinaa;3300000;250000;true;2023-12-29T11:11:27;2023-08-15T22:23:38;2053-08-15T22:23:38;null;false
2072;Санкции в РФ;https://t.me/RUSanctions;550000;90000;true;2023-12-29T11:11:27;2023-08-15T22:23:38;2053-08-15T22:23:38;null;false
2073;Москва сейчас;https://t.me/mosnow;333000;40000;true;2023-12-29T11:11:27;2023-08-15T22:23:38;2053-08-15T22:23:38;null;false
2074;Блокнот Россия 18+;https://t.me/bloknot_rossiya;225000;30000;true;2023-12-29T11:11:27;2023-08-15T22:23:38;2053-08-15T22:23:38;null;false
2075;Медуза — LIVE;https://t.me/meduzalive;1100000;200000;true;2023-12-29T11:11:27;2023-08-15T22:23:38;2053-08-15T22:23:38;null;false
2076;BBC News | Русская служба;https://t.me/bbcrussian;110000;60000;true;2023-12-29T11:11:27;2023-08-15T22:23:38;2053-08-15T22:23:38;null;false
2077;НЕ МОРГЕНШТЕРН;https://t.me/nemorgenshtern;1000000;90000;true;2023-12-29T11:11:27;2023-08-15T22:23:38;2053-08-15T22:23:38;null;false
2078;Телеканал Дождь;https://t.me/tvrain;400000;55000;true;2023-12-29T11:11:27;2023-08-15T22:23:38;2053-08-15T22:23:38;null;false
2079;Настоящее Время;https://t.me/currenttime;180000;18000;true;2023-12-29T11:11:27;2023-08-15T22:23:38;2053-08-15T22:23:38;null;false
2080;Новое Издание;https://t.me/Novoeizdanie;250000;80000;true;2023-12-29T11:11:27;2023-08-15T22:23:38;2053-08-15T22:23:38;null;false
2081;The Bell;https://t.me/thebell_io;117000;18000;true;2023-12-29T11:11:27;2023-08-15T22:23:38;2053-08-15T22:23:38;null;false
2082;Военное обозрение;https://t.me/topwar_official;109000;38000;true;2023-12-29T11:11:27;2023-08-15T22:23:38;2053-08-15T22:23:38;null;false
2083;The Insider;https://t.me/theinsider;115000;27000;true;2023-12-29T11:11:27;2023-08-15T22:23:38;2053-08-15T22:23:38;null;false
2084;Газетчик | Новости Live;https://t.me/gazetchick;120000;45000;true;2023-12-29T11:11:27;2023-08-15T22:23:38;2053-08-15T22:23:38;null;false
2085;АГИТПРОП;https://t.me/Agitblog;100000;40000;true;2023-12-29T11:11:27;2023-08-15T22:23:38;2053-08-15T22:23:38;null;false
2086;ЭХО / Новости;https://t.me/echoonline_news;77000;26000;true;2023-12-29T11:11:27;2023-08-15T22:23:38;2053-08-15T22:23:38;null;false
2087;Лента дна;https://t.me/lentadna;44000;11000;true;2023-12-29T11:11:27;2023-08-15T22:23:38;2053-08-15T22:23:38;null;false
2088;Звездач;https://t.me/zvezdach_mag;57000;13000;true;2023-12-29T11:11:27;2023-08-15T22:23:38;2053-08-15T22:23:38;null;false
2089;СОРОКА | Новости | Сегодня;https://t.me/sorokalife;114000;26000;true;2023-12-29T11:11:27;2023-08-15T22:23:38;2053-08-15T22:23:38;null;false
2090;Политический обозреватель;https://t.me/protiktok;65000;4000;true;2023-12-29T11:11:27;2023-08-15T22:23:38;2053-08-15T22:23:38;null;false
2091;Английский язык 🇬🇧;https://t.me/dailyeng;82000;4000;true;2023-12-29T11:11:27;2023-08-15T22:23:38;2053-08-15T22:23:38;null;false
2092;5 слов на английском;https://t.me/five_english_words;109000;8000;true;2023-12-29T11:11:27;2023-08-15T22:23:38;2053-08-15T22:23:38;null;false
2093;Английский язык;https://t.me/english_in_tele;42000;7000;true;2023-12-29T11:11:27;2023-08-15T22:23:38;2053-08-15T22:23:38;null;false
2094;Learning English by Topic;https://t.me/wow_english;38000;3000;true;2023-12-29T11:11:27;2023-08-15T22:23:38;2053-08-15T22:23:38;null;false
2095;Learn English Grammar Cards;https://t.me/GrammarCards;92000;6000;true;2023-12-29T11:11:27;2023-08-15T22:23:38;2053-08-15T22:23:38;null;false
2096;kakrodnoy | школа английского;https://t.me/kakrodnoyschool;21000;3000;true;2023-12-29T11:11:27;2023-08-15T22:23:38;2053-08-15T22:23:38;null;false
2097;Английский с нуля;https://t.me/EnglishBestChannel;187000;8000;true;2023-12-29T11:11:27;2023-08-15T22:23:38;2053-08-15T22:23:38;null;false
2098;английский для дебилов;https://t.me/debilenglish;75000;6000;true;2023-12-29T11:11:27;2023-08-15T22:23:38;2053-08-15T22:23:38;null;false
2099;Английские слова для взрослых;https://t.me/engslov;124000;22000;true;2023-12-29T11:11:27;2023-08-15T22:23:38;2053-08-15T22:23:38;null;false
2100;English for Developers;https://t.me/englishfordeveloper;15000;2000;true;2023-12-29T11:11:27;2023-08-15T22:23:38;2053-08-15T22:23:38;null;false
2101;Английский в фразах;https://t.me/EngInPhrases;25000;2000;true;2023-12-29T11:11:27;2023-08-15T22:23:38;2053-08-15T22:23:38;null;false
2102;Как это переводится, Чувак?;https://t.me/Dudetranslate;42000;3000;true;2023-12-29T11:11:27;2023-08-15T22:23:38;2053-08-15T22:23:38;null;false
2103;Гапонова и её английский;https://t.me/gaponova;18000;2000;true;2023-12-29T11:11:27;2023-08-15T22:23:38;2053-08-15T22:23:38;null;false
2104;English Tochka;https://t.me/englishtochka;16000;1000;true;2023-12-29T11:11:27;2023-08-15T22:23:38;2053-08-15T22:23:38;null;false
2105;Английский с нуля;https://t.me/UchuEnglish;16000;1000;true;2023-12-29T11:11:27;2023-08-15T22:23:38;2053-08-15T22:23:38;null;false
2106;Virginia Bēowulf | английский язык;https://t.me/v_beowulf;16000;9000;true;2023-12-29T11:11:27;2023-08-15T22:23:38;2053-08-15T22:23:38;null;false
2107;bakhramov top;https://t.me/bakhramovtop;10000;16000;true;2023-12-29T11:11:27;2023-08-15T22:23:38;2053-08-15T22:23:38;null;false
2108;Для УЧИТЕЛЯ английского языка;https://t.me/plyushkiforelt;10000;2000;true;2023-12-29T11:11:27;2023-08-15T22:23:38;2053-08-15T22:23:38;null;false
2109;Доза английского;https://t.me/englishdoza;8000;2000;true;2023-12-29T11:11:27;2023-08-15T22:23:38;2053-08-15T22:23:38;null;false
2110;Английский с результатом;https://t.me/englishwithresult;6000;1000;true;2023-12-29T11:11:27;2023-08-15T22:23:38;2053-08-15T22:23:38;null;false
2111;English|TESTS;https://t.me/englobus;6000;2000;true;2023-12-29T11:11:27;2023-08-15T22:23:38;2053-08-15T22:23:38;null;false
2112;Английский по мемам;https://t.me/engmemas;5000;1000;true;2023-12-29T11:11:27;2023-08-15T22:23:38;2053-08-15T22:23:38;null;false
2113;Немецкий язык;https://t.me/deutschonline;125000;10000;true;2023-12-29T11:11:27;2023-08-15T22:23:38;2053-08-15T22:23:38;null;false
2114;Немецкий язык в словах;https://t.me/stylishgerman;54000;8000;true;2023-12-29T11:11:27;2023-08-15T22:23:38;2053-08-15T22:23:38;null;false
2115;Немецкий язык;https://t.me/nemetskiy_yazik;18000;2000;true;2023-12-29T11:11:27;2023-08-15T22:23:38;2053-08-15T22:23:38;null;false
2116;Немецкий в Katjas Schule;https://t.me/C1_Deutsch;14000;2000;true;2023-12-29T11:11:27;2023-08-15T22:23:38;2053-08-15T22:23:38;null;false
2117;Alles klar!;https://t.me/alles_klar;4000;2000;true;2023-12-29T11:11:27;2023-08-15T22:23:38;2053-08-15T22:23:38;null;false
2118;ADeutsche Lehrbücher;https://t.me/Deutsche_Lehrbucher;39000;14000;true;2023-12-29T11:11:27;2023-08-15T22:23:38;2053-08-15T22:23:38;null;false
2119;Немецкий язык в тестах;https://t.me/learngerm;32000;4000;true;2023-12-29T11:11:27;2023-08-15T22:23:38;2053-08-15T22:23:38;null;false
2120;Немецкий язык|Обучение языку;https://t.me/deutch_peace;29000;20000;true;2023-12-29T11:11:27;2023-08-15T22:23:38;2053-08-15T22:23:38;null;false
2121;Немецкий Язык|Германия|HHDEUTSCH;https://t.me/hhdeutsch;22000;4000;true;2023-12-29T11:11:27;2023-08-15T22:23:38;2053-08-15T22:23:38;null;false
2122;Мой Испанский!;https://t.me/miespanol;21000;3000;true;2023-12-29T11:11:27;2023-08-15T22:23:38;2053-08-15T22:23:38;null;false
2123;Книги на испанском;https://t.me/espanolconamigos;16000;14000;true;2023-12-29T11:11:27;2023-08-15T22:23:38;2053-08-15T22:23:38;null;false
2124;Испанский язык!;https://t.me/espanol_spanish_castellano;23000;3000;true;2023-12-29T11:11:27;2023-08-15T22:23:38;2053-08-15T22:23:38;null;false
2125;Итальянский язык / Italiano;https://t.me/italiano_russo;27000;3000;true;2023-12-29T11:11:27;2023-08-15T22:23:38;2053-08-15T22:23:38;null;false
2126;Французский в удовольствие;https://t.me/fransaise;15000;17000;true;2023-12-29T11:11:27;2023-08-15T22:23:38;2053-08-15T22:23:38;null;false
2127;🇮🇹 Итальянский язык lingua italiana;https://t.me/miaitalia;14000;1000;true;2023-12-29T11:11:27;2023-08-15T22:23:38;2053-08-15T22:23:38;null;false
2128;Daigaku - Японский язык;https://t.me/daigaku;22000;36000;true;2023-12-29T11:11:27;2023-08-15T22:23:38;2053-08-15T22:23:38;null;false
2129;Корейский с Чериш;https://t.me/koreanwithcherish;11000;1000;true;2023-12-29T11:11:27;2023-08-15T22:23:38;2053-08-15T22:23:38;null;false
2130;Турецкий язык|Turkish language;https://t.me/TurkishTG;50000;10000;true;2023-12-29T11:11:27;2023-08-15T22:23:38;2053-08-15T22:23:38;null;false
2131;Китайский язык;https://t.me/chinese_lingvistika_slovar;48000;3000;true;2023-12-29T11:11:27;2023-08-15T22:23:38;2053-08-15T22:23:38;null;false
2132;Китайский в опросах;https://t.me/chinesequizzes;8000;2000;true;2023-12-29T11:11:27;2023-08-15T22:23:38;2053-08-15T22:23:38;null;false
2133;HaoHan - китайский язык;https://t.me/ha0_han;8000;1000;true;2023-12-29T11:11:27;2023-08-15T22:23:38;2053-08-15T22:23:38;null;false
2134;Немецкий язык🇩🇪 Deutsch.läuft🇩🇪;https://t.me/deutschlaeuft;9000;10000;true;2023-12-29T11:11:27;2023-08-15T22:23:38;2053-08-15T22:23:38;null;false
2135;Корейский язык 🇰🇷;https://t.me/koreanlanguage2023;47000;9000;true;2023-12-29T11:11:27;2023-08-15T22:23:38;2053-08-15T22:23:38;null;false
2136;Записки редакторки;https://t.me/zapiski_redaktorki;90000;11000;true;2023-12-29T11:11:27;2023-08-15T22:23:38;2053-08-15T22:23:38;null;false
2137;Словарный запас;https://t.me/slovar_psikhologia;99000;8000;true;2023-12-29T11:11:27;2023-08-15T22:23:38;2053-08-15T22:23:38;null;false
2138;Учитель русского | Русский язык;https://t.me/teacherus;37000;4000;true;2023-12-29T11:11:27;2023-08-15T22:23:38;2053-08-15T22:23:38;null;false
2139;Грамотная речь|Лингвистика;https://t.me/gramotnaya_rech;185000;18000;true;2023-12-29T11:11:27;2023-08-15T22:23:38;2053-08-15T22:23:38;null;false
2140;Лингвист;https://t.me/Lingvaa;127000;11000;true;2023-12-29T11:11:27;2023-08-15T22:23:38;2053-08-15T22:23:38;null;false
2141;Обои на телефон 📲;https://t.me/oboi_1_hd;45000;21000;true;2023-12-29T11:11:27;2023-08-15T22:23:38;2053-08-15T22:23:38;null;false
2142;ARTерия | Искусство;https://t.me/kartiny_arteriart;208000;17000;true;2023-12-29T11:11:27;2023-08-15T22:23:38;2053-08-15T22:23:38;null;false
2143;Девяностые;https://t.me/Life90x;62000;10000;true;2023-12-29T11:11:27;2023-08-15T22:23:38;2053-08-15T22:23:38;null;false
2144;Обои на телефон HD;https://t.me/oboi_foto_na_avu;80000;10000;true;2023-12-29T11:11:27;2023-08-15T22:23:38;2053-08-15T22:23:38;null;false
2145;Обои для iPhone;https://t.me/iphonefotohd;72000;14000;true;2023-12-29T11:11:27;2023-08-15T22:23:38;2053-08-15T22:23:38;null;false
2146;N С К У С С Т В О;https://t.me/NCKYCCTBO;39000;4000;true;2023-12-29T11:11:27;2023-08-15T22:23:38;2053-08-15T22:23:38;null;false
2147;Pictures | Photos | Images;https://t.me/Pictures;25000;50000;true;2023-12-29T11:11:27;2023-08-15T22:23:38;2053-08-15T22:23:38;null;false
2148;Эстетика🤍🕊;https://t.me/estetika_video15;63000;10000;true;2023-12-29T11:11:27;2023-08-15T22:23:38;2053-08-15T22:23:38;null;false
2149;.jpeg | фотография | искусство;https://t.me/jpeg_pictures1;41000;5000;true;2023-12-29T11:11:27;2023-08-15T22:23:38;2053-08-15T22:23:38;null;false
2150;Argentum;https://t.me/fotoartset;48000;5000;true;2023-12-29T11:11:27;2023-08-15T22:23:38;2053-08-15T22:23:38;null;false
2151;Stories insta 📸🎥;https://t.me/stories_for_inst;44000;1000;true;2023-12-29T11:11:27;2023-08-15T22:23:38;2053-08-15T22:23:38;null;false
2152;Идеи для фото;https://t.me/ideasforphotoinst;27000;6000;true;2023-12-29T11:11:27;2023-08-15T22:23:38;2053-08-15T22:23:38;null;false
2153;aestheticbitch;https://t.me/aestheticbbitch;20000;1000;true;2023-12-29T11:11:27;2023-08-15T22:23:38;2053-08-15T22:23:38;null;false
2154;💦🍷ТОП СОХРЫ🍷💦️ ;https://t.me/soxri_amour;14000;23000;true;2023-12-29T11:11:27;2023-08-15T22:23:38;2053-08-15T22:23:38;null;false
2155;инста сторис 💖;https://t.me/lovinsta;14000;1000;true;2023-12-29T11:11:27;2023-08-15T22:23:38;2053-08-15T22:23:38;null;false
2156;Мгновения прошлого;https://t.me/mgnovenia_proshlogo;240000;11000;true;2023-12-29T11:11:27;2023-08-15T22:23:38;2053-08-15T22:23:38;null;false
2157;Bosco;https://t.me/boscoo_900;622000;50000;true;2023-12-29T11:11:27;2023-08-15T22:23:38;2053-08-15T22:23:38;null;false
2158;Темы для Тг | Обои;https://t.me/sokhryb;350000;11000;true;2023-12-29T11:11:27;2023-08-15T22:23:38;2053-08-15T22:23:38;null;false
2159;Пресеты Лайтрум | Presets Lightroom;https://t.me/presety;309000;60000;true;2023-12-29T11:11:27;2023-08-15T22:23:38;2053-08-15T22:23:38;null;false
2160;Обои для двоих;https://t.me/AVATARKI_DLYA_DVOIX;131000;9000;true;2023-12-29T11:11:27;2023-08-15T22:23:38;2053-08-15T22:23:38;null;false
2161;Сфоткала? | Идеи и Фото;https://t.me/PhotoideasTG;125000;25000;true;2023-12-29T11:11:27;2023-08-15T22:23:38;2053-08-15T22:23:38;null;false
2162;Русский язык (Грамотность);https://t.me/ruGrammar;140000;34000;true;2023-12-29T11:11:27;2023-08-15T22:23:38;2053-08-15T22:23:38;null;false
2163;English Explorer 🇬🇧 Изучение Английский языка;https://t.me/EnglisTG;118000;2000;true;2023-12-29T11:11:27;2023-08-15T22:23:38;2053-08-15T22:23:38;null;false
2164;УЧИЛКА АНГЛИЙСКОГО;https://t.me/englishmaria;147000;20000;true;2023-12-29T11:11:27;2023-08-15T22:23:38;2053-08-15T22:23:38;null;false
2165;Английский с нуля;https://t.me/english2020easy;157000;20000;true;2023-12-29T11:11:27;2023-08-15T22:23:38;2053-08-15T22:23:38;null;false
2166;VeryEnglish ☕️;https://t.me/veryenglink;116000;3000;true;2023-12-29T11:11:27;2023-08-15T22:23:38;2053-08-15T22:23:38;null;false
2167;Английский каждый день;https://t.me/eng_every_day;90000;10000;true;2023-12-29T11:11:27;2023-08-15T22:23:38;2053-08-15T22:23:38;null;false
2168;Практичный Английский;https://t.me/cefr_eng;77000;4000;true;2023-12-29T11:11:27;2023-08-15T22:23:38;2053-08-15T22:23:38;null;false
2169;Английский в картинках;https://t.me/angliyski_in_pictures;61000;3000;true;2023-12-29T11:11:27;2023-08-15T22:23:38;2053-08-15T22:23:38;null;false
2170;Английский для всех!;https://t.me/eng_for_all;58000;7000;true;2023-12-29T11:11:27;2023-08-15T22:23:38;2053-08-15T22:23:38;null;false
2171;🇬🇧Learn English🇬🇧;https://t.me/LearnEnglishRus;56000;3000;true;2023-12-29T11:11:27;2023-08-15T22:23:38;2053-08-15T22:23:38;null;false
2172;Русский язык просто;https://t.me/ruProsto;118000;18000;true;2023-12-29T11:11:27;2023-08-15T22:23:38;2053-08-15T22:23:38;null;false
2173;Обои | парные авы;https://t.me/temki_yazychki;394000;13000;true;2023-12-29T11:11:27;2023-08-15T22:23:38;2053-08-15T22:23:38;null;false
2174;Топовые татуировки;https://t.me/tattoo_eskizy_sketches;125000;11000;true;2023-12-29T11:11:27;2023-08-15T22:23:38;2053-08-15T22:23:38;null;false
2175;Архитектурные излишества;https://t.me/arkhlikbez;93000;11000;true;2023-12-29T11:11:27;2023-08-15T22:23:38;2053-08-15T22:23:38;null;false
2176;catharsis;https://t.me/truecatharsis;41000;5000;true;2023-12-29T11:11:27;2023-08-15T22:23:38;2053-08-15T22:23:38;null;false
2177;Posterino | искусство плаката;https://t.me/posterino;54000;11000;true;2023-12-29T11:11:27;2023-08-15T22:23:38;2053-08-15T22:23:38;null;false
2178;История одной картины;https://t.me/pic_history;54000;5000;true;2023-12-29T11:11:27;2023-08-15T22:23:38;2053-08-15T22:23:38;null;false
2179;Клуб ценителей искусства;https://t.me/FirstArtClub;24000;2000;true;2023-12-29T11:11:27;2023-08-15T22:23:38;2053-08-15T22:23:38;null;false
2180;Картины. Живопись. Искусство;https://t.me/kartiny2;92000;5000;true;2023-12-29T11:11:27;2023-08-15T22:23:38;2053-08-15T22:23:38;null;false
2181;Тут картины показываем;https://t.me/artgallery;237000;20000;true;2023-12-29T11:11:27;2023-08-15T22:23:38;2053-08-15T22:23:38;null;false
2182;Искусство Творчество;https://t.me/iskusstvos;12000;5000;true;2023-12-29T11:11:27;2023-08-15T22:23:38;2053-08-15T22:23:38;null;false
2183;Музей;https://t.me/muzei_tg;83000;11000;true;2023-12-29T11:11:27;2023-08-15T22:23:38;2053-08-15T22:23:38;null;false
2184;Nothing Book;https://t.me/Nothing_Book_tg;72000;8000;true;2023-12-29T11:11:27;2023-08-15T22:23:38;2053-08-15T22:23:38;null;false
2185;Insanity Gallery;https://t.me/insanity_gallery;68000;8000;true;2023-12-29T11:11:27;2023-08-15T22:23:38;2053-08-15T22:23:38;null;false
2186;Crazyart;https://t.me/crazyart;21000;1000;true;2023-12-29T11:11:27;2023-08-15T22:23:38;2053-08-15T22:23:38;null;false
2187;Старая Москва;https://t.me/old_Moscow;137000;31000;true;2023-12-29T11:11:27;2023-08-15T22:23:38;2053-08-15T22:23:38;null;false
2188;Художник|Картины|Искусство;https://t.me/artist_web;43000;13000;true;2023-12-29T11:11:27;2023-08-15T22:23:38;2053-08-15T22:23:38;null;false
2189;Explore Arts: Midjourney|AI|Digital|ChatGPT;https://t.me/ExploreArts;42000;3000;true;2023-12-29T11:11:27;2023-08-15T22:23:38;2053-08-15T22:23:38;null;false
2190;N С К У С С Т В О;https://t.me/NCKYCCTBO;38000;3000;true;2023-12-29T11:11:27;2023-08-15T22:23:38;2053-08-15T22:23:38;null;false
2191;Искусство | Художники |Творчество;https://t.me/tvorchestvo_v;38000;15000;true;2023-12-29T11:11:27;2023-08-15T22:23:38;2053-08-15T22:23:38;null;false
2192;Искусство и культура;https://t.me/kulturerbe;33000;2000;true;2023-12-29T11:11:27;2023-08-15T22:23:38;2053-08-15T22:23:38;null;false
2193;ТЕАТРАЛЬНЫЕ ЛЮДИ;https://t.me/people_theatre;55000;5000;true;2023-12-29T11:11:27;2023-08-15T22:23:38;2053-08-15T22:23:38;null;false
2194;Культурный дилер;https://t.me/culturedeal;47000;8000;true;2023-12-29T11:11:27;2023-08-15T22:23:38;2053-08-15T22:23:38;null;false
2195;f/64;https://t.me/sixtyfourmag;51000;5000;true;2023-12-29T11:11:27;2023-08-15T22:23:38;2053-08-15T22:23:38;null;false
2196;русский арт;https://t.me/russiaarts;45000;13000;true;2023-12-29T11:11:27;2023-08-15T22:23:38;2053-08-15T22:23:38;null;false
2197;Бестиа́рий;https://t.me/bestiariy_mif;38000;8000;true;2023-12-29T11:11:27;2023-08-15T22:23:38;2053-08-15T22:23:38;null;false
2198;Private Art;https://t.me/privateart;57000;12000;true;2023-12-29T11:11:27;2023-08-15T22:23:38;2053-08-15T22:23:38;null;false
2199;Polotno;https://t.me/art_polotno;15000;3000;true;2023-12-29T11:11:27;2023-08-15T22:23:38;2053-08-15T22:23:38;null;false
2200;Эколог Соколова Наталья ®;https://t.me/sokolovaeco;996000;30000;true;2023-12-29T11:11:27;2023-08-15T22:23:38;2053-08-15T22:23:38;null;false
2201;не вешай носик котёночек;https://t.me/meow_meow_cute;106000;21000;true;2023-12-29T11:11:27;2023-08-15T22:23:38;2053-08-15T22:23:38;null;false
2202;Цветы и растения;https://t.me/tsvety_rasteniya;89000;7000;true;2023-12-29T11:11:27;2023-08-15T22:23:38;2053-08-15T22:23:38;null;false
2203;ЖИВОТНЫЕ ДОМАШНИЕ ПИТОМЦЫ;https://t.me/zoomir_k;84000;14000;true;2023-12-29T11:11:27;2023-08-15T22:23:38;2053-08-15T22:23:38;null;false
2204;Кошки🔸 котики🔸коты🔸котята;https://t.me/koshki7;79000;14000;true;2023-12-29T11:11:27;2023-08-15T22:23:38;2053-08-15T22:23:38;null;false
2205;Zacvetet - Все зацветёт;https://t.me/zacvetet;82000;45000;true;2023-12-29T11:11:27;2023-08-15T22:23:38;2053-08-15T22:23:38;null;false
2206;Милые Капибары;https://t.me/capybaras_cutie;44000;4000;true;2023-12-29T11:11:27;2023-08-15T22:23:38;2053-08-15T22:23:38;null;false
2207;MIMI_VIDEO Животные;https://t.me/mimi_video;44000;5000;true;2023-12-29T11:11:27;2023-08-15T22:23:38;2053-08-15T22:23:38;null;false
2208;Природа | Животные | Насекомые;https://t.me/priroda_j;43000;18000;true;2023-12-29T11:11:27;2023-08-15T22:23:38;2053-08-15T22:23:38;null;false
2209;Шерстяной дружок;https://t.me/sherstyanoy_druzhok;41000;9000;true;2023-12-29T11:11:27;2023-08-15T22:23:38;2053-08-15T22:23:38;null;false
2210;ПАНДА | ЖИВОТНЫЕ;https://t.me/wild_pandas;34000;18000;true;2023-12-29T11:11:27;2023-08-15T22:23:38;2053-08-15T22:23:38;null;false
2211;сладкие пусечки;https://t.me/sweetpussychki;33000;3000;true;2023-12-29T11:11:27;2023-08-15T22:23:38;2053-08-15T22:23:38;null;false
2212;Собаковед | Собаки, Породы, Юмор.;https://t.me/sobakoved;30000;6000;true;2023-12-29T11:11:27;2023-08-15T22:23:38;2053-08-15T22:23:38;null;false
2213;Фото | Животные | Природа;https://t.me/sobakoved;33000;20000;true;2023-12-29T11:11:27;2023-08-15T22:23:38;2053-08-15T22:23:38;null;false
2214;Nat Geo Wild;https://t.me/ngwild;33000;4000;true;2023-12-29T11:11:27;2023-08-15T22:23:38;2053-08-15T22:23:38;null;false
2215;Котизм;https://t.me/catism;31000;11000;true;2023-12-29T11:11:27;2023-08-15T22:23:38;2053-08-15T22:23:38;null;false
2216;Любителям Кошек и Собак;https://t.me/cats_dogs_love;29000;20000;true;2023-12-29T11:11:27;2023-08-15T22:23:38;2053-08-15T22:23:38;null;false
2217;Домашние животные | Питомец;https://t.me/pitomecnorm;29000;18000;true;2023-12-29T11:11:27;2023-08-15T22:23:38;2053-08-15T22:23:38;null;false
2218;Мемные животные;https://t.me/animalmem;29000;23000;true;2023-12-29T11:11:27;2023-08-15T22:23:38;2053-08-15T22:23:38;null;false
2219;Новости экологии | Гринпис | Природа;https://t.me/ecoworldnews;28000;22000;true;2023-12-29T11:11:27;2023-08-15T22:23:38;2053-08-15T22:23:38;null;false
2220;Четвероногие друзья;https://t.me/kotizal;27000;10000;true;2023-12-29T11:11:27;2023-08-15T22:23:38;2053-08-15T22:23:38;null;false
2221;Природа | Животные | Фауна;https://t.me/kotizal;27000;21000;true;2023-12-29T11:11:27;2023-08-15T22:23:38;2053-08-15T22:23:38;null;false
2222;ЭкоФрендли | Экологичный Стиль Жизни;https://t.me/eco_friend_tg;25000;20000;true;2023-12-29T11:11:27;2023-08-15T22:23:38;2053-08-15T22:23:38;null;false
2223;Садовый гид Лариса Зарубина;https://t.me/sadovyygid;78000;31000;true;2023-12-29T11:11:27;2023-08-15T22:23:38;2053-08-15T22:23:38;null;false
2224;Рыбалка | Советы | Истории;https://t.me/fishworldfish;39000;19000;true;2023-12-29T11:11:27;2023-08-15T22:23:38;2053-08-15T22:23:38;null;false
2225;ДАЧА – Советы, Идеи;https://t.me/dacha_best;35000;23000;true;2023-12-29T11:11:27;2023-08-15T22:23:38;2053-08-15T22:23:38;null;false
2226;Удачная Дача: Дизайн;https://t.me/dach_ogorod;36000;3000;true;2023-12-29T11:11:27;2023-08-15T22:23:38;2053-08-15T22:23:38;null;false
2227;ДАЧНИК;https://t.me/dachniikk;36000;5000;true;2023-12-29T11:11:27;2023-08-15T22:23:38;2053-08-15T22:23:38;null;false
2228;Дача💚огород💚ландшафтный дизайн;https://t.me/dachaogrod;251000;220000;true;2023-12-29T11:11:27;2023-08-15T22:23:38;2053-08-15T22:23:38;null;false
2229;Дачные советы🍒;https://t.me/dacnye_sovety;195000;15000;true;2023-12-29T11:11:27;2023-08-15T22:23:38;2053-08-15T22:23:38;null;false
2230;Простая Рыбалка🐟;https://t.me/ribalka_prostaya;170000;30000;true;2023-12-29T11:11:27;2023-08-15T22:23:38;2053-08-15T22:23:38;null;false
2231;Дача | Мой домик;https://t.me/dacha_dom;124000;9000;true;2023-12-29T11:11:27;2023-08-15T22:23:38;2053-08-15T22:23:38;null;false
2232;Современный дачник;https://t.me/dacha_blog;118000;12000;true;2023-12-29T11:11:27;2023-08-15T22:23:38;2053-08-15T22:23:38;null;false
2233;Дачный советник - дача | огород;https://t.me/dacha_public;110000;20000;true;2023-12-29T11:11:27;2023-08-15T22:23:38;2053-08-15T22:23:38;null;false
2234;Дача моей мечты 🌱🌶️🍓;https://t.me/da4alove;91000;100000;true;2023-12-29T11:11:27;2023-08-15T22:23:38;2053-08-15T22:23:38;null;false
2235;Vinograd_ulsk;https://t.me/vinograd73;33000;9000;true;2023-12-29T11:11:27;2023-08-15T22:23:38;2053-08-15T22:23:38;null;false
2236;Мужской уголок * рыбалка;https://t.me/muzjinairiba;31000;23000;true;2023-12-29T11:11:27;2023-08-15T22:23:38;2053-08-15T22:23:38;null;false
2237;Охота * Рыбалка;https://t.me/ribaiohota;31000;20000;true;2023-12-29T11:11:27;2023-08-15T22:23:38;2053-08-15T22:23:38;null;false
2238;Море * Лодки * Рыбалка;https://t.me/otdihnavode;31000;20000;true;2023-12-29T11:11:27;2023-08-15T22:23:38;2053-08-15T22:23:38;null;false
2239;Охота | Рыбалка | Отдых;https://t.me/oxota_ri;30000;20000;true;2023-12-29T11:11:27;2023-08-15T22:23:38;2053-08-15T22:23:38;null;false
2240;Крутой охотник * крутой Рыбак;https://t.me/krutoohota;31000;22000;true;2023-12-29T11:11:27;2023-08-15T22:23:38;2053-08-15T22:23:38;null;false
2241;Рыбалка | Удочки;https://t.me/ribalka_u;31000;20000;true;2023-12-29T11:11:27;2023-08-15T22:23:38;2053-08-15T22:23:38;null;false
2242;Рыбалка * Дачник;https://t.me/dachairiba;31000;20000;true;2023-12-29T11:11:27;2023-08-15T22:23:38;2053-08-15T22:23:38;null;false
2243;Рыбалка | Охота | Фото;https://t.me/hintworldfish;30000;19000;true;2023-12-29T11:11:27;2023-08-15T22:23:38;2053-08-15T22:23:38;null;false
2244;Бешеный клёв;https://t.me/besheniy_klev;25000;7000;true;2023-12-29T11:11:27;2023-08-15T22:23:38;2053-08-15T22:23:38;null;false
2245;Рыбалка * Охота * Отдых;https://t.me/ohotamuzchinam;29000;18000;true;2023-12-29T11:11:27;2023-08-15T22:23:38;2053-08-15T22:23:38;null;false
2246;Охота в России и СНГ;https://t.me/ohota_ru;25000;5000;true;2023-12-29T11:11:27;2023-08-15T22:23:38;2053-08-15T22:23:38;null;false
2247;NIGHTHUNTER 🌘 Охота и только…;https://t.me/nighthunter_63;20000;5000;true;2023-12-29T11:11:27;2023-08-15T22:23:38;2053-08-15T22:23:38;null;false
2248;Physics.Math.Code;https://t.me/physics_lib;125000;17000;true;2023-12-29T11:11:27;2023-08-15T22:23:38;2053-08-15T22:23:38;null;false
2249;Naked Science;https://t.me/nsmag;200000;40000;true;2023-12-29T11:11:27;2023-08-15T22:23:38;2053-08-15T22:23:38;null;false
2250;Kosmos Time | Наука | Физика;https://t.me/kosmostime;68000;4000;true;2023-12-29T11:11:27;2023-08-15T22:23:38;2053-08-15T22:23:38;null;false
2251;Малоизвестное интересное;https://t.me/theworldisnoteasy;60000;15000;true;2023-12-29T11:11:27;2023-08-15T22:23:38;2053-08-15T22:23:38;null;false
2252;Илон Маск | Физика | Астрономия;https://t.me/IlonMaskRus;38000;21000;true;2023-12-29T11:11:27;2023-08-15T22:23:38;2053-08-15T22:23:38;null;false
2253;Эксплойт;https://t.me/exploitex;1233000;122000;true;2023-12-29T11:11:27;2023-08-15T22:23:38;2053-08-15T22:23:38;null;false
2254;Romancev768;https://t.me/Romancev768;666000;100000;true;2023-12-29T11:11:27;2023-08-15T22:23:38;2053-08-15T22:23:38;null;false
2255;АНТРОПОГЕНЕЗ.RU;https://t.me/antropogenez_ru;23000;3000;true;2023-12-29T11:11:27;2023-08-15T22:23:38;2053-08-15T22:23:38;null;false
2256;N + 1;https://t.me/nplusone;47000;7000;true;2023-12-29T11:11:27;2023-08-15T22:23:38;2053-08-15T22:23:38;null;false
2257;Пробковый шлем;https://t.me/pithhelmet;16000;6000;true;2023-12-29T11:11:27;2023-08-15T22:23:38;2053-08-15T22:23:38;null;false
2258;Наука и Техника;https://t.me/Scienceg;101000;9000;true;2023-12-29T11:11:27;2023-08-15T22:23:38;2053-08-15T22:23:38;null;false
2259;TrendWatching: IT, технологии, бизнес;https://t.me/TrendWatching24;223000;22000;true;2023-12-29T11:11:27;2023-08-15T22:23:38;2053-08-15T22:23:38;null;false
2260;КиберГик;https://t.me/cb_geek;171000;30000;true;2023-12-29T11:11:27;2023-08-15T22:23:38;2053-08-15T22:23:38;null;false
2261;Ученье - свет;https://t.me/EduIsLight;34000;3000;true;2023-12-29T11:11:27;2023-08-15T22:23:38;2053-08-15T22:23:38;null;false
2262;Stardust🚀;https://t.me/hitechnoligy;139000;120000;true;2023-12-29T11:11:27;2023-08-15T22:23:38;2053-08-15T22:23:38;null;false
2263;ТЕХНО: Яндекс про технологии;https://t.me/techno_yandex;117000;30000;true;2023-12-29T11:11:27;2023-08-15T22:23:38;2053-08-15T22:23:38;null;false
2264;Тайны Космоса 🔭;https://t.me/mycosmos;118000;12000;true;2023-12-29T11:11:27;2023-08-15T22:23:38;2053-08-15T22:23:38;null;false
2265;Social Engineering;https://t.me/Social_engineering;116000;20000;true;2023-12-29T11:11:27;2023-08-15T22:23:38;2053-08-15T22:23:38;null;false
2266;Мой Компьютер;https://t.me/mknewsru;133000;14000;true;2023-12-29T11:11:27;2023-08-15T22:23:38;2053-08-15T22:23:38;null;false
2267;Весёлый Электронщик;https://t.me/radiolubitelTV;18000;7000;true;2023-12-29T11:11:27;2023-08-15T22:23:38;2053-08-15T22:23:38;null;false
2268;Разум Инженера;https://t.me/+Vk9Ny6sX3ZxiZjI6;19000;2000;true;2023-12-29T11:11:27;2023-08-15T22:23:38;2053-08-15T22:23:38;null;false
2269;КиберПанк | Технологии Будущего | Technology;https://t.me/technology_future_cyberpunk;55000;2000;true;2023-12-29T11:11:27;2023-08-15T22:23:38;2053-08-15T22:23:38;null;false
2270;НеМалахов;https://t.me/nemalahov;125000;45000;true;2023-12-29T11:11:27;2023-08-15T22:23:38;2053-08-15T22:23:38;null;false
2271;ШоуТайм | Свежее Здесь;https://t.me/showtimeinfo;111000;30000;true;2023-12-29T11:11:27;2023-08-15T22:23:38;2053-08-15T22:23:38;null;false
2272;Данир на связи ОГЭ МАТЕМАТИКА 2024;https://t.me/danirmath;83000;20000;true;2023-12-29T11:11:27;2023-08-15T22:23:38;2053-08-15T22:23:38;null;false
2273;ОБЩЕСТВО РАВИЛЯ | ОГЭ 2024 🌍;https://t.me/ravilcandi;75000;17000;true;2023-12-29T11:11:27;2023-08-15T22:23:38;2053-08-15T22:23:38;null;false
2274;Территория русского языка|Настя Гласная| Умскул;https://t.me/nastya_umschool;73000;15000;true;2023-12-29T11:11:27;2023-08-15T22:23:38;2053-08-15T22:23:38;null;false
2275;Курсы | Поступление | Институт;https://t.me/kursi_ob;31000;20000;true;2023-12-29T11:11:27;2023-08-15T22:23:38;2053-08-15T22:23:38;null;false
2276;ЕГЭ по русскому с Татьяшкой;https://t.me/TatiashkaEGE;30000;17000;true;2023-12-29T11:11:27;2023-08-15T22:23:38;2053-08-15T22:23:38;null;false
2277;Эрик Ковалев | Математика ЕГЭ;https://t.me/stopoints;31000;9000;true;2023-12-29T11:11:27;2023-08-15T22:23:38;2053-08-15T22:23:38;null;false
2278;Жанна Казанская|БИОЛОГИЯ ЕГЭ 2024;https://t.me/kazanZkaya;30000;4000;true;2023-12-29T11:11:27;2023-08-15T22:23:38;2053-08-15T22:23:38;null;false
2279;ЕГЭ 100БАЛЛОВ;https://t.me/egeoge100ballov;28000;1000;true;2023-12-29T11:11:27;2023-08-15T22:23:38;2053-08-15T22:23:38;null;false
2280;Уроки русского с Юлией Нефёдовой|ОГЭ,ЕГЭ;https://t.me/uunefedova_russ;35000;6000;true;2023-12-29T11:11:27;2023-08-15T22:23:38;2053-08-15T22:23:38;null;false
2281;Математика * Физика;https://t.me/molodoymatematik;40000;20000;true;2023-12-29T11:11:27;2023-08-15T22:23:38;2053-08-15T22:23:38;null;false
2282;Юные медики;https://t.me/off_yunyye_mediki;19000;10000;true;2023-12-29T11:11:27;2023-08-15T22:23:38;2053-08-15T22:23:38;null;false
2283;Русский язык с Верой ЕГЭFlex | Школа ЕГЭFlex;https://t.me/vera_egeflex;36000;8000;true;2023-12-29T11:11:27;2023-08-15T22:23:38;2053-08-15T22:23:38;null;false
2284;Дарья Нелуш | Обществознание;https://t.me/darya_ege;39000;10000;true;2023-12-29T11:11:27;2023-08-15T22:23:38;2053-08-15T22:23:38;null;false
2285;MATEMATIKA🧠;https://t.me/matematika224;36000;3000;true;2023-12-29T11:11:27;2023-08-15T22:23:38;2053-08-15T22:23:38;null;false
2286;Уроки русского с Юлией Нефёдовой|ОГЭ,ЕГЭ;https://t.me/uunefedova_russ;35000;6000;true;2023-12-29T11:11:27;2023-08-15T22:23:38;2053-08-15T22:23:38;null;false
2287;Математика | Опросы;https://t.me/mathematics_channeI;41000;3000;true;2023-12-29T11:11:27;2023-08-15T22:23:38;2053-08-15T22:23:38;null;false
2288;Иван Викторович | Информатика | Программирование;https://t.me/plugar_inf;11000;3000;true;2023-12-29T11:11:27;2023-08-15T22:23:38;2053-08-15T22:23:38;null;false
2289;ПРОgame;https://t.me/PROgame_news;279000;139000;true;2023-12-29T11:11:27;2023-08-15T22:23:38;2053-08-15T22:23:38;null;false
2290;IGM;https://t.me/igmtv;56000;9000;true;2023-12-29T11:11:27;2023-08-15T22:23:38;2053-08-15T22:23:38;null;false
2291;VG/Двач;https://t.me/ru2chvg;160000;30000;true;2023-12-29T11:11:27;2023-08-15T22:23:38;2053-08-15T22:23:38;null;false
2292;VGTimes;https://t.me/vgtimes;93000;16000;true;2023-12-29T11:11:27;2023-08-15T22:23:38;2053-08-15T22:23:38;null;false
2293;Jeteed;https://t.me/jeteed;29000;10000;true;2023-12-29T11:11:27;2023-08-15T22:23:38;2053-08-15T22:23:38;null;false
2294;StopGame.ru - Игровые новости;https://t.me/stopgamenews;28000;3000;true;2023-12-29T11:11:27;2023-08-15T22:23:38;2053-08-15T22:23:38;null;false
2295;DotaNews | Dota 2;https://t.me/newdota;24000;4000;true;2023-12-29T11:11:27;2023-08-15T22:23:38;2053-08-15T22:23:38;null;false
2296;⚡️ИгроNews⚡️;https://t.me/in_gme;33000;2000;true;2023-12-29T11:11:27;2023-08-15T22:23:38;2053-08-15T22:23:38;null;false
2297;Навигатор игрового мира;https://t.me/nim_ru;19000;5000;true;2023-12-29T11:11:27;2023-08-15T22:23:38;2053-08-15T22:23:38;null;false
2298;GamezTop 🎮;https://t.me/GamezTop7;44000;4000;true;2023-12-29T11:11:27;2023-08-15T22:23:38;2053-08-15T22:23:38;null;false
2299;Индустрия игр | PS5 | Xbox;https://t.me/ps5_i_xbox;33000;15000;true;2023-12-29T11:11:27;2023-08-15T22:23:38;2053-08-15T22:23:38;null;false
2300;WTF GABE;https://t.me/wtfgabe;33000;15000;true;2023-12-29T11:11:27;2023-08-15T22:23:38;2053-08-15T22:23:38;null;false
2301;Новости Мира Киберспорта;https://t.me/wtfgabe;33000;19000;true;2023-12-29T11:11:27;2023-08-15T22:23:38;2053-08-15T22:23:38;null;false
2302;Киберспорт|Новости|Мемы;https://t.me/deadinside_cyber;33000;17000;true;2023-12-29T11:11:27;2023-08-15T22:23:38;2053-08-15T22:23:38;null;false
2303;TRYstore. Новости, обзоры игр;https://t.me/ps_try_store;16000;3000;true;2023-12-29T11:11:27;2023-08-15T22:23:38;2053-08-15T22:23:38;null;false
2304;XBOX;https://t.me/xbox_telegram;13000;6000;true;2023-12-29T11:11:27;2023-08-15T22:23:38;2053-08-15T22:23:38;null;false
2305;ИГРОВЫЕ НОВОСТИ;https://t.me/NewGameProject;112000;16000;true;2023-12-29T11:11:27;2023-08-15T22:23:38;2053-08-15T22:23:38;null;false
2306;Петля Джоунси;https://t.me/FortLoop;100000;43000;true;2023-12-29T11:11:27;2023-08-15T22:23:38;2053-08-15T22:23:38;null;false
2307;m0NESY NEWS | Counter-Strike 2;https://t.me/m0NESYGG;98000;14000;true;2023-12-29T11:11:27;2023-08-15T22:23:38;2053-08-15T22:23:38;null;false
2308;CyberStray;https://t.me/CyberStray;56000;21000;true;2023-12-29T11:11:27;2023-08-15T22:23:38;2053-08-15T22:23:38;null;false
2309;HUSH x CS2;https://t.me/csgohush;47000;3000;true;2023-12-29T11:11:27;2023-08-15T22:23:38;2053-08-15T22:23:38;null;false
2310;Игромания;https://t.me/igromanit;48000;7000;true;2023-12-29T11:11:27;2023-08-15T22:23:38;2053-08-15T22:23:38;null;false
2311;Ретейк • новости CS2;https://t.me/retakenews;49000;7000;true;2023-12-29T11:11:27;2023-08-15T22:23:38;2053-08-15T22:23:38;null;false
2312;КС 2;https://t.me/Kontra_2;41000;3000;true;2023-12-29T11:11:27;2023-08-15T22:23:38;2053-08-15T22:23:38;null;false
2313;КиберМетаГейминг | Индустрия;https://t.me/esportsindustry;41000;7000;true;2023-12-29T11:11:27;2023-08-15T22:23:38;2053-08-15T22:23:38;null;false
2314;hypewave;https://t.me/hypewave;41000;7000;true;2023-12-29T11:11:27;2023-08-15T22:23:38;2053-08-15T22:23:38;null;false
2315;Геймдев, который мы заслужили;https://t.me/korovany;15000;10000;true;2023-12-29T11:11:27;2023-08-15T22:23:38;2053-08-15T22:23:38;null;false
2316;Mobimes - мобильные игры;https://t.me/mobi_mes;382000;61000;true;2023-12-29T11:11:27;2023-08-15T22:23:38;2053-08-15T22:23:38;null;false
2317;CS2 NEWS | Counter-Strike 2;https://t.me/newcsgo;150000;40000;true;2023-12-29T11:11:27;2023-08-15T22:23:38;2053-08-15T22:23:38;null;false
2318;Counter-Strike 2 | КС 2;https://t.me/counter_strike2;87000;13000;true;2023-12-29T11:11:27;2023-08-15T22:23:38;2053-08-15T22:23:38;null;false
2319;Киберспорт. Dota 2. CS2.;https://t.me/cyber5port;30000;7000;true;2023-12-29T11:11:27;2023-08-15T22:23:38;2053-08-15T22:23:38;null;false
2320;Dota 2;https://t.me/Dota2;132000;30000;true;2023-12-29T11:11:27;2023-08-15T22:23:38;2053-08-15T22:23:38;null;false
2321;BetBoom Esports Dota 2;https://t.me/betboom_esports;94000;32000;true;2023-12-29T11:11:27;2023-08-15T22:23:38;2053-08-15T22:23:38;null;false
2322;DotaNews | Dota 2;https://t.me/newdota;31000;4000;true;2023-12-29T11:11:27;2023-08-15T22:23:38;2053-08-15T22:23:38;null;false
2323;Мир Танков;https://t.me/official_mirtankovru;126000;31000;true;2023-12-29T11:11:27;2023-08-15T22:23:38;2053-08-15T22:23:38;null;false
2324;Канал Протанки;https://t.me/protanki_yusha;43000;15000;true;2023-12-29T11:11:27;2023-08-15T22:23:38;2053-08-15T22:23:38;null;false
2325;PlayStation | psonly;https://t.me/psonlyru;9000;3000;true;2023-12-29T11:11:27;2023-08-15T22:23:38;2053-08-15T22:23:38;null;false
2326;Мобильные игры;https://t.me/mobilegamesru;9000;1000;true;2023-12-29T11:11:27;2023-08-15T22:23:38;2053-08-15T22:23:38;null;false
2327;Tanks Blitz;https://t.me/tanks_blitz_official;385000;350000;true;2023-12-29T11:11:27;2023-08-15T22:23:38;2053-08-15T22:23:38;null;false
2328;Gabe News | Dota 2;https://t.me/gabenews;87000;19000;true;2023-12-29T11:11:27;2023-08-15T22:23:38;2053-08-15T22:23:38;null;false
2329;Tanks Blitz;https://t.me/tanks_blitz_official;385000;350000;true;2023-12-29T11:11:27;2023-08-15T22:23:38;2053-08-15T22:23:38;null;false
2330;PUBG MOBILE;https://t.me/official_pubgmobile_ru;210000;20000;true;2023-12-29T11:11:27;2023-08-15T22:23:38;2053-08-15T22:23:38;null;false
2331;Genshin Impact [RC];https://t.me/GenshinRC;110000;35000;true;2023-12-29T11:11:27;2023-08-15T22:23:38;2053-08-15T22:23:38;null;false
2332;Парадокс Паймон|Genshin Impact;https://t.me/paradoksGenshin;76000;6000;true;2023-12-29T11:11:27;2023-08-15T22:23:38;2053-08-15T22:23:38;null;false
2333;Компаньон Паймон!;https://t.me/paimon_impact;69000;25000;true;2023-12-29T11:11:27;2023-08-15T22:23:38;2053-08-15T22:23:38;null;false
2334;Genshin Impact Lore;https://t.me/genshin_lore;70000;20000;true;2023-12-29T11:11:27;2023-08-15T22:23:38;2053-08-15T22:23:38;null;false
2335;Honkai: Star Rail RU;https://t.me/honkaistarrailofficial;151000;20000;true;2023-12-29T11:11:27;2023-08-15T22:23:38;2053-08-15T22:23:38;null;false
2336;❄️Genshix❄️;https://t.me/genshix;72000;9000;true;2023-12-29T11:11:27;2023-08-15T22:23:38;2053-08-15T22:23:38;null;false
2337;Gayshit | Genshin Impact;https://t.me/gayshiit;60000;4000;true;2023-12-29T11:11:27;2023-08-15T22:23:38;2053-08-15T22:23:38;null;false
2338;Genshin Media;https://t.me/genshinmedia;100000;44000;true;2023-12-29T11:11:27;2023-08-15T22:23:38;2053-08-15T22:23:38;null;false
2339;Ветерок Мондштадта | Genshin Impact;https://t.me/impact_genshin;80000;20000;true;2023-12-29T11:11:27;2023-08-15T22:23:38;2053-08-15T22:23:38;null;false
2340;Ванильные Сливы | Genshin Impact;https://t.me/vanileaks;489000;182000;true;2023-12-29T11:11:27;2023-08-15T22:23:38;2053-08-15T22:23:38;null;false
2341;Genshin Impact RU;https://t.me/genshin_impact_ru_off;357000;88000;true;2023-12-29T11:11:27;2023-08-15T22:23:38;2053-08-15T22:23:38;null;false
2342;Сливы от Бледной;https://t.me/blednayaleaks;153000;77000;true;2023-12-29T11:11:27;2023-08-15T22:23:38;2053-08-15T22:23:38;null;false
2343;ЖЮ 🧡 Видео;https://t.me/lifeyt;393000;25000;true;2023-12-29T11:11:27;2023-08-15T22:23:38;2053-08-15T22:23:38;null;false
2344;Улётные приколы😂;https://t.me/funXD_yumor_prikoly_memy;496000;108000;true;2023-12-29T11:11:27;2023-08-15T22:23:38;2053-08-15T22:23:38;null;false
2345;SWEET MEMES;https://t.me/Sexxx_PornoMemes_videos_alezhao;135000;36000;true;2023-12-29T11:11:27;2023-08-15T22:23:38;2053-08-15T22:23:38;null;false
2346;Fishki.net;https://t.me/fishechki;26000;8000;true;2023-12-29T11:11:27;2023-08-15T22:23:38;2053-08-15T22:23:38;null;false
2347;Pikavids;https://t.me/pikavids_telegram;19000;9000;true;2023-12-29T11:11:27;2023-08-15T22:23:38;2053-08-15T22:23:38;null;false
2348;Карамба! • мемы приколы;https://t.me/aaakaramba;160000;12000;true;2023-12-29T11:11:27;2023-08-15T22:23:38;2053-08-15T22:23:38;null;false
2349;Двач;https://t.me/dvachannel;801000;150000;true;2023-12-29T11:11:27;2023-08-15T22:23:38;2053-08-15T22:23:38;null;false
2350;EVOLUTION;https://t.me/evo_memy;1000000;60000;true;2023-12-29T11:11:27;2023-08-15T22:23:38;2053-08-15T22:23:38;null;false
2351;C H I L L;https://t.me/chill_chill1;652000;11000;true;2023-12-29T11:11:27;2023-08-15T22:23:38;2053-08-15T22:23:38;null;false
2352;Yaplakal.com;https://t.me/yaplakal;481000;86000;true;2023-12-29T11:11:27;2023-08-15T22:23:38;2053-08-15T22:23:38;null;false
2353;FEMALE MEMES;https://t.me/femalememes;401000;150000;true;2023-12-29T11:11:27;2023-08-15T22:23:38;2053-08-15T22:23:38;null;false
2354;Лепра;https://t.me/Lepragram;414000;181000;true;2023-12-29T11:11:27;2023-08-15T22:23:38;2053-08-15T22:23:38;null;false
2355;Платиновые анекдоты;https://t.me/platinum_aneks;151000;10000;true;2023-12-29T11:11:27;2023-08-15T22:23:38;2053-08-15T22:23:38;null;false
2356;твиттота;https://t.me/twitt_ota;357000;81000;true;2023-12-29T11:11:27;2023-08-15T22:23:38;2053-08-15T22:23:38;null;false
2357;Анекдоты категории Б;https://t.me/banekdot;350000;17000;true;2023-12-29T11:11:27;2023-08-15T22:23:38;2053-08-15T22:23:38;null;false
2358;Пездуза;https://t.me/pezduzalive;338000;120000;true;2023-12-29T11:11:27;2023-08-15T22:23:38;2053-08-15T22:23:38;null;false
2359;Лука Ебков;https://t.me/luka_ebkov;258000;100000;true;2023-12-29T11:11:27;2023-08-15T22:23:38;2053-08-15T22:23:38;null;false
2360;Бро скинув мем;https://t.me/bromeeems;215000;65000;true;2023-12-29T11:11:27;2023-08-15T22:23:38;2053-08-15T22:23:38;null;false
2361;Чёрный юмор;https://t.me/bIack_humor;204000;25000;true;2023-12-29T11:11:27;2023-08-15T22:23:38;2053-08-15T22:23:38;null;false
2362;Рандомач/Двач;https://t.me/rand2ch;186000;48000;true;2023-12-29T11:11:27;2023-08-15T22:23:38;2053-08-15T22:23:38;null;false
2363;PTENCOFF;https://t.me/ptencoff;184000;28000;true;2023-12-29T11:11:27;2023-08-15T22:23:38;2053-08-15T22:23:38;null;false
2364;СМЕШНОЕ ВИДЕО|СМЕШНЫЕ ВИДЕО;https://t.me/video_smeshnye;177000;14000;true;2023-12-29T11:11:27;2023-08-15T22:23:38;2053-08-15T22:23:38;null;false
2365;It’s a woman world;https://t.me/its_woman_world;670000;350000;true;2023-12-29T11:11:27;2023-08-15T22:23:38;2053-08-15T22:23:38;null;false
2366;Вероника Степанова;https://t.me/veronikastepanova20011;440000;140000;true;2023-12-29T11:11:27;2023-08-15T22:23:38;2053-08-15T22:23:38;null;false
2367;Инна Белова;https://t.me/belovainnapsy;120000;30000;true;2023-12-29T11:11:27;2023-08-15T22:23:38;2053-08-15T22:23:38;null;false
2368;Кукловод | Метод управления;https://t.me/ikyklovod;100000;15000;true;2023-12-29T11:11:27;2023-08-15T22:23:38;2053-08-15T22:23:38;null;false
2369;Саморазвитие | Психология | Книги;https://t.me/SilaSlov;134000;15000;true;2023-12-29T11:11:27;2023-08-15T22:23:38;2053-08-15T22:23:38;null;false
2370;Дети | Воспитание | Психология;https://t.me/kids_psycho;33000;17000;true;2023-12-29T11:11:27;2023-08-15T22:23:38;2053-08-15T22:23:38;null;false
2371;Клинический психоанализ;https://t.me/clinicalpsychoanalysis;31000;4000;true;2023-12-29T11:11:27;2023-08-15T22:23:38;2053-08-15T22:23:38;null;false
2372;Чистые Когниции;https://t.me/pure_cognitions;22000;4000;true;2023-12-29T11:11:27;2023-08-15T22:23:38;2053-08-15T22:23:38;null;false
2373;Level UP;https://t.me/Level_up_TG;25000;3000;true;2023-12-29T11:11:27;2023-08-15T22:23:38;2053-08-15T22:23:38;null;false
2374;Доминирование 👑;https://t.me/dominatar;30000;1000;true;2023-12-29T11:11:27;2023-08-15T22:23:38;2053-08-15T22:23:38;null;false
2375;ПсихоDaily|Mental Health|Психология отношений;https://t.me/youyvg;41000;4000;true;2023-12-29T11:11:27;2023-08-15T22:23:38;2053-08-15T22:23:38;null;false
2376;Психология секса;https://t.me/psihologiya_sexa;24000;6000;true;2023-12-29T11:11:27;2023-08-15T22:23:38;2053-08-15T22:23:38;null;false
2377;ПСИХОЛОГИЯ|Позитивное САМОРАЗВИТИЕ;https://t.me/Psykhologia_Pozitiv;24000;6000;true;2023-12-29T11:11:27;2023-08-15T22:23:38;2053-08-15T22:23:38;null;false
2378;Родители и Дети. Психология отношений;https://t.me/rostimdetey;42000;23000;true;2023-12-29T11:11:27;2023-08-15T22:23:38;2053-08-15T22:23:38;null;false
2379;Родители и Дети | Умный ребенок;https://t.me/razvivay_rebenka;32000;19000;true;2023-12-29T11:11:27;2023-08-15T22:23:38;2053-08-15T22:23:38;null;false
2380;Женский психолог;https://t.me/psyho_wooman;125000;6000;true;2023-12-29T11:11:27;2023-08-15T22:23:38;2053-08-15T22:23:38;null;false
2381;ежедневное напоминание;https://t.me/sovvetgl;265000;76000;true;2023-12-29T11:11:27;2023-08-15T22:23:38;2053-08-15T22:23:38;null;false
2382;SEX/LIFE;https://t.me/keks_life;183000;90000;true;2023-12-29T11:11:27;2023-08-15T22:23:38;2053-08-15T22:23:38;null;false
2383;Голос сердца;https://t.me/my_golos_serdca;183000;90000;true;2023-12-29T11:11:27;2023-08-15T22:23:38;2053-08-15T22:23:38;null;false
2384;Психология отношений;https://t.me/psy4love;152000;9000;true;2023-12-29T11:11:27;2023-08-15T22:23:38;2053-08-15T22:23:38;null;false
2385;АПГРЕЙД|МОТИВАЦИЯ|БИЗНЕС;https://t.me/upgrade_motivation;157000;11000;true;2023-12-29T11:11:27;2023-08-15T22:23:38;2053-08-15T22:23:38;null;false
2386;improve yourself;https://t.me/iimproveyourselff;97000;5000;true;2023-12-29T11:11:27;2023-08-15T22:23:38;2053-08-15T22:23:38;null;false
2387;ПСИХОЛОГ МАКС БЛЭК;https://t.me/sovetnikkkkk;100000;13000;true;2023-12-29T11:11:27;2023-08-15T22:23:38;2053-08-15T22:23:38;null;false
2388;Сила Слов (Мотивация | Саморазвитие);https://t.me/silaslovv;85000;9000;true;2023-12-29T11:11:27;2023-08-15T22:23:38;2053-08-15T22:23:38;null;false
2389;эстетика;https://t.me/estetika_x;91000;10000;true;2023-12-29T11:11:27;2023-08-15T22:23:38;2053-08-15T22:23:38;null;false
2390;Ок, ясно;https://t.me/yasno_live;91000;35000;true;2023-12-29T11:11:27;2023-08-15T22:23:38;2053-08-15T22:23:38;null;false
2391;Саморазвитие онлайн;https://t.me/samorazvition;84000;4000;true;2023-12-29T11:11:27;2023-08-15T22:23:38;2053-08-15T22:23:38;null;false
2392;Блокнот психолога|Саморазвитие;https://t.me/blocknot_psyh;81000;5000;true;2023-12-29T11:11:27;2023-08-15T22:23:38;2053-08-15T22:23:38;null;false
2393;Психология ЧБД;https://t.me/psih_chbd;80000;4000;true;2023-12-29T11:11:27;2023-08-15T22:23:38;2053-08-15T22:23:38;null;false
2394;Житейская психология;https://t.me/psy_female;74000;7000;true;2023-12-29T11:11:27;2023-08-15T22:23:38;2053-08-15T22:23:38;null;false
2395;Половой ликбез;https://t.me/polovoi_likbez;70000;10000;true;2023-12-29T11:11:27;2023-08-15T22:23:38;2053-08-15T22:23:38;null;false
2396;😇Судьбоносный Гороскоп 😈;https://t.me/goroscope2020;190000;9000;true;2023-12-29T11:11:27;2023-08-15T22:23:38;2053-08-15T22:23:38;null;false
2397;Любовный Гороскоп💕;https://t.me/tg_horoscope;177000;22000;true;2023-12-29T11:11:27;2023-08-15T22:23:38;2053-08-15T22:23:38;null;false
2398;АСТРОЛОГИЯ | ГОРОСКОП | ТАРО | ЭЗОТЕРИКА | НУМЕРОЛОГИЯ | ПСИХОЛОГИЯ;https://t.me/astrologyhoro;172000;27000;true;2023-12-29T11:11:27;2023-08-15T22:23:38;2053-08-15T22:23:38;null;false
2399;блядский гороскоп;https://t.me/lxlxkix;153000;15000;true;2023-12-29T11:11:27;2023-08-15T22:23:38;2053-08-15T22:23:38;null;false
2400;Новости Будущего;https://t.me/novostys;123000;3000;true;2023-12-29T11:11:27;2023-08-15T22:23:38;2053-08-15T22:23:38;null;false
2401;Гороскопы и астрология | Что ждет?;https://t.me/chtojdet;134000;15000;true;2023-12-29T11:11:27;2023-08-15T22:23:38;2053-08-15T22:23:38;null;false
2402;Необычный Гороскоп;https://t.me/neo_goroskop;135000;12000;true;2023-12-29T11:11:27;2023-08-15T22:23:38;2053-08-15T22:23:38;null;false
2403;Твой гороскоп;https://t.me/tvoigor;134000;16000;true;2023-12-29T11:11:27;2023-08-15T22:23:38;2053-08-15T22:23:38;null;false
2404;нереальный гороскоп;https://t.me/nerealgoroskoop;121000;20000;true;2023-12-29T11:11:27;2023-08-15T22:23:38;2053-08-15T22:23:38;null;false
2405;Ну да, знаки;https://t.me/nerealgoroskoop;131000;63000;true;2023-12-29T11:11:27;2023-08-15T22:23:38;2053-08-15T22:23:38;null;false
2406;Гороскоп|Знаки зодиака;https://t.me/Goroskop_astrologiaa;96000;10000;true;2023-12-29T11:11:27;2023-08-15T22:23:38;2053-08-15T22:23:38;null;false
2407;Твой Гороскоп;https://t.me/Goroskop_astrologiaa;104000;10000;true;2023-12-29T11:11:27;2023-08-15T22:23:38;2053-08-15T22:23:38;null;false
2408;интересный гороскоп;https://t.me/horoscopeiin;92000;13000;true;2023-12-29T11:11:27;2023-08-15T22:23:38;2053-08-15T22:23:38;null;false
2409;Лунный Гороскоп 🌙;https://t.me/lunar_horoscope;88000;10000;true;2023-12-29T11:11:27;2023-08-15T22:23:38;2053-08-15T22:23:38;null;false
2410;astro love | любовный гороскоп;https://t.me/astroolove;85000;22000;true;2023-12-29T11:11:27;2023-08-15T22:23:38;2053-08-15T22:23:38;null;false
2411;обалденный гороскоп;https://t.me/gorooskoopp;91000;18000;true;2023-12-29T11:11:27;2023-08-15T22:23:38;2053-08-15T22:23:38;null;false
2412;my astro;https://t.me/astro_my;75000;12000;true;2023-12-29T11:11:27;2023-08-15T22:23:38;2053-08-15T22:23:38;null;false
2413;Звезды нашептали;https://t.me/zvezdytell;71000;16000;true;2023-12-29T11:11:27;2023-08-15T22:23:38;2053-08-15T22:23:38;null;false
2414;Беременность | Роды;https://t.me/beremena_mama;70000;17000;true;2023-12-29T11:11:27;2023-08-15T22:23:38;2053-08-15T22:23:38;null;false
2415;Зайка Развивайка;https://t.me/zaykinaskazka;61000;4000;true;2023-12-29T11:11:27;2023-08-15T22:23:38;2053-08-15T22:23:38;null;false
2416;Катерина Шикина;https://t.me/katerina_shikina;338000;221000;true;2023-12-29T11:11:27;2023-08-15T22:23:38;2053-08-15T22:23:38;null;false
2417;Вика Дмитриева;https://t.me/vikadmitrieva_psiholog;246000;214000;true;2023-12-29T11:11:27;2023-08-15T22:23:38;2053-08-15T22:23:38;null;false
2418;IrinaBrykova;https://t.me/BrykovaIrina;233000;223000;true;2023-12-29T11:11:27;2023-08-15T22:23:38;2053-08-15T22:23:38;null;false
2419;Между нами МАМОЧКАМИ🐥;https://t.me/mamochkimezhdu;226000;156000;true;2023-12-29T11:11:27;2023-08-15T22:23:38;2053-08-15T22:23:38;null;false
2420;YOBAJUR;https://t.me/yobajur;249000;67000;true;2023-12-29T11:11:27;2023-08-15T22:23:38;2053-08-15T22:23:38;null;false
2421;Бабская курилка;https://t.me/kureelka;118000;26000;true;2023-12-29T11:11:27;2023-08-15T22:23:38;2053-08-15T22:23:38;null;false
2422;Дом Знаменитостей;https://t.me/thehouseofcelebs;73000;23000;true;2023-12-29T11:11:27;2023-08-15T22:23:38;2053-08-15T22:23:38;null;false
2423;КУРЯТНИК;https://t.me/kurmedia;53000;20000;true;2023-12-29T11:11:27;2023-08-15T22:23:38;2053-08-15T22:23:38;null;false
2424;Dark Voice;https://t.me/darkvoicemag;41000;10000;true;2023-12-29T11:11:27;2023-08-15T22:23:38;2053-08-15T22:23:38;null;false
2425;VTRENDE;https://t.me/vtrende_music;18000;5000;true;2023-12-29T11:11:27;2023-08-15T22:23:38;2053-08-15T22:23:38;null;false
2426;пещерка дебилов;https://t.me/gensyka;155000;40000;true;2023-12-29T11:11:27;2023-08-15T22:23:38;2053-08-15T22:23:38;null;false
2427;🐍МОСКВИЧКА🐍;https://t.me/glavmoskvichka;41000;5000;true;2023-12-29T11:11:27;2023-08-15T22:23:38;2053-08-15T22:23:38;null;false
2428;Светские крошки LIVE;https://t.me/svetskiekroshki;34000;11000;true;2023-12-29T11:11:27;2023-08-15T22:23:38;2053-08-15T22:23:38;null;false
2429;Друзья НЕБОЖЕНЫ;https://t.me/nebozhena;20000;1000;true;2023-12-29T11:11:27;2023-08-15T22:23:38;2053-08-15T22:23:38;null;false
2430;Сплетница;https://t.me/spletnicia;15000;6000;true;2023-12-29T11:11:27;2023-08-15T22:23:38;2053-08-15T22:23:38;null;false
2431;Мои любимые юморески;https://t.me/myfavoritejumoreski;83000;20000;true;2023-12-29T11:11:27;2023-08-15T22:23:38;2053-08-15T22:23:38;null;false
2432;Анекдотня😁;https://t.me/humor_anekdotnya;68000;3000;true;2023-12-29T11:11:27;2023-08-15T22:23:38;2053-08-15T22:23:38;null;false
2433;😳DG 18+ | СТЫД ПОЗОР;https://t.me/anekdotyh;122000;7000;true;2023-12-29T11:11:27;2023-08-15T22:23:38;2053-08-15T22:23:38;null;false
2434;Анекдоты 😂🔞;https://t.me/AnekdotiRu;109000;8000;true;2023-12-29T11:11:27;2023-08-15T22:23:38;2053-08-15T22:23:38;null;false
2435;Так себе шутник;https://t.me/BadShutnik;42000;1000;true;2023-12-29T11:11:27;2023-08-15T22:23:38;2053-08-15T22:23:38;null;false
2436;Шамиль Ахмадуллин;https://t.me/shamilahmadullin;217000;30000;true;2023-12-29T11:11:27;2023-08-15T22:23:38;2053-08-15T22:23:38;null;false
2437;ПОСОБИЯ ВЫПЛАТЫ НА ДЕТЕЙ;https://t.me/posobia_momolesya;151000;21000;true;2023-12-29T11:11:27;2023-08-15T22:23:38;2053-08-15T22:23:38;null;false
2438;Детские поделки;https://t.me/podelki_deti;140000;13000;true;2023-12-29T11:11:27;2023-08-15T22:23:38;2053-08-15T22:23:38;null;false
2439;Родители и Дети. Психология отношений;https://t.me/RoditeliDetiru;100000;11000;true;2023-12-29T11:11:27;2023-08-15T22:23:38;2053-08-15T22:23:38;null;false
2440;Москва детям | Куда сходить?;https://t.me/msk_deti;103000;13000;true;2023-12-29T11:11:27;2023-08-15T22:23:38;2053-08-15T22:23:38;null;false
2441;Детские пособия I ЛьготОтвет;https://t.me/detskoe_posobie;64000;14000;true;2023-12-29T11:11:27;2023-08-15T22:23:38;2053-08-15T22:23:38;null;false
2442;Kateandbogdan_new;https://t.me/kateandbogdan;52000;10000;true;2023-12-29T11:11:27;2023-08-15T22:23:38;2053-08-15T22:23:38;null;false
2443;Pro видео и не только | Helenavi & GoPronin;https://t.me/helenavi_go;302000;197000;true;2023-12-29T11:11:27;2023-08-15T22:23:38;2053-08-15T22:23:38;null;false
2444;IrinaBrykova;https://t.me/BrykovaIrina;233000;106000;true;2023-12-29T11:11:27;2023-08-15T22:23:38;2053-08-15T22:23:38;null;false
2445;Инночка Лайф ТУТ ✌️;https://t.me/interesnenkaya;227000;207000;true;2023-12-29T11:11:27;2023-08-15T22:23:38;2053-08-15T22:23:38;null;false
2446;Путешествия. Красивые места;https://t.me/marshrutkatravel;172000;88000;true;2023-12-29T11:11:27;2023-08-15T22:23:38;2053-08-15T22:23:38;null;false
2447;НАПРАВЛЕНИЯ;https://t.me/dmitry_lukyanchuk;174000;77000;true;2023-12-29T11:11:27;2023-08-15T22:23:38;2053-08-15T22:23:38;null;false
2448;Ну чё, народ, погнали!;https://t.me/ranarod;103000;20000;true;2023-12-29T11:11:27;2023-08-15T22:23:38;2053-08-15T22:23:38;null;false
2449;Kazantcevaolya;https://t.me/kazantcevaolya;100000;10000;true;2023-12-29T11:11:27;2023-08-15T22:23:38;2053-08-15T22:23:38;null;false
2450;TripToDream;https://t.me/triptodreamru;93000;16000;true;2023-12-29T11:11:27;2023-08-15T22:23:38;2053-08-15T22:23:38;null;false
2451;В Туризме | Медиа про путешествия;https://t.me/VTurisme;112000;6000;true;2023-12-29T11:11:27;2023-08-15T22:23:38;2053-08-15T22:23:38;null;false
2452;Travelbelka.ru - путешествия, авиабилеты, туры;https://t.me/travelbelka;53000;3000;true;2023-12-29T11:11:27;2023-08-15T22:23:38;2053-08-15T22:23:38;null;false
2453;Авиасейлс;https://t.me/aviasales;148000;21000;true;2023-12-29T11:11:27;2023-08-15T22:23:38;2053-08-15T22:23:38;null;false
2454;Способы путешествoвать почти бесплатно (RU) | Vandrouki, Вандруки, вандроки — это мы;https://t.me/vandroukiru;329000;51000;true;2023-12-29T11:11:27;2023-08-15T22:23:38;2053-08-15T22:23:38;null;false
2455;Nellifornication тут;https://t.me/nellifornication_official;61000;25000;true;2023-12-29T11:11:27;2023-08-15T22:23:38;2053-08-15T22:23:38;null;false
2456;А как там в Париже?🇫🇷;https://t.me/marie_paris;46000;10000;true;2023-12-29T11:11:27;2023-08-15T22:23:38;2053-08-15T22:23:38;null;false
2457;Sitnikova_travel;https://t.me/sitnikova_travel;300000;200000;true;2023-12-29T11:11:27;2023-08-15T22:23:38;2053-08-15T22:23:38;null;false
2458;Travel media;https://t.me/tr_media;219000;25000;true;2023-12-29T11:11:27;2023-08-15T22:23:38;2053-08-15T22:23:38;null;false
2459;Необычные путешествия;https://t.me/mikearoundtheworld;209000;25000;true;2023-12-29T11:11:27;2023-08-15T22:23:38;2053-08-15T22:23:38;null;false
2460;По России • Travel Blog;https://t.me/travel_russia1;182000;20000;true;2023-12-29T11:11:27;2023-08-15T22:23:38;2053-08-15T22:23:38;null;false
2461;Путешествия в Уютную Россию;https://t.me/yuttravel_turizm;186000;12000;true;2023-12-29T11:11:27;2023-08-15T22:23:38;2053-08-15T22:23:38;null;false
2462;БЛОГЕР 🌍 С Миру по Нитке;https://t.me/travelsolovey;130000;60000;true;2023-12-29T11:11:27;2023-08-15T22:23:38;2053-08-15T22:23:38;null;false
2463;вы ушли с маршрута;https://t.me/ushli_s_marshruta;123000;20000;true;2023-12-29T11:11:27;2023-08-15T22:23:38;2053-08-15T22:23:38;null;false
2464;Погнали! | Стас Натанзон;https://t.me/pognaliofficial;72000;26000;true;2023-12-29T11:11:27;2023-08-15T22:23:38;2053-08-15T22:23:38;null;false
2465;Репатриация в Израиль | OLE HADASH;https://t.me/olehadash_com;36000;12000;true;2023-12-29T11:11:27;2023-08-15T22:23:38;2053-08-15T22:23:38;null;false
2466;Матч ТВ;https://t.me/Match_TV;401000;100000;true;2023-12-29T11:11:27;2023-08-15T22:23:38;2053-08-15T22:23:38;null;false
2467;Спорт Тайм | Новости Лица;https://t.me/sportazarto;167000;97000;true;2023-12-29T11:11:27;2023-08-15T22:23:38;2053-08-15T22:23:38;null;false
2468;Newyorkfitspo | Школа здорового фитнеса;https://t.me/newyorkfitspo;128000;19000;true;2023-12-29T11:11:27;2023-08-15T22:23:38;2053-08-15T22:23:38;null;false
2469;Таня ППрофи;https://t.me/profi_tanya;71000;50000;true;2023-12-29T11:11:27;2023-08-15T22:23:38;2053-08-15T22:23:38;null;false
2470;Настоящий РадиоУткин;https://t.me/QryaProDucktion;95000;50000;true;2023-12-29T11:11:27;2023-08-15T22:23:38;2053-08-15T22:23:38;null;false
2471;PRO наш «Хоккей» 🇷🇺;https://t.me/hockey_vbros;224000;53000;true;2023-12-29T11:11:27;2023-08-15T22:23:38;2053-08-15T22:23:38;null;false
2472;Спортсмен;https://t.me/sportsmens1;296000;40000;true;2023-12-29T11:11:27;2023-08-15T22:23:38;2053-08-15T22:23:38;null;false
2473;Olya Des;https://t.me/olyades1;122000;40000;true;2023-12-29T11:11:27;2023-08-15T22:23:38;2053-08-15T22:23:38;null;false
2474;МЯЧ Production;https://t.me/myachPRO;156000;55000;true;2023-12-29T11:11:27;2023-08-15T22:23:38;2053-08-15T22:23:38;null;false
2475;SJBODY;https://t.me/sjbodyfit;144000;20000;true;2023-12-29T11:11:27;2023-08-15T22:23:38;2053-08-15T22:23:38;null;false
2476;Тамир Шейх Здоровье Фитнес Единоборства;https://t.me/tamircrimea;33000;4000;true;2023-12-29T11:11:27;2023-08-15T22:23:38;2053-08-15T22:23:38;null;false
2477;Чемпионат;https://t.me/championat;110000;38000;true;2023-12-29T11:11:27;2023-08-15T22:23:38;2053-08-15T22:23:38;null;false
2478;Мутко против;https://t.me/offsider;330000;11000;true;2023-12-29T11:11:27;2023-08-15T22:23:38;2053-08-15T22:23:38;null;false
2479;Фигурка;https://t.me/figurka24;31000;10000;true;2023-12-29T11:11:27;2023-08-15T22:23:38;2053-08-15T22:23:38;null;false
2480;Ливерпуль|Liverpool FC;https://t.me/Liverpoolc;64000;10000;true;2023-12-29T11:11:27;2023-08-15T22:23:38;2053-08-15T22:23:38;null;false
2481;Татьяна Метельская | Фитнес-тренер в Telegram;https://t.me/tanya_yourfit;40000;9000;true;2023-12-29T11:11:27;2023-08-15T22:23:38;2053-08-15T22:23:38;null;false
2482;FC BARCELONA | ФК БАРСЕЛОНА;https://t.me/Barcelona_Catalonia;50000;10000;true;2023-12-29T11:11:27;2023-08-15T22:23:38;2053-08-15T22:23:38;null;false
2483;🔴⚪️КБ ТЕЛЕГА | Никитин;https://t.me/spartakoz;32000;15000;true;2023-12-29T11:11:27;2023-08-15T22:23:38;2053-08-15T22:23:38;null;false
2484;РИА Новости Спорт;https://t.me/sportrian;33000;7000;true;2023-12-29T11:11:27;2023-08-15T22:23:38;2053-08-15T22:23:38;null;false
2485;Спорт-Экспресс | Sport-Express;https://t.me/sportexpress;48000;12000;true;2023-12-29T11:11:27;2023-08-15T22:23:38;2053-08-15T22:23:38;null;false
2486;EuroFootball |ФУТБОЛ| Лига Чемпионов;https://t.me/eurofootballrus;56000;8000;true;2023-12-29T11:11:27;2023-08-15T22:23:38;2053-08-15T22:23:38;null;false
2487;ПФК ЦСКА;https://t.me/pfccskamoscow;93000;33000;true;2023-12-29T11:11:27;2023-08-15T22:23:38;2053-08-15T22:23:38;null;false
2488;ХК «Ак Барс»;https://t.me/hc_akbars;62000;24000;true;2023-12-29T11:11:27;2023-08-15T22:23:38;2053-08-15T22:23:38;null;false
2489;Баскетбол | AANBA;https://t.me/all_about_nba;56000;12000;true;2023-12-29T11:11:27;2023-08-15T22:23:38;2053-08-15T22:23:38;null;false
2490;UFC Russia;https://t.me/UFCRussia;248000;100000;true;2023-12-29T11:11:27;2023-08-15T22:23:38;2053-08-15T22:23:38;null;false
2491;Hardcore Fighting;https://t.me/UFCRussia;248000;100000;true;2023-12-29T11:11:27;2023-08-15T22:23:38;2053-08-15T22:23:38;null;false
2492;GOAL24;https://t.me/GOAL24Main;215000;65000;true;2023-12-29T11:11:27;2023-08-15T22:23:38;2053-08-15T22:23:38;null;false
2493;МАТЧ ПРЕМЬЕР;https://t.me/matchpremier;190000;64000;true;2023-12-29T11:11:27;2023-08-15T22:23:38;2053-08-15T22:23:38;null;false
2494;Реальный Футбол LIVE;https://t.me/rflive;190000;64000;true;2023-12-29T11:11:27;2023-08-15T22:23:38;2053-08-15T22:23:38;null;false
2495;Спортивный Информатор;https://t.me/sportosnews;172000;45000;true;2023-12-29T11:11:27;2023-08-15T22:23:38;2053-08-15T22:23:38;null;false
2496;Азбука Здоровья;https://t.me/zdorovazbuka;35000;12000;true;2023-12-29T11:11:27;2023-08-15T22:23:38;2053-08-15T22:23:38;null;false
2497;Путешествия 🌍😍 Новости Туризма;https://t.me/tourism_travels;100000;10000;true;2023-12-29T11:11:27;2023-08-15T22:23:38;2053-08-15T22:23:38;null;false
2498;ИМПРОВИЗАТОРЫ;https://t.me/theimprovisatorsshow;317000;185000;true;2023-12-29T11:11:27;2023-08-15T22:23:38;2053-08-15T22:23:38;null;false
2499;Вадяо;https://t.me/vadim_telega_rush;292000;100000;true;2023-12-29T11:11:27;2023-08-15T22:23:38;2053-08-15T22:23:38;null;false
2500;КРУГОДАН;https://t.me/Krygodann;280000;3000;true;2023-12-29T11:11:27;2023-08-15T22:23:38;2053-08-15T22:23:38;null;false
2501;ПОЗОР;https://t.me/pozor88;681000;78000;true;2023-12-29T11:11:27;2023-08-15T22:23:38;2053-08-15T22:23:38;null;false
2502;BATEK_OFFICIAL;https://t.me/batek_official;258000;91000;true;2023-12-29T11:11:27;2023-08-15T22:23:38;2053-08-15T22:23:38;null;false
2503;Женский юмор;https://t.me/zhenskiy_humor;257000;47000;true;2023-12-29T11:11:27;2023-08-15T22:23:38;2053-08-15T22:23:38;null;false
2504;Овсянка+;https://t.me/ovsyankatg18;242000;50000;true;2023-12-29T11:11:27;2023-08-15T22:23:38;2053-08-15T22:23:38;null;false
2505;кумар пошёл😎;https://t.me/kumarposhel;217000;30000;true;2023-12-29T11:11:27;2023-08-15T22:23:38;2053-08-15T22:23:38;null;false
2506;Кружки для диалогов;https://t.me/memsheroes;210000;10000;true;2023-12-29T11:11:27;2023-08-15T22:23:38;2053-08-15T22:23:38;null;false
2507;Tits Tweets;https://t.me/tits_tweets;137000;65000;true;2023-12-29T11:11:27;2023-08-15T22:23:38;2053-08-15T22:23:38;null;false
2508;КБ;https:https://t.me/Cbpub;619000;204000;true;2023-12-29T11:11:27;2023-08-15T22:23:38;2053-08-15T22:23:38;null;false
2509;PTENCOFF;https://t.me/ptencoff;183000;34000;true;2023-12-29T11:11:27;2023-08-15T22:23:38;2053-08-15T22:23:38;null;false
2510;Саваничи 🇷🇺;https://t.me/savanichi;179000;66000;true;2023-12-29T11:11:27;2023-08-15T22:23:38;2053-08-15T22:23:38;null;false
2511;Имена повсюду;https://t.me/imena_povs;156000;18000;true;2023-12-29T11:11:27;2023-08-15T22:23:38;2053-08-15T22:23:38;null;false
2512;Вестник Шевцова;https://t.me/jolynews;155000;97000;true;2023-12-29T11:11:27;2023-08-15T22:23:38;2053-08-15T22:23:38;null;false
2513;Апросиии;https://t.me/apros_i;145000;17000;true;2023-12-29T11:11:27;2023-08-15T22:23:38;2053-08-15T22:23:38;null;false
2514;Анонимные истории;https://t.me/anonstoryss;143000;7000;true;2023-12-29T11:11:27;2023-08-15T22:23:38;2053-08-15T22:23:38;null;false
2515;Лига Плохих Шуток;https://t.me/liga_plohih_jokes;143000;8000;true;2023-12-29T11:11:27;2023-08-15T22:23:38;2053-08-15T22:23:38;null;false
2516;Убойный юмор;https://t.me/community_memy;143000;17000;true;2023-12-29T11:11:27;2023-08-15T22:23:38;2053-08-15T22:23:38;null;false
2517;Смешно до слез l Женский Юмор;https://t.me/ladies_humor;129000;13000;true;2023-12-29T11:11:27;2023-08-15T22:23:38;2053-08-15T22:23:38;null;false
2518;С м о т р и;https://t.me/the_humor;129000;13000;true;2023-12-29T11:11:27;2023-08-15T22:23:38;2053-08-15T22:23:38;null;false
2519;Анекдоты | Мемы | Юмор;https://t.me/anekdoti69;117000;17000;true;2023-12-29T11:11:27;2023-08-15T22:23:38;2053-08-15T22:23:38;null;false
2520;БЛОГ ГАЛИНЫ;https://t.me/bloggalini;607000;170000;true;2023-12-29T11:11:27;2023-08-15T22:23:38;2053-08-15T22:23:38;null;false
2521;MDK;https://t.me/mudak;600000;90000;true;2023-12-29T11:11:27;2023-08-15T22:23:38;2053-08-15T22:23:38;null;false
2522;МЕМАЧ;https://t.me/memachh;527000;31000;true;2023-12-29T11:11:27;2023-08-15T22:23:38;2053-08-15T22:23:38;null;false
2523;Видео Долбоёба;https://t.me/video_dolboeba;390000;30000;true;2023-12-29T11:11:27;2023-08-15T22:23:38;2053-08-15T22:23:38;null;false
2524;Уфф;https://t.me/uufff_uufff;126000;12000;true;2023-12-29T11:11:27;2023-08-15T22:23:38;2053-08-15T22:23:38;null;false
2525;Мемперия Катерины Побоженко | Шаблоны для мемов в REELS;https://t.me/formemas;113000;16000;true;2023-12-29T11:11:27;2023-08-15T22:23:38;2053-08-15T22:23:38;null;false
2526;КРУГЛЯШИКИ;https://t.me/kruglyashiki;112000;20000;true;2023-12-29T11:11:27;2023-08-15T22:23:38;2053-08-15T22:23:38;null;false
2527;Memes;https://t.me/bestmemes;112000;12000;true;2023-12-29T11:11:27;2023-08-15T22:23:38;2053-08-15T22:23:38;null;false
2528;кринж;https://t.me/cringeestory;110000;4000;true;2023-12-29T11:11:27;2023-08-15T22:23:38;2053-08-15T22:23:38;null;false
2529;Подслушано Пошлое 18+;https://t.me/podslushano_poshloe69;110000;5000;true;2023-12-29T11:11:27;2023-08-15T22:23:38;2053-08-15T22:23:38;null;false
2530;постироничные открытки;https://t.me/ebanutie_otkritki;110000;7000;true;2023-12-29T11:11:27;2023-08-15T22:23:38;2053-08-15T22:23:38;null;false
2531;Comedy Club | Камеди клаб;https://t.me/comedyclubru;109000;53000;true;2023-12-29T11:11:27;2023-08-15T22:23:38;2053-08-15T22:23:38;null;false
2532;3д человеки и пикчи;https://t.me/belie_chelovechki;109000;14000;true;2023-12-29T11:11:27;2023-08-15T22:23:38;2053-08-15T22:23:38;null;false
2533;канал для работников 5/2;https://t.me/kdrabotnikov;102000;18000;true;2023-12-29T11:11:27;2023-08-15T22:23:38;2053-08-15T22:23:38;null;false
2534;Дома Не Поймут;https://t.me/domanpm;99000;9000;true;2023-12-29T11:11:27;2023-08-15T22:23:38;2053-08-15T22:23:38;null;false
2535;ЯЖЕУГНЕТЕН;https://t.me/politika_video_novosti;98000;30000;true;2023-12-29T11:11:27;2023-08-15T22:23:38;2053-08-15T22:23:38;null;false
2536;Девичник 💍;https://t.me/girl_humor;98000;20000;true;2023-12-29T11:11:27;2023-08-15T22:23:38;2053-08-15T22:23:38;null;false
2537;Бумажный самолётик;https://t.me/paperpublic;97000;12000;true;2023-12-29T11:11:27;2023-08-15T22:23:38;2053-08-15T22:23:38;null;false
2538;Наивный Олень;https://t.me/naivni_olen;96000;11000;true;2023-12-29T11:11:27;2023-08-15T22:23:38;2053-08-15T22:23:38;null;false
2539;Твиттерок;https://t.me/twitter_ok;94000;18000;true;2023-12-29T11:11:27;2023-08-15T22:23:38;2053-08-15T22:23:38;null;false
2540;SK GOLD 🐀;https://t.me/slivnayakrysagold;93000;13000;true;2023-12-29T11:11:27;2023-08-15T22:23:38;2053-08-15T22:23:38;null;false
2541;КИРПИЧ;https://t.me/kirpichigor;84000;3000;true;2023-12-29T11:11:27;2023-08-15T22:23:38;2053-08-15T22:23:38;null;false
2542;уволено;https://t.me/avansanebudet;84000;23000;true;2023-12-29T11:11:27;2023-08-15T22:23:38;2053-08-15T22:23:38;null;false
2543;Смеха нет;https://t.me/smeha_net;83000;3000;true;2023-12-29T11:11:27;2023-08-15T22:23:38;2053-08-15T22:23:38;null;false
2544;Левый берег ПОЗОРА 18+;https://t.me/pozorlev;82000;12000;true;2023-12-29T11:11:27;2023-08-15T22:23:38;2053-08-15T22:23:38;null;false
2545;Палата №6;https://t.me/palata6tg;78000;7000;true;2023-12-29T11:11:27;2023-08-15T22:23:38;2053-08-15T22:23:38;null;false
2546;Подслушано;https://t.me/yoursecrets;76000;15000;true;2023-12-29T11:11:27;2023-08-15T22:23:38;2053-08-15T22:23:38;null;false
2547;Анекдоты 18+;https://t.me/sexxx_pornohumor_prikoly;75000;3000;true;2023-12-29T11:11:27;2023-08-15T22:23:38;2053-08-15T22:23:38;null;false
2548;Истории из прошлого;https://t.me/istoriiproshloe;66000;3000;true;2023-12-29T11:11:27;2023-08-15T22:23:38;2053-08-15T22:23:38;null;false
2549;Анекдоты для взрослых 🍒;https://t.me/a_necdot69;66000;7000;true;2023-12-29T11:11:27;2023-08-15T22:23:38;2053-08-15T22:23:38;null;false
2550;Юмор от Доцента;https://t.me/gazetk;62000;2000;true;2023-12-29T11:11:27;2023-08-15T22:23:38;2053-08-15T22:23:38;null;false
2551;Реальный Губер 🤘🏻;https://t.me/RealGuberniev;142000;12000;true;2023-12-29T11:11:27;2023-08-15T22:23:38;2053-08-15T22:23:38;null;false
2552;Real Madrid CF | Реал Мадрид;https://t.me/realmadridcdf;137000;48000;true;2023-12-29T11:11:27;2023-08-15T22:23:38;2053-08-15T22:23:38;null;false
2553;ФК «Спартак-Москва»;https://t.me/fcsmtg;134000;52000;true;2023-12-29T11:11:27;2023-08-15T22:23:38;2053-08-15T22:23:38;null;false
2554;Туманный Альбион|АПЛ;https://t.me/AlbionMain;88000;16000;true;2023-12-29T11:11:27;2023-08-15T22:23:38;2053-08-15T22:23:38;null;false
2555;АМКАЛ;https://t.me/amkalfc;87000;38000;true;2023-12-29T11:11:27;2023-08-15T22:23:38;2053-08-15T22:23:38;null;false
2556;Футбол 24/7|Лига Чемпионов;https://t.me/footballhourss;83000;17000;true;2023-12-29T11:11:27;2023-08-15T22:23:38;2053-08-15T22:23:38;null;false
2557;Картавый Футбол объединяет!;https://t.me/KFNik;88000;55000;true;2023-12-29T11:11:27;2023-08-15T22:23:38;2053-08-15T22:23:38;null;false
2558;Main Transfers;https://t.me/mtransfers;13000;82000;true;2023-12-29T11:11:27;2023-08-15T22:23:38;2053-08-15T22:23:38;null;false
2559;Мир Российская Премьер-Лига;https://t.me/premierliga;74000;18000;true;2023-12-29T11:11:27;2023-08-15T22:23:38;2053-08-15T22:23:38;null;false
2560;Футбольный клуб «Зенит»;https://t.me/fczenit;71000;20000;true;2023-12-29T11:11:27;2023-08-15T22:23:38;2053-08-15T22:23:38;null;false
2561;Фабрика Футбола;https://t.me/mborzykin;71000;30000;true;2023-12-29T11:11:27;2023-08-15T22:23:38;2053-08-15T22:23:38;null;false
2562;ФК «Динамо» Москва;https://t.me/fcdynamo;70000;10000;true;2023-12-29T11:11:27;2023-08-15T22:23:38;2053-08-15T22:23:38;null;false
2563;OFNEWS / Околоспортивные новости;https://t.me/ofnews;63000;20000;true;2023-12-29T11:11:27;2023-08-15T22:23:38;2053-08-15T22:23:38;null;false
2564;Трансферы;https://t.me/transferyi;63000;25000;true;2023-12-29T11:11:27;2023-08-15T22:23:38;2053-08-15T22:23:38;null;false
2565;ФУТБОЛ|Новости футбола 📃;https://t.me/transferyi;61000;17000;true;2023-12-29T11:11:27;2023-08-15T22:23:38;2053-08-15T22:23:38;null;false
2566;EuroFootball |ФУТБОЛ| Лига Чемпионов;https://t.me/eurofootballrus;56000;10000;true;2023-12-29T11:11:27;2023-08-15T22:23:38;2053-08-15T22:23:38;null;false
2567;Omar Momani Community;https://t.me/omarmomaniofficial;55000;15000;true;2023-12-29T11:11:27;2023-08-15T22:23:38;2053-08-15T22:23:38;null;false
2568;INSIDE | Новости футбола;https://t.me/rfinsidenews;55000;9000;true;2023-12-29T11:11:27;2023-08-15T22:23:38;2053-08-15T22:23:38;null;false
2569;INSIDE | Трансферы | Футбол;https://t.me/rfinsidetransfers;54000;11000;true;2023-12-29T11:11:27;2023-08-15T22:23:38;2053-08-15T22:23:38;null;false
2570;FONBET Кубок России;https://t.me/russiancup_official;51000;10000;true;2023-12-29T11:11:27;2023-08-15T22:23:38;2053-08-15T22:23:38;null;false
2571;Main Football;https://t.me/main_footballl;49000;7000;true;2023-12-29T11:11:27;2023-08-15T22:23:38;2053-08-15T22:23:38;null;false
2572;Коммент.Шоу;https://t.me/comment_show;46000;12000;true;2023-12-29T11:11:27;2023-08-15T22:23:38;2053-08-15T22:23:38;null;false
2573;Дмитрий Егоров | Едим спорт | Президент Броуков;https://t.me/edimsp;46000;21000;true;2023-12-29T11:11:27;2023-08-15T22:23:38;2053-08-15T22:23:38;null;false
2574;Инсайды от Карпа // Карпов;https://t.me/karpinside;46000;21000;true;2023-12-29T11:11:27;2023-08-15T22:23:38;2053-08-15T22:23:38;null;false
2575;ФК «Локомотив» Москва;https://t.me/fclokomotiv;42000;12000;true;2023-12-29T11:11:27;2023-08-15T22:23:38;2053-08-15T22:23:38;null;false
2576;90 МИНУТ / ФУТБОЛ;https://t.me/goalfoot_tg;41000;10000;true;2023-12-29T11:11:27;2023-08-15T22:23:38;2053-08-15T22:23:38;null;false
2577;ФК «Краснодар» канал;https://t.me/fckrasnodar;41000;20000;true;2023-12-29T11:11:27;2023-08-15T22:23:38;2053-08-15T22:23:38;null;false
2578;Английский футбол - АПЛ;https://t.me/tg_apl_football;38000;7000;true;2023-12-29T11:11:27;2023-08-15T22:23:38;2053-08-15T22:23:38;null;false
2579;Nobel;https://t.me/nobel_arustamyan;38000;18000;true;2023-12-29T11:11:27;2023-08-15T22:23:38;2053-08-15T22:23:38;null;false
2580;EUROSPORT | ФУТБОЛ|Лига Чемпионов;https://t.me/europy;36000;7000;true;2023-12-29T11:11:27;2023-08-15T22:23:38;2053-08-15T22:23:38;null;false
2581;Манчестер Юнайтед;https://t.me/news_unitedm;36000;11000;true;2023-12-29T11:11:27;2023-08-15T22:23:38;2053-08-15T22:23:38;null;false
2582;АПЛ: Чемпионат Англии;https://t.me/apl4ampionat;35000;7000;true;2023-12-29T11:11:27;2023-08-15T22:23:38;2053-08-15T22:23:38;null;false
2583;ФК;https://t.me/ball_club;33000;6000;true;2023-12-29T11:11:27;2023-08-15T22:23:38;2053-08-15T22:23:38;null;false
2584;Transfermarkt Official;https://t.me/transfermarktru;27000;9000;true;2023-12-29T11:11:27;2023-08-15T22:23:38;2053-08-15T22:23:38;null;false
2585;PRO Английский футбол;https://t.me/proEPL;26000;10000;true;2023-12-29T11:11:27;2023-08-15T22:23:38;2053-08-15T22:23:38;null;false
2586;МЕЛБЕТ – Первая Лига | Всё ещё лучшая;https://t.me/fnleagueofficial;25000;6000;true;2023-12-29T11:11:27;2023-08-15T22:23:38;2053-08-15T22:23:38;null;false
2587;Nakorotke;https://t.me/nakorotke1;25000;8000;true;2023-12-29T11:11:27;2023-08-15T22:23:38;2053-08-15T22:23:38;null;false
2588;ФК «Ростов» | Футбольный клуб «Ростов»;https://t.me/fcrostov_official;24000;8000;true;2023-12-29T11:11:27;2023-08-15T22:23:38;2053-08-15T22:23:38;null;false
2589;Трансферный рынок;https://t.me/transferik;24000;7000;true;2023-12-29T11:11:27;2023-08-15T22:23:38;2053-08-15T22:23:38;null;false
2590;Доза Футбола;https://t.me/dozafutbola;23000;7000;true;2023-12-29T11:11:27;2023-08-15T22:23:38;2053-08-15T22:23:38;null;false
2591;РФС|Российский футбольный союз;https://t.me/rfsruofficial;20000;5000;true;2023-12-29T11:11:27;2023-08-15T22:23:38;2053-08-15T22:23:38;null;false
2592;We Are The Rossoneri | Милан;https://t.me/acmilannews1899;20000;5000;true;2023-12-29T11:11:27;2023-08-15T22:23:38;2053-08-15T22:23:38;null;false
2593;ФК «Рубин»;https://t.me/acmilannews1899;20000;5000;true;2023-12-29T11:11:27;2023-08-15T22:23:38;2053-08-15T22:23:38;null;false
2594;ПФК «Крылья Советов»;https://t.me/fckssamara_official;19000;7000;true;2023-12-29T11:11:27;2023-08-15T22:23:38;2053-08-15T22:23:38;null;false
2595;Инсайдер;https://t.me/insider111;18000;9000;true;2023-12-29T11:11:27;2023-08-15T22:23:38;2053-08-15T22:23:38;null;false
2596;Манчестер Юнайтед;https://t.me/United_Manchester;17000;5000;true;2023-12-29T11:11:27;2023-08-15T22:23:38;2053-08-15T22:23:38;null;false
2597;Ювентус | Juventus;https://t.me/rfjuventus;17000;5000;true;2023-12-29T11:11:27;2023-08-15T22:23:38;2053-08-15T22:23:38;null;false
2598;Футбольные Трансферы;https://t.me/transfers_live;17000;4000;true;2023-12-29T11:11:27;2023-08-15T22:23:38;2053-08-15T22:23:38;null;false
2599;Дневник|Футбола;https://t.me/dnevnikfootballs;17000;3000;true;2023-12-29T11:11:27;2023-08-15T22:23:38;2053-08-15T22:23:38;null;false
2601;АПЛ / Футбол Англии;https://t.me/epl_tgm;16000;2000;true;2023-12-29T11:11:27;2023-08-15T22:23:38;2053-08-15T22:23:38;null;false
2602;ФНЛ с Ильёвым;https://t.me/ilyevserg;16000;11000;true;2023-12-29T11:11:27;2023-08-15T22:23:38;2053-08-15T22:23:38;null;false
2603;СПАРТАК МОСКВА;https://t.me/spartakkb;15000;3000;true;2023-12-29T11:11:27;2023-08-15T22:23:38;2053-08-15T22:23:38;null;false
2604;Футбол России | РПЛ;https://t.me/rpl_fans;15000;2000;true;2023-12-29T11:11:27;2023-08-15T22:23:38;2053-08-15T22:23:38;null;false
2605;ФК «Балтика»;https://t.me/fc_baltika;15000;4000;true;2023-12-29T11:11:27;2023-08-15T22:23:38;2053-08-15T22:23:38;null;false
2606;Уан Писака(Григорий Телингатер);https://t.me/telingaterEPL;15000;10000;true;2023-12-29T11:11:27;2023-08-15T22:23:38;2053-08-15T22:23:38;null;false
2607;Панк инсайд;https://t.me/punkinside;15000;7000;true;2023-12-29T11:11:27;2023-08-15T22:23:38;2053-08-15T22:23:38;null;false
2608;ФК Пари Нижний Новгород;https://t.me/fcnn52;14000;3000;true;2023-12-29T11:11:27;2023-08-15T22:23:38;2053-08-15T22:23:38;null;false
2609;ФК «Факел» Воронеж;https://t.me/pfcfakel;24000;9000;true;2023-12-29T11:11:27;2023-08-15T22:23:38;2053-08-15T22:23:38;null;false
2610;Спорт на Кинопоиске;https://t.me/sportonkp;24000;5000;true;2023-12-29T11:11:27;2023-08-15T22:23:38;2053-08-15T22:23:38;null;false
2611;IE Football;https://t.me/IEFootball;24000;5000;true;2023-12-29T11:11:27;2023-08-15T22:23:38;2053-08-15T22:23:38;null;false
2612;Wembley;https://t.me/Wembley_club;14000;3000;true;2023-12-29T11:11:27;2023-08-15T22:23:38;2053-08-15T22:23:38;null;false
2613;Телеканалы «СТАРТ»;https://t.me/TVSTART;14000;3000;true;2023-12-29T11:11:27;2023-08-15T22:23:38;2053-08-15T22:23:38;null;false
2614;Алё, рэф!;https://t.me/aloref;13000;3000;true;2023-12-29T11:11:27;2023-08-15T22:23:38;2053-08-15T22:23:38;null;false
2615;ФК «Урал»;https://t.me/fc_uralEkb;13000;4000;true;2023-12-29T11:11:27;2023-08-15T22:23:38;2053-08-15T22:23:38;null;false
2616;Капитан Финт l О футболе и всем, что его окружает;https://t.me/CaptainFint;13000;3000;true;2023-12-29T11:11:27;2023-08-15T22:23:38;2053-08-15T22:23:38;null;false
2617;Арсенал Онлайн;https://t.me/Arsenal_Off;10000;1000;true;2023-12-29T11:11:27;2023-08-15T22:23:38;2053-08-15T22:23:38;null;false
2618;Элита Большого Тенниса | Australian Open;https://t.me/elitetennis;31000;12000;true;2023-12-29T11:11:27;2023-08-15T22:23:38;2053-08-15T22:23:38;null;false
2619;Очень большой теннис 🎾;https://t.me/tennis_sportsru;10000;3000;true;2023-12-29T11:11:27;2023-08-15T22:23:38;2053-08-15T22:23:38;null;false
2620;ТеннисДрот;https://t.me/tennis_sportsru;9000;3000;true;2023-12-29T11:11:27;2023-08-15T22:23:38;2053-08-15T22:23:38;null;false
2621;Гейм Сет Макс 🎾 Теннис;https://t.me/GameSetMaxx;8000;3000;true;2023-12-29T11:11:27;2023-08-15T22:23:38;2053-08-15T22:23:38;null;false
2622;Чемп.Теннис;https://t.me/ChampTennis;8000;3000;true;2023-12-29T11:11:27;2023-08-15T22:23:38;2053-08-15T22:23:38;null;false
2623;Первая ракетка;https://t.me/topracquet;6000;1000;true;2023-12-29T11:11:27;2023-08-15T22:23:38;2053-08-15T22:23:38;null;false
2624;Резать слайсы;https://t.me/tenniso4ek;1000;1000;true;2023-12-29T11:11:27;2023-08-15T22:23:38;2053-08-15T22:23:38;null;false
2625;Дом тенниса | Теннис - Большие шлемы, ATP и WTA;https://t.me/domtennisa;2000;1000;true;2023-12-29T11:11:27;2023-08-15T22:23:38;2053-08-15T22:23:38;null;false
2626;AMATOUR;https://t.me/amatourtennis;1000;1000;true;2023-12-29T11:11:27;2023-08-15T22:23:38;2053-08-15T22:23:38;null;false
2627;Okko Теннис;https://t.me/okkotennis;1000;1000;true;2023-12-29T11:11:27;2023-08-15T22:23:38;2053-08-15T22:23:38;null;false
2628;Теннисный Балабол;https://t.me/tennisnyibalabol;1000;1000;true;2023-12-29T11:11:27;2023-08-15T22:23:38;2053-08-15T22:23:38;null;false
2629;РИТМ УДАРА 🎾 Теннис - прямые трансляции, новости;https://t.me/ritm_udara_tennis;1000;1000;true;2023-12-29T11:11:27;2023-08-15T22:23:38;2053-08-15T22:23:38;null;false
2630;Дневник судьи про теннис | Blog referee 🔝;https://t.me/blogreferee;1000;1000;true;2023-12-29T11:11:27;2023-08-15T22:23:38;2053-08-15T22:23:38;null;false
2631;Pingpong73 / Настольный теннис в Ульяновске;https://t.me/pingpong73;1000;1000;true;2023-12-29T11:11:27;2023-08-15T22:23:38;2053-08-15T22:23:38;null;false
2632;VTB United League;https://t.me/vtbleague;16000;5000;true;2023-12-29T11:11:27;2023-08-15T22:23:38;2053-08-15T22:23:38;null;false
2633;"1000 И 1 АНЕКДОТ";https://t.me/anekdot1000u1;3000;1000;true;2023-12-29T11:11:27;2023-08-15T22:23:38;2053-08-15T22:23:38;null;false
2634;Дежурный анекдот;https://t.me/dezhurny_anekdot;8000;1000;true;2023-12-29T11:11:27;2023-08-15T22:23:38;2053-08-15T22:23:38;null;false
2635;Юмор 24/7;https://t.me/umordlyvas24_7;11000;1000;true;2023-12-29T11:11:27;2023-08-15T22:23:38;2053-08-15T22:23:38;null;false
2636;Анекдоты X;https://t.me/anekdotsx;35000;1000;true;2023-12-29T11:11:27;2023-08-15T22:23:38;2053-08-15T22:23:38;null;false
2637;Бегущая по граблям;https://t.me/smeisj;9000;1000;true;2023-12-29T11:11:27;2023-08-15T22:23:38;2053-08-15T22:23:38;null;false
2638;Смех 🔞 не грех;https://t.me/ne_grex69;5000;1000;true;2023-12-29T11:11:27;2023-08-15T22:23:38;2053-08-15T22:23:38;null;false
2639;Золотые анекдоты;https://t.me/lekasi123;18000;2000;true;2023-12-29T11:11:27;2023-08-15T22:23:38;2053-08-15T22:23:38;null;false
2640;Анекдоты😂;https://t.me/anekdotov8;32000;3000;true;2023-12-29T11:11:27;2023-08-15T22:23:38;2053-08-15T22:23:38;null;false
2641;Анекдодик 18+;https://t.me/Anetdodik;2000;1000;true;2023-12-29T11:11:27;2023-08-15T22:23:38;2053-08-15T22:23:38;null;false
2642;ПомПон | Анекдоты;https://t.me/PomPonAnekdt;9000;1000;true;2023-12-29T11:11:27;2023-08-15T22:23:38;2053-08-15T22:23:38;null;false
2643;Юмор на привале;https://t.me/YumorinaSY;4000;1000;true;2023-12-29T11:11:27;2023-08-15T22:23:38;2053-08-15T22:23:38;null;false
2644;Анекдоты Дедушки Васи;https://t.me/DedushkaVasya;4000;1000;true;2023-12-29T11:11:27;2023-08-15T22:23:38;2053-08-15T22:23:38;null;false
2645;😂Смех и только😂;https://t.me/rzynemogy;4000;1000;true;2023-12-29T11:11:27;2023-08-15T22:23:38;2053-08-15T22:23:38;null;false
2646;Основано на анекдотах;https://t.me/osnovanonaanekdotah;13000;1000;true;2023-12-29T11:11:27;2023-08-15T22:23:38;2053-08-15T22:23:38;null;false
2647;Анекдоты от колобка;https://t.me/anekdot343;8000;1000;true;2023-12-29T11:11:27;2023-08-15T22:23:38;2053-08-15T22:23:38;null;false
2648;Острые анекдоты;https://t.me/sharp_jokes;3000;1000;true;2023-12-29T11:11:27;2023-08-15T22:23:38;2053-08-15T22:23:38;null;false
2649;Шутки на весь день;https://t.me/tgas4529;9000;1000;true;2023-12-29T11:11:27;2023-08-15T22:23:38;2053-08-15T22:23:38;null;false
2650;Че поржать?;https://t.me/choporjat;7000;1000;true;2023-12-29T11:11:27;2023-08-15T22:23:38;2053-08-15T22:23:38;null;false
2651;😁 Весёлые и осознанные ! 😉;https://t.me/UmorSerj;4000;1000;true;2023-12-29T11:11:27;2023-08-15T22:23:38;2053-08-15T22:23:38;null;false
2652;Забавные Анекдоты;https://t.me/Zabavnye_anekdotyy;3000;1000;true;2023-12-29T11:11:27;2023-08-15T22:23:38;2053-08-15T22:23:38;null;false
2653;Ну и где здесь смеяться?🔞;https://t.me/Nu_i_gde_smeyatsya;3000;1000;true;2023-12-29T11:11:27;2023-08-15T22:23:38;2053-08-15T22:23:38;null;false
2654;TOP DOG;https://t.me/TopDogFC;26000;11000;true;2023-12-29T11:11:27;2023-08-15T22:23:38;2053-08-15T22:23:38;null;false
2655;ВСЕМ БОКС;https://t.me/vsemboks;14000;2000;true;2023-12-29T11:11:27;2023-08-15T22:23:38;2053-08-15T22:23:38;null;false
2656;Вестник MMA;https://t.me/vestnik_mma;11000;3000;true;2023-12-29T11:11:27;2023-08-15T22:23:38;2053-08-15T22:23:38;null;false
2657;KALUGIN MMA;https://t.me/kaluginboy;11000;3000;true;2023-12-29T11:11:27;2023-08-15T22:23:38;2053-08-15T22:23:38;null;false
2658;Captain Hardcore;https://t.me/caphard;16000;8000;true;2023-12-29T11:11:27;2023-08-15T22:23:38;2053-08-15T22:23:38;null;false
2659;Двоечка ММА | UFC;https://t.me/dvoyechka;10000;5000;true;2023-12-29T11:11:27;2023-08-15T22:23:38;2053-08-15T22:23:38;null;false
2660;Игорь, как дела?;https://t.me/IgorKakDela1;29000;10000;true;2023-12-29T11:11:27;2023-08-15T22:23:38;2053-08-15T22:23:38;null;false
2661;BEST of MMA;https://t.me/mmabestof;20000;7000;true;2023-12-29T11:11:27;2023-08-15T22:23:38;2053-08-15T22:23:38;null;false
2662;Кулаки (MMA, UFC, Top Dog на Кинопоиске);https://t.me/prostokulaki;7000;1000;true;2023-12-29T11:11:27;2023-08-15T22:23:38;2053-08-15T22:23:38;null;false
2663;HARDCORE MMA & BNGTV;https://t.me/hardcoremma;14000;6000;true;2023-12-29T11:11:27;2023-08-15T22:23:38;2053-08-15T22:23:38;null;false
2664;Культура бития;https://t.me/mmaboxing24;9000;1000;true;2023-12-29T11:11:27;2023-08-15T22:23:38;2053-08-15T22:23:38;null;false
2665;VKIDKA MMA;https://t.me/vkidka_champ;9000;1000;true;2023-12-29T11:11:27;2023-08-15T22:23:38;2053-08-15T22:23:38;null;false
2666;MMA review;https://t.me/topMMAreview;8000;3000;true;2023-12-29T11:11:27;2023-08-15T22:23:38;2053-08-15T22:23:38;null;false
2667;А что там в ММА?;https://t.me/mainfight;40000;40000;true;2023-12-29T11:11:27;2023-08-15T22:23:38;2053-08-15T22:23:38;null;false
2668;Аналитика ММА;https://t.me/mmaanalitik;3000;1000;true;2023-12-29T11:11:27;2023-08-15T22:23:38;2053-08-15T22:23:38;null;false
2669;Вещий Олег;https://t.me/VeschyOleg;8000;5000;true;2023-12-29T11:11:27;2023-08-15T22:23:38;2053-08-15T22:23:38;null;false
2670;UFC × КЭФ МАЙЛАЙФ 🔮;https://t.me/coefmylife;4000;1000;true;2023-12-29T11:11:27;2023-08-15T22:23:38;2053-08-15T22:23:38;null;false
2671;MMA review;https://t.me/topMMAreview;9000;3000;true;2023-12-29T11:11:27;2023-08-15T22:23:38;2053-08-15T22:23:38;null;false
2672;Ой бой! | ММА, UFC, бокс;https://t.me/oiboi_mma;1000;1000;true;2023-12-29T11:11:27;2023-08-15T22:23:38;2053-08-15T22:23:38;null;false
2673;В Октагоне | ММА, UFC, Boxing;https://t.me/voktagone;7000;2000;true;2023-12-29T11:11:27;2023-08-15T22:23:38;2053-08-15T22:23:38;null;false
2674;ХОХМАЧ;https://t.me/xoxma4y;4000;1000;true;2023-12-29T11:11:27;2023-08-15T22:23:38;2053-08-15T22:23:38;null;false
2675;Бумеранг с ушами;https://t.me/bumerang_humor;25000;2000;true;2023-12-29T11:11:27;2023-08-15T22:23:38;2053-08-15T22:23:38;null;false
2676;Анекдот № 1;https://t.me/a_n_e_k_d_o_t_pro;9000;1000;true;2023-12-29T11:11:27;2023-08-15T22:23:38;2053-08-15T22:23:38;null;false
2677;Шутки | смех с полей🍀;https://t.me/anekdotspolei;5000;1000;true;2023-12-29T11:11:27;2023-08-15T22:23:38;2053-08-15T22:23:38;null;false
2678;Анекдоты+;https://t.me/anekd0typlus;25000;1000;true;2023-12-29T11:11:27;2023-08-15T22:23:38;2053-08-15T22:23:38;null;false
2679;Анекдотто;https://t.me/anekdottoto;3000;1000;true;2023-12-29T11:11:27;2023-08-15T22:23:38;2053-08-15T22:23:38;null;false
2680;Наташкины мыслишки...;https://t.me/natashka_tgc;5000;1000;true;2023-12-29T11:11:27;2023-08-15T22:23:38;2053-08-15T22:23:38;null;false
2681;Юморок от ДрЫныча;https://t.me/driniq;5000;1000;true;2023-12-29T11:11:27;2023-08-15T22:23:38;2053-08-15T22:23:38;null;false
2682;Кошкин хрен [Анекдоты | Мемы | Приколы];https://t.me/driniq;5000;1000;true;2023-12-29T11:11:27;2023-08-15T22:23:38;2053-08-15T22:23:38;null;false
2683;И Смех и Грех | Анекдоты;https://t.me/ismigr;9000;1000;true;2023-12-29T11:11:27;2023-08-15T22:23:38;2053-08-15T22:23:38;null;false
2684;Анекдоты, Стихи, Юмор 🔞 😂;https://t.me/stihi_18;5000;1000;true;2023-12-29T11:11:27;2023-08-15T22:23:38;2053-08-15T22:23:38;null;false
2685;ПБК ЦСКА 🏀;https://t.me/cskabasket;13000;2000;true;2023-12-29T11:11:27;2023-08-15T22:23:38;2053-08-15T22:23:38;null;false
2686;BASKETGREAT;https://t.me/basketgreatnba;13000;2000;true;2023-12-29T11:11:27;2023-08-15T22:23:38;2053-08-15T22:23:38;null;false
2687;«Перехват». Канал о баскетболе;https://t.me/thesteal;13000;3000;true;2023-12-29T11:11:27;2023-08-15T22:23:38;2053-08-15T22:23:38;null;false
2688;Zenit Basketball Club;https://t.me/zenitbc;9000;2000;true;2023-12-29T11:11:27;2023-08-15T22:23:38;2053-08-15T22:23:38;null;false
2689;Локомотив-Кубань;https://t.me/lokobasket;7000;7000;true;2023-12-29T11:11:27;2023-08-15T22:23:38;2053-08-15T22:23:38;null;false
2690;NBA | Баскетбол;https://t.me/typical_basketballer;6000;1000;true;2023-12-29T11:11:27;2023-08-15T22:23:38;2053-08-15T22:23:38;null;false
2691;БК УНИКС | КАЗАНЬ;https://t.me/unics_basket;5000;2000;true;2023-12-29T11:11:27;2023-08-15T22:23:38;2053-08-15T22:23:38;null;false
2692;Баскетбол Евролига Единая лига ВТБ ФИБА НБА NBA;https://t.me/basket_nba24;4000;1000;true;2023-12-29T11:11:27;2023-08-15T22:23:38;2053-08-15T22:23:38;null;false
2693;БК «Уралмаш»;https://t.me/bc_uralmash;4000;1000;true;2023-12-29T11:11:27;2023-08-15T22:23:38;2053-08-15T22:23:38;null;false
2694;Локобаскет-Школьная лига;https://t.me/lokoliga;4000;1000;true;2023-12-29T11:11:27;2023-08-15T22:23:38;2053-08-15T22:23:38;null;false
2695;Новости NBA 24/7 | NBA NEWS;https://t.me/basketba24;4000;1000;true;2023-12-29T11:11:27;2023-08-15T22:23:38;2053-08-15T22:23:38;null;false
2696;Баскетбол, НБА;https://t.me/nba_us7;4000;1000;true;2023-12-29T11:11:27;2023-08-15T22:23:38;2053-08-15T22:23:38;null;false
2697;NBA, Баскетбол, НБА;https://t.me/lovebasketball;3000;1000;true;2023-12-29T11:11:27;2023-08-15T22:23:38;2053-08-15T22:23:38;null;false
2698;ПБК «Руна»;https://t.me/pbcruna;3000;1000;true;2023-12-29T11:11:27;2023-08-15T22:23:38;2053-08-15T22:23:38;null;false
2699;Белый не умеет прыгать;https://t.me/whiteheadjump;3000;1000;true;2023-12-29T11:11:27;2023-08-15T22:23:38;2053-08-15T22:23:38;null;false
2700;КХЛ;https://t.me/khl_official_telegram;74000;30000;true;2023-12-29T11:11:27;2023-08-15T22:23:38;2053-08-15T22:23:38;null;false
2701;Хоккей без зрителей🖥;https://t.me/hockeybz;61000;25000;true;2023-12-29T11:11:27;2023-08-15T22:23:38;2053-08-15T22:23:38;null;false
2702;Скользкий лёд;https://t.me/skolzkyled;34000;9000;true;2023-12-29T11:11:27;2023-08-15T22:23:38;2053-08-15T22:23:38;null;false
2703;ХК «Сибирь»;https://t.me/hockeyclubsibir;31000;14000;true;2023-12-29T11:11:27;2023-08-15T22:23:38;2053-08-15T22:23:38;null;false
2704;Матч! Хоккей;https://t.me/hockey_match;31000;8000;true;2023-12-29T11:11:27;2023-08-15T22:23:38;2053-08-15T22:23:38;null;false
2705;Хоккей и LYSENKOV TV 🔥 / НХЛ, КХЛ, спорт;https://t.me/lysenkovtv;29000;5000;true;2023-12-29T11:11:27;2023-08-15T22:23:38;2053-08-15T22:23:38;null;false
2706;ХК «Спартак» Москва;https://t.me/hc_spartak;27000;11000;true;2023-12-29T11:11:27;2023-08-15T22:23:38;2053-08-15T22:23:38;null;false
2707;НХЛ|NHL|Национальная Хоккейная Лига;https://t.me/nhlvk;27000;12000;true;2023-12-29T11:11:27;2023-08-15T22:23:38;2053-08-15T22:23:38;null;false
2708;Хоккей на Кинопоиске;https://t.me/hockeyonkp;25000;7000;true;2023-12-29T11:11:27;2023-08-15T22:23:38;2053-08-15T22:23:38;null;false
2709;ХК «Металлург»;https://t.me/metallurgmgn;22000;6000;true;2023-12-29T11:11:27;2023-08-15T22:23:38;2053-08-15T22:23:38;null;false
2710;Хоккейный ГлавШтаб;https://t.me/hockeyshtab;22000;8000;true;2023-12-29T11:11:27;2023-08-15T22:23:38;2053-08-15T22:23:38;null;false
2711;Это хоккей!;https://t.me/hockey_sportsru;16000;4000;true;2023-12-29T11:11:27;2023-08-15T22:23:38;2053-08-15T22:23:38;null;false
2712;NHL.online 🏒🏒🏒;https://t.me/nhlonlineru;15000;4000;true;2023-12-29T11:11:27;2023-08-15T22:23:38;2053-08-15T22:23:38;null;false
2713;ХК «Автомобилист»;https://t.me/hc_avtomobilist;14000;5000;true;2023-12-29T11:11:27;2023-08-15T22:23:38;2053-08-15T22:23:38;null;false
2714;Кубрик Стэнли НХЛ;https://t.me/kubrickstanleynhl;13000;6000;true;2023-12-29T11:11:27;2023-08-15T22:23:38;2053-08-15T22:23:38;null;false
2715;Территория Тигров | ХК «Амур»;https://t.me/hcamur1957;12000;11000;true;2023-12-29T11:11:27;2023-08-15T22:23:38;2053-08-15T22:23:38;null;false
2716;Роганов Хоккей;https://t.me/roganov_hockey;12000;2000;true;2023-12-29T11:11:27;2023-08-15T22:23:38;2053-08-15T22:23:38;null;false
2717;овечкин и седины;https://t.me/thepuck;12000;7000;true;2023-12-29T11:11:27;2023-08-15T22:23:38;2053-08-15T22:23:38;null;false
2718;Новости НХЛ КХЛ;https://t.me/nhl_tg;12000;3000;true;2023-12-29T11:11:27;2023-08-15T22:23:38;2053-08-15T22:23:38;null;false
2719;БесПроката;https://t.me/besprokata;11000;3000;true;2023-12-29T11:11:27;2023-08-15T22:23:38;2053-08-15T22:23:38;null;false
2720;A Meng 🎙;https://t.me/sportmeng;10000;5000;true;2023-12-29T11:11:27;2023-08-15T22:23:38;2053-08-15T22:23:38;null;false
2721;Российский хоккей;https://t.me/ru_hocke;10000;2000;true;2023-12-29T11:11:27;2023-08-15T22:23:38;2053-08-15T22:23:38;null;false
2722;ХК «Лада» Тольятти;https://t.me/hc_lada;10000;3000;true;2023-12-29T11:11:27;2023-08-15T22:23:38;2053-08-15T22:23:38;null;false
2723;Ерыкаловщина;https://t.me/hc_lada;9000;4000;true;2023-12-29T11:11:27;2023-08-15T22:23:38;2053-08-15T22:23:38;null;false
2724;ХОККЕЙ | RUHOCKEYLIFE 🏒;https://t.me/ruhockeylife;9000;2000;true;2023-12-29T11:11:27;2023-08-15T22:23:38;2053-08-15T22:23:38;null;false
2725;Хоккей | КХЛ | НХЛ;https://t.me/kkhl_nkhl;9000;1000;true;2023-12-29T11:11:27;2023-08-15T22:23:38;2053-08-15T22:23:38;null;false
2726;Только Хоккей;https://t.me/Only_Hockey1;8000;3000;true;2023-12-29T11:11:27;2023-08-15T22:23:38;2053-08-15T22:23:38;null;false
2727;AllHockey.ru;https://t.me/allhockey_ru;8000;2000;true;2023-12-29T11:11:27;2023-08-15T22:23:38;2053-08-15T22:23:38;null;false
2728;Мир Хоккея;https://t.me/mir_hockeya;8000;2000;true;2023-12-29T11:11:27;2023-08-15T22:23:38;2053-08-15T22:23:38;null;false
2729;Плавим лёд;https://t.me/plavimled;7000;2000;true;2023-12-29T11:11:27;2023-08-15T22:23:38;2053-08-15T22:23:38;null;false
2730;ХК СКА Санкт-Петербург;https://t.me/hc_ska_ru;6000;3000;true;2023-12-29T11:11:27;2023-08-15T22:23:38;2053-08-15T22:23:38;null;false
2731;Хоккейная правда;https://t.me/coronahockey;5000;2000;true;2023-12-29T11:11:27;2023-08-15T22:23:38;2053-08-15T22:23:38;null;false
2732;Мальцев.Хоккей;https://t.me/maltsevhockey;4000;5000;true;2023-12-29T11:11:27;2023-08-15T22:23:38;2053-08-15T22:23:38;null;false
2733;Уфа-Хоккей;https://t.me/hockeyufa;3000;1000;true;2023-12-29T11:11:27;2023-08-15T22:23:38;2053-08-15T22:23:38;null;false
2734;«СЭ» Хоккейный;https://t.me/sehockey;9000;1000;true;2023-12-29T11:11:27;2023-08-15T22:23:38;2053-08-15T22:23:38;null;false
2735;ХоккейРу;https://t.me/hockeyrucom;3000;1000;true;2023-12-29T11:11:27;2023-08-15T22:23:38;2053-08-15T22:23:38;null;false
2736;Ночная лига;https://t.me/nhliga;3000;1000;true;2023-12-29T11:11:27;2023-08-15T22:23:38;2053-08-15T22:23:38;null;false
2737;Rusbandy;https://t.me/rus_bandy;3000;1000;true;2023-12-29T11:11:27;2023-08-15T22:23:38;2053-08-15T22:23:38;null;false
2738;Советник Ротенберга;https://t.me/hockeynightlive;4000;1000;true;2023-12-29T11:11:27;2023-08-15T22:23:38;2053-08-15T22:23:38;null;false
2739;Был Такой Хоккей;https://t.me/byltakoyhockey;3000;1000;true;2023-12-29T11:11:27;2023-08-15T22:23:38;2053-08-15T22:23:38;null;false
2740;Студенческий хоккей Москвы🏒;https://t.me/studhockey;3000;2000;true;2023-12-29T11:11:27;2023-08-15T22:23:38;2053-08-15T22:23:38;null;false
2741;Bandyvesti;https://t.me/bandyvesti;3000;2000;true;2023-12-29T11:11:27;2023-08-15T22:23:38;2053-08-15T22:23:38;null;false
2742;Шайбу видишь👀?;https://t.me/hockeyrussiateam_tg;3000;1000;true;2023-12-29T11:11:27;2023-08-15T22:23:38;2053-08-15T22:23:38;null;false
2743;Беттмэн позвонит;https://t.me/batmancall;3000;1000;true;2023-12-29T11:11:27;2023-08-15T22:23:38;2053-08-15T22:23:38;null;false
2744;🏒🏆ТрэшХоккей🏅;https://t.me/trhockey;3000;1000;true;2023-12-29T11:11:27;2023-08-15T22:23:38;2053-08-15T22:23:38;null;false
2745;Washington Capitals | Вашингтон Кэпиталз;https://t.me/Capitals_rus;3000;1000;true;2023-12-29T11:11:27;2023-08-15T22:23:38;2053-08-15T22:23:38;null;false
2746;Вскрыл Хоккей;https://t.me/vskrylhockey;2000;1000;true;2023-12-29T11:11:27;2023-08-15T22:23:38;2053-08-15T22:23:38;null;false
2747;Есть такой корреспондент, Олеся;https://t.me/olesyahockey;2000;1000;true;2023-12-29T11:11:27;2023-08-15T22:23:38;2053-08-15T22:23:38;null;false
2748;Хоккейный клуб «Зауралье»;https://t.me/hczaural;2000;1000;true;2023-12-29T11:11:27;2023-08-15T22:23:38;2053-08-15T22:23:38;null;false
2749;Хоккейные головы;https://t.me/hockeybrains;2000;1000;true;2023-12-29T11:11:27;2023-08-15T22:23:38;2053-08-15T22:23:38;null;false
2750;FF: ФЕДОРОВ. Факультет "Хоккей";https://t.me/fedorovhockey;2000;1000;true;2023-12-29T11:11:27;2023-08-15T22:23:38;2053-08-15T22:23:38;null;false
2751;Улитки Кокарева️;https://t.me/ulitkakoksa;2000;1000;true;2023-12-29T11:11:27;2023-08-15T22:23:38;2053-08-15T22:23:38;null;false
2752;Веселее, вы в хоккее (Глеб Фролов);https://t.me/hockeyfunk;2000;1000;true;2023-12-29T11:11:27;2023-08-15T22:23:38;2053-08-15T22:23:38;null;false
2753;Малиновый Мячик;https://t.me/MM_bandy;1000;1000;true;2023-12-29T11:11:27;2023-08-15T22:23:38;2053-08-15T22:23:38;null;false
2754;Хоккейный Слон;https://t.me/hockeynyslon;1000;1000;true;2023-12-29T11:11:27;2023-08-15T22:23:38;2053-08-15T22:23:38;null;false
2755;Хоккей на Кубани;https://t.me/hockey_na_kubani;1000;1000;true;2023-12-29T11:11:27;2023-08-15T22:23:38;2053-08-15T22:23:38;null;false
2756;Хоккейное подземелье;https://t.me/UndergroundHockey;1000;1000;true;2023-12-29T11:11:27;2023-08-15T22:23:38;2053-08-15T22:23:38;null;false
2757;ХК Рубин Тюмень;https://t.me/hcrubin_tyumen;1000;1000;true;2023-12-29T11:11:27;2023-08-15T22:23:38;2053-08-15T22:23:38;null;false
2758;Новости хоккея;https://t.me/hokkeynews;1000;1000;true;2023-12-29T11:11:27;2023-08-15T22:23:38;2053-08-15T22:23:38;null;false
2759;Чемп.НХЛ;https://t.me/ChampNHL;1000;1000;true;2023-12-29T11:11:27;2023-08-15T22:23:38;2053-08-15T22:23:38;null;false
2760;Ice Time |Хоккей;https://t.me/HockeyIceTime;1000;1000;true;2023-12-29T11:11:27;2023-08-15T22:23:38;2053-08-15T22:23:38;null;false
2761;🎅Soul of Hockey🎄;https://t.me/soulofhockey;1000;1000;true;2023-12-29T11:11:27;2023-08-15T22:23:38;2053-08-15T22:23:38;null;false
2762;Топ Восток 🏒;https://t.me/topvostok;1000;1000;true;2023-12-29T11:11:27;2023-08-15T22:23:38;2053-08-15T22:23:38;null;false
2763;NHL во всём;https://t.me/NHLvoVsem;1000;1000;true;2023-12-29T11:11:27;2023-08-15T22:23:38;2053-08-15T22:23:38;null;false
2764;Драки КХЛ•НХЛ•Новости🏒;https://t.me/draki_khl_nhl;1000;1000;true;2023-12-29T11:11:27;2023-08-15T22:23:38;2053-08-15T22:23:38;null;false
2765;Трансферы КХЛ;https://t.me/transferhockey;1000;1000;true;2023-12-29T11:11:27;2023-08-15T22:23:38;2053-08-15T22:23:38;null;false
2766;BUHL 🏒;https://t.me/buhlekb;1000;1000;true;2023-12-29T11:11:27;2023-08-15T22:23:38;2053-08-15T22:23:38;null;false
2767;ХОККЕЙ РОССИИ l КХЛ;https://t.me/hclkmtv;1000;1000;true;2023-12-29T11:11:27;2023-08-15T22:23:38;2053-08-15T22:23:38;null;false
2768;Топим лёд | Хоккей;https://t.me/drowntheice;1000;1000;true;2023-12-29T11:11:27;2023-08-15T22:23:38;2053-08-15T22:23:38;null;false
2769;Подслушано СКА;https://t.me/overheard_ska;1000;1000;true;2023-12-29T11:11:27;2023-08-15T22:23:38;2053-08-15T22:23:38;null;false
2770;Русский хоккей;https://t.me/rusbandy_krsk;1000;1000;true;2023-12-29T11:11:27;2023-08-15T22:23:38;2053-08-15T22:23:38;null;false
2771;Немецкий в Katjas Schule 👩🏼‍🏫;https://t.me/C1_Deutsch;14000;1000;true;2023-12-29T11:11:27;2023-08-15T22:23:38;2053-08-15T22:23:38;null;false
2772;Deutsch | Немецкий с нуля‍🏫;https://t.me/deutsch_nemeckiy;9000;1000;true;2023-12-29T11:11:27;2023-08-15T22:23:38;2053-08-15T22:23:38;null;false
2773;Немецкий с Deutschspot💡;https://t.me/deutschspot;6000;1000;true;2023-12-29T11:11:27;2023-08-15T22:23:38;2053-08-15T22:23:38;null;false
2774;Коротко о немецком;https://t.me/korotko_de;4000;1000;true;2023-12-29T11:11:27;2023-08-15T22:23:38;2053-08-15T22:23:38;null;false
2775;Funny German - смешной немецкий язык;https://t.me/FunnyGerman;4000;1000;true;2023-12-29T11:11:27;2023-08-15T22:23:38;2053-08-15T22:23:38;null;false
2776;kopfkino;https://t.me/kpfkino;4000;1000;true;2023-12-29T11:11:27;2023-08-15T22:23:38;2053-08-15T22:23:38;null;false
2777;Sternstunden.Deutsch;https://t.me/Sternstunden_Deutsch;1000;1000;true;2023-12-29T11:11:27;2023-08-15T22:23:38;2053-08-15T22:23:38;null;false
2778;🇩🇪 Немецкий язык deutsche Sprache @nemanx;https://t.me/nemanx;1000;1000;true;2023-12-29T11:11:27;2023-08-15T22:23:38;2053-08-15T22:23:38;null;false
2779;Немецкий для жизни;https://t.me/deutschfuersleben;1000;1000;true;2023-12-29T11:11:27;2023-08-15T22:23:38;2053-08-15T22:23:38;null;false
2780;Ausländerin | Немецкий | Австрия 🇦🇹;https://t.me/auslander_in;1000;1000;true;2023-12-29T11:11:27;2023-08-15T22:23:38;2053-08-15T22:23:38;null;false
2781;Polski od zera;https://t.me/Polski_od_zera;8000;1000;true;2023-12-29T11:11:27;2023-08-15T22:23:38;2053-08-15T22:23:38;null;false
2782;Let’s learn Polish | Польский язык;https://t.me/Language_Polish;5000;1000;true;2023-12-29T11:11:27;2023-08-15T22:23:38;2053-08-15T22:23:38;null;false
2783;Polski nie gryzie! (Польский язык не кусается!);https://t.me/polskiniegryzie;3000;1000;true;2023-12-29T11:11:27;2023-08-15T22:23:38;2053-08-15T22:23:38;null;false
2784;🇵🇱 Польский язык Język polski @polskav;https://t.me/polskav;2000;1000;true;2023-12-29T11:11:27;2023-08-15T22:23:38;2053-08-15T22:23:38;null;false
2785;Польский с Миловидовой;https://t.me/polskizm;1000;1000;true;2023-12-29T11:11:27;2023-08-15T22:23:38;2053-08-15T22:23:38;null;false
2786;Идеи для фото | Позирование;https://t.me/photoloverr;81000;8000;true;2023-12-29T11:11:27;2023-08-15T22:23:38;2053-08-15T22:23:38;null;false
2787;MAG;https://t.me/mag_gallery;80000;11000;true;2023-12-29T11:11:27;2023-08-15T22:23:38;2053-08-15T22:23:38;null;false
2788;разные фотографы, разные тела;https://t.me/gcl_tg;29000;6000;true;2023-12-29T11:11:27;2023-08-15T22:23:38;2053-08-15T22:23:38;null;false
2789;МАКС ДОБРЫЙ ПЕЧАТАЕТ...;https://t.me/maksimdobryy;28000;6000;true;2023-12-29T11:11:27;2023-08-15T22:23:38;2053-08-15T22:23:38;null;false
2790;Идеи для фото | Journal of photo;https://t.me/JournalOfPhoto;20000;7000;true;2023-12-29T11:11:27;2023-08-15T22:23:38;2053-08-15T22:23:38;null;false
2791;RADIO MODA;https://t.me/radiomoda_ru;14000;4000;true;2023-12-29T11:11:27;2023-08-15T22:23:38;2053-08-15T22:23:38;null;false
2792;Фотожир;https://t.me/photozhir;12000;1000;true;2023-12-29T11:11:27;2023-08-15T22:23:38;2053-08-15T22:23:38;null;false
2793;Истории и практика фото;https://t.me/photopikabu;12000;1000;true;2023-12-29T11:11:27;2023-08-15T22:23:38;2053-08-15T22:23:38;null;false
2794;Фотограм;https://t.me/fotosgram;12000;1000;true;2023-12-29T11:11:27;2023-08-15T22:23:38;2053-08-15T22:23:38;null;false
2795;Фотограф Артём Мелетов;https://t.me/artemmeletov;9000;1000;true;2023-12-29T11:11:27;2023-08-15T22:23:38;2053-08-15T22:23:38;null;false
2796;плёнка›;https://t.me/plenka;9000;1000;true;2023-12-29T11:11:27;2023-08-15T22:23:38;2053-08-15T22:23:38;null;false
2797;𝙸𝚗𝚜𝚙𝚒𝚛𝚊𝚝𝚒𝚘𝚗 𝚝𝚒𝚖𝚎;https://t.me/kachaem_stories;8000;1000;true;2023-12-29T11:11:27;2023-08-15T22:23:38;2053-08-15T22:23:38;null;false
2798;нет, свадьбы не снимаю;https://t.me/justannkharchenko;6000;2000;true;2023-12-29T11:11:27;2023-08-15T22:23:38;2053-08-15T22:23:38;null;false
2799;35AWARDS;https://t.me/awards35;6000;2000;true;2023-12-29T11:11:27;2023-08-15T22:23:38;2053-08-15T22:23:38;null;false
2800;Photography Daily;https://t.me/photographydaily;6000;2000;true;2023-12-29T11:11:27;2023-08-15T22:23:38;2053-08-15T22:23:38;null;false
2801;Русская тоска;https://t.me/rustoska;3000;1000;true;2023-12-29T11:11:27;2023-08-15T22:23:38;2053-08-15T22:23:38;null;false
2802;Смотри, что я нашел;https://t.me/mmmorozov;22000;7000;true;2023-12-29T11:11:27;2023-08-15T22:23:38;2053-08-15T22:23:38;null;false
2803;Standoff 2;https://t.me/play_standoff2;371000;305000;true;2023-12-29T11:11:27;2023-08-15T22:23:38;2053-08-15T22:23:38;null;false
2804;Mobile Legends: Bang Bang;https://t.me/mlbbcis;222000;34000;true;2023-12-29T11:11:27;2023-08-15T22:23:38;2053-08-15T22:23:38;null;false
2805;Honkai: Star Rail RU;https://t.me/honkaistarrailofficial;154000;75000;true;2023-12-29T11:11:27;2023-08-15T22:23:38;2053-08-15T22:23:38;null;false
2806;TheEveryDay Новости по Фортнайт/Раздачи;https://t.me/theeverydayyt;84000;31000;true;2023-12-29T11:11:27;2023-08-15T22:23:38;2053-08-15T22:23:38;null;false
2807;Дельфинарий Ковалевского/Раздачи;https://t.me/Kovtg;74000;62000;true;2023-12-29T11:11:27;2023-08-15T22:23:38;2053-08-15T22:23:38;null;false
2808;Нулс Бравл | Нуллс;https://t.me/nulls_ru;343000;275000;true;2023-12-29T11:11:27;2023-08-15T22:23:38;2053-08-15T22:23:38;null;false
2809;Мир Supercell;https://t.me/mir_supercell;338000;84000;true;2023-12-29T11:11:27;2023-08-15T22:23:38;2053-08-15T22:23:38;null;false
2810;Бубсер | БРАВЛ СТАРС;https://t.me/bubsyt;62000;22000;true;2023-12-29T11:11:27;2023-08-15T22:23:38;2053-08-15T22:23:38;null;false
2811;True Mafia News;https://t.me/truemafia;310000;181000;true;2023-12-29T11:11:27;2023-08-15T22:23:38;2053-08-15T22:23:38;null;false
2812;Мир PlayStation;https://t.me/psonycom;209000;29000;true;2023-12-29T11:11:27;2023-08-15T22:23:38;2053-08-15T22:23:38;null;false
2813;Никита Берг;https://t.me/mysticsberg;205000;113000;true;2023-12-29T11:11:27;2023-08-15T22:23:38;2053-08-15T22:23:38;null;false
2814;Лоу Поззи🌴🍍🦖;https://t.me/Pozzi_robloxer;172000;21000;true;2023-12-29T11:11:27;2023-08-15T22:23:38;2053-08-15T22:23:38;null;false
2815;SPOT Игра;https://t.me/spotdesk;160000;60000;true;2023-12-29T11:11:27;2023-08-15T22:23:38;2053-08-15T22:23:38;null;false
2816;HASSLE Online;https://t.me/hassleonline;150000;130000;true;2023-12-29T11:11:27;2023-08-15T22:23:38;2053-08-15T22:23:38;null;false
2817;Нулс Бравл|Нуллс;https://t.me/nulls_ru;150000;130000;true;2023-12-29T11:11:27;2023-08-15T22:23:38;2053-08-15T22:23:38;null;false
2818;SHAMPANOV;https://t.me/pashampanov;56000;11000;true;2023-12-29T11:11:27;2023-08-15T22:23:38;2053-08-15T22:23:38;null;false
2819;Brawl Stars Studio;https://t.me/brawl_stars_studio;26000;8000;true;2023-12-29T11:11:27;2023-08-15T22:23:38;2053-08-15T22:23:38;null;false
2820;Chat, Leaks, Brawl Ru🎄;https://t.me/clbleaksru;12000;6000;true;2023-12-29T11:11:27;2023-08-15T22:23:38;2053-08-15T22:23:38;null;false
2821;Бубсер | Новости Бравл Старс;https://t.me/bubser_news;6000;3000;true;2023-12-29T11:11:27;2023-08-15T22:23:38;2053-08-15T22:23:38;null;false
2822;Brawl Stars Stik;https://t.me/BrawlStarsStik;3000;6000;true;2023-12-29T11:11:27;2023-08-15T22:23:38;2053-08-15T22:23:38;null;false
2823;SurgeBrawl » Новости;https://t.me/surgebrawl;2000;1000;true;2023-12-29T11:11:27;2023-08-15T22:23:38;2053-08-15T22:23:38;null;false
2824;💛HLG Brawl Stars💛;https://t.me/HLGKLUBOFFICIAL;1000;1000;true;2023-12-29T11:11:27;2023-08-15T22:23:38;2053-08-15T22:23:38;null;false
2825;Новости Dota 2;https://t.me/dota2_n3ws;14000;2000;true;2023-12-29T11:11:27;2023-08-15T22:23:38;2053-08-15T22:23:38;null;false
2826;Студия Аналитики | Dota 2;https://t.me/studanal;13000;3000;true;2023-12-29T11:11:27;2023-08-15T22:23:38;2053-08-15T22:23:38;null;false
2827;Dota Today;https://t.me/dotatoday;13000;1000;true;2023-12-29T11:11:27;2023-08-15T22:23:38;2053-08-15T22:23:38;null;false
2828;Dota 2 / Новости;https://t.me/dotairy;13000;5000;true;2023-12-29T11:11:27;2023-08-15T22:23:38;2053-08-15T22:23:38;null;false
2829;МИСТЕР ГАБЕН | DOTA 2;https://t.me/Dota2_memy;13000;2000;true;2023-12-29T11:11:27;2023-08-15T22:23:38;2053-08-15T22:23:38;null;false
2830;Дота на Спортсе;https://t.me/dota_sports;9000;1000;true;2023-12-29T11:11:27;2023-08-15T22:23:38;2053-08-15T22:23:38;null;false
2831;MVD Dota 2;https://t.me/dotamvd;2000;1000;true;2023-12-29T11:11:27;2023-08-15T22:23:38;2053-08-15T22:23:38;null;false
2832;Dota 2 Новости | Статистика;https://t.me/dltvorg;2000;1000;true;2023-12-29T11:11:27;2023-08-15T22:23:38;2053-08-15T22:23:38;null;false
2833;Турецкий язык | Turkish language;https://t.me/TurkishTG;51000;11000;true;2023-12-29T11:11:27;2023-08-15T22:23:38;2053-08-15T22:23:38;null;false
2834;Турецкий язык🇹🇷Türk dili;https://t.me/turkish_gm;10000;2000;true;2023-12-29T11:11:27;2023-08-15T22:23:38;2053-08-15T22:23:38;null;false
2835;Türkçe🇹🇷 Турецкий язык🇹🇷;https://t.me/uchimturetskiy;6000;2000;true;2023-12-29T11:11:27;2023-08-15T22:23:38;2053-08-15T22:23:38;null;false
2836;ФЕЯ ТУРЕЦКОГО 🧚‍♀️🇹🇷;https://t.me/kanal_feyaturetskogo;6000;1000;true;2023-12-29T11:11:27;2023-08-15T22:23:38;2053-08-15T22:23:38;null;false
2837;Турецкий язык - RUSCA ONLINE;https://t.me/TuretskiyRusskiyOnline;4000;2000;true;2023-12-29T11:11:27;2023-08-15T22:23:38;2053-08-15T22:23:38;null;false
2838;🇹🇷 Турецкий язык Türk @turcn;https://t.me/turcn;3000;1000;true;2023-12-29T11:11:27;2023-08-15T22:23:38;2053-08-15T22:23:38;null;false
2839;Турецкий язык для всех;https://t.me/krasotayazika;2000;1000;true;2023-12-29T11:11:27;2023-08-15T22:23:38;2053-08-15T22:23:38;null;false
2840;Turkish.Speak;https://t.me/turkishspeak;2000;1000;true;2023-12-29T11:11:27;2023-08-15T22:23:38;2053-08-15T22:23:38;null;false
2841;Турецкий язык | Ket Demirci;https://t.me/turkce_demirci;3000;1000;true;2023-12-29T11:11:27;2023-08-15T22:23:38;2053-08-15T22:23:38;null;false
2842;Записки о Турции и турецком / Елена Бюкер;https://t.me/turkce_demirci;2000;1000;true;2023-12-29T11:11:27;2023-08-15T22:23:38;2053-08-15T22:23:38;null;false
2843;ТУРЕЦКИЙ ДЕНЬ ЗА ДНЁМ;https://t.me/tr_hergun;1000;1000;true;2023-12-29T11:11:27;2023-08-15T22:23:38;2053-08-15T22:23:38;null;false
2844;Французский язык / Francais;https://t.me/le_francais_french;32000;3000;true;2023-12-29T11:11:27;2023-08-15T22:23:38;2053-08-15T22:23:38;null;false
2845;Французский язык | Français;https://t.me/francuzskiy_yazik;12000;1000;true;2023-12-29T11:11:27;2023-08-15T22:23:38;2053-08-15T22:23:38;null;false
2846;Живой французский/Français moderne;https://t.me/frenchyfox;12000;2000;true;2023-12-29T11:11:27;2023-08-15T22:23:38;2053-08-15T22:23:38;null;false
2847;Profrench;https://t.me/frenchandpeace;7000;2000;true;2023-12-29T11:11:27;2023-08-15T22:23:38;2053-08-15T22:23:38;null;false
2848;Французский с подружкой🇫🇷;https://t.me/macopinecole;7000;1000;true;2023-12-29T11:11:27;2023-08-15T22:23:38;2053-08-15T22:23:38;null;false
2849;Kaïl Prof 🇫🇷🎤 – le français avec un comédien | французский с комиком;https://t.me/francais_avec_kail;6000;1000;true;2023-12-29T11:11:27;2023-08-15T22:23:38;2053-08-15T22:23:38;null;false
2850;Французский язык;https://t.me/Frenchlanguages;5000;2000;true;2023-12-29T11:11:27;2023-08-15T22:23:38;2053-08-15T22:23:38;null;false
2851;Французский Каждый День | French Every Day;https://t.me/frencheveryday;6000;1000;true;2023-12-29T11:11:27;2023-08-15T22:23:38;2053-08-15T22:23:38;null;false
2852;Pamplemousse | parlons français;https://t.me/un_pamplemousse;4000;1000;true;2023-12-29T11:11:27;2023-08-15T22:23:38;2053-08-15T22:23:38;null;false
2853;Anecole | Français 🇫🇷;https://t.me/anecole_fr;4000;1000;true;2023-12-29T11:11:27;2023-08-15T22:23:38;2053-08-15T22:23:38;null;false
2854;Французский с Верой;https://t.me/verafrance;4000;1000;true;2023-12-29T11:11:27;2023-08-15T22:23:38;2053-08-15T22:23:38;null;false
2855;Простите за мой французский;https://t.me/PardonMyFrench1;3000;1000;true;2023-12-29T11:11:27;2023-08-15T22:23:38;2053-08-15T22:23:38;null;false
2856;🇫🇷 Французский язык Français @franno;https://t.me/franno;2000;1000;true;2023-12-29T11:11:27;2023-08-15T22:23:38;2053-08-15T22:23:38;null;false
2857;Французский в картинках|Français en images;https://t.me/frenchpictures;2000;1000;true;2023-12-29T11:11:27;2023-08-15T22:23:38;2053-08-15T22:23:38;null;false
2858;Корейский язык 🇰🇷;https://t.me/koreanlanguage2023;48000;10000;true;2023-12-29T11:11:27;2023-08-15T22:23:38;2053-08-15T22:23:38;null;false
2859;한국어 Корейский Язык;https://t.me/koreanlanguage2023;17000;1000;true;2023-12-29T11:11:27;2023-08-15T22:23:38;2053-08-15T22:23:38;null;false
2860;Корейский язык HEADLINE;https://t.me/korean_headline_school;16000;1000;true;2023-12-29T11:11:27;2023-08-15T22:23:38;2053-08-15T22:23:38;null;false
2861;Korean Simple - Тренажер;https://t.me/koreansimple1;15000;4000;true;2023-12-29T11:11:27;2023-08-15T22:23:38;2053-08-15T22:23:38;null;false
2862;🇰🇷 Корейский язык 한국의 @koreika;https://t.me/koreika;5000;1000;true;2023-12-29T11:11:27;2023-08-15T22:23:38;2053-08-15T22:23:38;null;false
2863;MuntoKorea;https://t.me/muntokorea1;5000;1000;true;2023-12-29T11:11:27;2023-08-15T22:23:38;2053-08-15T22:23:38;null;false
2864;Корейский язык 🇰🇷;https://t.me/koreiskiyy;5000;1000;true;2023-12-29T11:11:27;2023-08-15T22:23:38;2053-08-15T22:23:38;null;false
2865;КОРЕЙСКИЙ? ЛЕГКО! 한국어? 쉽다!.;https://t.me/uchim_hangugo;2000;1000;true;2023-12-29T11:11:27;2023-08-15T22:23:38;2053-08-15T22:23:38;null;false
2866;미안, 한국어 🪷 корейский, сорри;https://t.me/miankorean;2000;1000;true;2023-12-29T11:11:27;2023-08-15T22:23:38;2053-08-15T22:23:38;null;false
2867;Китайский язык;https://t.me/chinarydom;12000;1000;true;2023-12-29T11:11:27;2023-08-15T22:23:38;2053-08-15T22:23:38;null;false
2868;Китайский язык 🇨🇳;https://t.me/studychinese_ru;7000;2000;true;2023-12-29T11:11:27;2023-08-15T22:23:38;2053-08-15T22:23:38;null;false
2869;🇨🇳Учим Китайский;https://t.me/mychinese;6000;3000;true;2023-12-29T11:11:27;2023-08-15T22:23:38;2053-08-15T22:23:38;null;false
2870;Китайский язык;https://t.me/Kitayskiy_yazyik;5000;1000;true;2023-12-29T11:11:27;2023-08-15T22:23:38;2053-08-15T22:23:38;null;false
2871;Miao Xuexiao: китайский язык;https://t.me/miaoxuexiao;4000;1000;true;2023-12-29T11:11:27;2023-08-15T22:23:38;2053-08-15T22:23:38;null;false
2872;Фильмы на китайском;https://t.me/zhongwendianying;4000;2000;true;2023-12-29T11:11:27;2023-08-15T22:23:38;2053-08-15T22:23:38;null;false
2873;Путешествие в Китайский язык;https://t.me/chinalanguagee;3000;2000;true;2023-12-29T11:11:27;2023-08-15T22:23:38;2053-08-15T22:23:38;null;false
2874;🇨🇳 Шэнсяо | Китайский язык;https://t.me/shensyao;2000;1000;true;2023-12-29T11:11:27;2023-08-15T22:23:38;2053-08-15T22:23:38;null;false
2875;Spirit_school;https://t.me/spirit_school;1000;1000;true;2023-12-29T11:11:27;2023-08-15T22:23:38;2053-08-15T22:23:38;null;false
2876;Китайский язык | Lofi Chinese;https://t.me/lofichinesse;1000;1000;true;2023-12-29T11:11:27;2023-08-15T22:23:38;2053-08-15T22:23:38;null;false
2877;КИТАЙСКИЙ с Shanshan Laoshi 珊珊老师;https://t.me/Shanshan_Laoshi_Chinese;1000;1000;true;2023-12-29T11:11:27;2023-08-15T22:23:38;2053-08-15T22:23:38;null;false
2878;#МойКитай 中国🇨🇳;https://t.me/lazychinese;1000;1000;true;2023-12-29T11:11:27;2023-08-15T22:23:38;2053-08-15T22:23:38;null;false
2879;懂得都懂 DDDD;https://t.me/dong_chinese;1000;1000;true;2023-12-29T11:11:27;2023-08-15T22:23:38;2053-08-15T22:23:38;null;false
2880;BLACKPINK | YG | BLΛƆKPIИK;https://t.me/BLACK_PINK_BLINK;83000;7000;true;2023-12-29T11:11:27;2023-08-15T22:23:38;2053-08-15T22:23:38;null;false
2881;♾ᴛᴏᴍᴏʀʀᴏᴡ_x_ᴛᴏɢᴇᴛʜᴇʀ♾;https://t.me/Together_X_Tomorrow;67000;7000;true;2023-12-29T11:11:27;2023-08-15T22:23:38;2053-08-15T22:23:38;null;false
2882;🎄 Чо там сегодня у Бантанов 🎄 BTS 🎄 Жду парня из армии;https://t.me/Crazy_Koreans;66000;13000;true;2023-12-29T11:11:27;2023-08-15T22:23:38;2053-08-15T22:23:38;null;false
2883;❄️диспач🎄;https://t.me/dispatch_news;54000;5000;true;2023-12-29T11:11:27;2023-08-15T22:23:38;2053-08-15T22:23:38;null;false
2884;aespa • Drama;https://t.me/aespa_sm;40000;4000;true;2023-12-29T11:11:27;2023-08-15T22:23:38;2053-08-15T22:23:38;null;false
2885;JUNGKOOK | BANGTAN | BTS;https://t.me/Bangtan_JUNGKOOK;37000;7000;true;2023-12-29T11:11:27;2023-08-15T22:23:38;2053-08-15T22:23:38;null;false
2886;ENHYPEN BOYS;https://t.me/Enhypen_official;36000;2000;true;2023-12-29T11:11:27;2023-08-15T22:23:38;2053-08-15T22:23:38;null;false
2887;JENNIE | YG;https://t.me/jennie_blackpink96;33000;3000;true;2023-12-29T11:11:27;2023-08-15T22:23:38;2053-08-15T22:23:38;null;false
2888;plaanet_kpop;https://t.me/plaanet_kpop1;33000;12000;true;2023-12-29T11:11:27;2023-08-15T22:23:38;2053-08-15T22:23:38;null;false
2889;LISA | YG;https://t.me/Lalisa_97BP;32000;3000;true;2023-12-29T11:11:27;2023-08-15T22:23:38;2053-08-15T22:23:38;null;false
2890;ROSÉ | YG;https://t.me/rose_blackpink97;31000;3000;true;2023-12-29T11:11:27;2023-08-15T22:23:38;2053-08-15T22:23:38;null;false
2891;PARK JIMIN | BANGTAN | BTS;https://t.me/Bangtan_JIMIN;28000;1000;true;2023-12-29T11:11:27;2023-08-15T22:23:38;2053-08-15T22:23:38;null;false
2892;SKZ archive|архив стрей кидс;https://t.me/Streykids_g;28000;3000;true;2023-12-29T11:11:27;2023-08-15T22:23:38;2053-08-15T22:23:38;null;false
2893;V | KIM TAEHYUNG | BANGTAN | BTS;https://t.me/Streykids_g;22000;3000;true;2023-12-29T11:11:27;2023-08-15T22:23:38;2053-08-15T22:23:38;null;false
2894;🔥• ʙᴛs • sᴇᴇsᴀᴡ •🔥;https://t.me/BANGTAN_BOMBss;18000;2000;true;2023-12-29T11:11:27;2023-08-15T22:23:38;2053-08-15T22:23:38;null;false
2895;Bts_news3818;https://t.me/btsnews3818;18000;3000;true;2023-12-29T11:11:27;2023-08-15T22:23:38;2053-08-15T22:23:38;null;false
2896;BTS BOMB;https://t.me/Ibtsbomb;18000;2000;true;2023-12-29T11:11:27;2023-08-15T22:23:38;2053-08-15T22:23:38;null;false
2897;SUGA | MIN YOONGI | BANGTAN | BTS ᴮᴱ;https://t.me/Bangtan_Suga;17000;2000;true;2023-12-29T11:11:27;2023-08-15T22:23:38;2053-08-15T22:23:38;null;false
2898;#deerzone | k-pop chart;https://t.me/deerzone;16000;2000;true;2023-12-29T11:11:27;2023-08-15T22:23:38;2053-08-15T22:23:38;null;false
2899;YESASIA.RU - свежие новости K-POP J-POP и C-POP!;https://t.me/yesasia;14000;3000;true;2023-12-29T11:11:27;2023-08-15T22:23:38;2053-08-15T22:23:38;null;false
2900;KoreaBand 💞 Корейский язык 💞 K-pop 💞 Дорамы;https://t.me/korea_band;13000;1000;true;2023-12-29T11:11:27;2023-08-15T22:23:38;2053-08-15T22:23:38;null;false
2901;🗞𝗕𝗧𝗦 𝗡𝗘𝗪𝗦🗞;https://t.me/bangtan7_new;12000;1000;true;2023-12-29T11:11:27;2023-08-15T22:23:38;2053-08-15T22:23:38;null;false
2902;BTSforia от7 Projects;https://t.me/BTSforia;12000;3000;true;2023-12-29T11:11:27;2023-08-15T22:23:38;2053-08-15T22:23:38;null;false
2903;JIN | KIM SEOK JIN | BANGTAN | BTS ᴮᴱ;https://t.me/bangtan_Jin;10000;1000;true;2023-12-29T11:11:27;2023-08-15T22:23:38;2053-08-15T22:23:38;null;false
2904;ONEUS • 원어스 • RBW ENT.;https://t.me/oneus_official;6000;1000;true;2023-12-29T11:11:27;2023-08-15T22:23:38;2053-08-15T22:23:38;null;false
2905;SEVENTEEN_UZB;https://t.me/SeventeenUzb;6000;1000;true;2023-12-29T11:11:27;2023-08-15T22:23:38;2053-08-15T22:23:38;null;false
2906;KIMCHI WAVE BOMB;https://t.me/kimchiwave;4000;1000;true;2023-12-29T11:11:27;2023-08-15T22:23:38;2053-08-15T22:23:38;null;false
2907;⚜️•𝗟𝗔𝗟𝗜𝗦𝗔 | 𝗕𝗟ΛƆ𝗞𝗣𝗜И𝗞•⚜️;https://t.me/Lalisa_black_pink;4000;1000;true;2023-12-29T11:11:27;2023-08-15T22:23:38;2053-08-15T22:23:38;null;false
2908;⚜️•𝗝𝗘𝗡𝗡𝗜𝗘 | 𝗕𝗟ΛƆ𝗞𝗣𝗜И𝗞•⚜️;https://t.me/Jenniee_black_pink;3000;1000;true;2023-12-29T11:11:27;2023-08-15T22:23:38;2053-08-15T22:23:38;null;false
2909;⚜️•𝗥𝗢𝗦𝗘 | 𝗕𝗟ΛƆ𝗞𝗣𝗜И𝗞•⚜️;https://t.me/Roses_Black_pink;3000;1000;true;2023-12-29T11:11:27;2023-08-15T22:23:38;2053-08-15T22:23:38;null;false
2910;EXØ ◑ CHANYEØL;https://t.me/Chanyeol_sng_uzb;3000;1000;true;2023-12-29T11:11:27;2023-08-15T22:23:38;2053-08-15T22:23:38;null;false
2911;⚜️•𝗝𝗜𝗦𝗢𝗢 | 𝗕𝗟ΛƆ𝗞𝗣𝗜И𝗞•⚜️;https://t.me/Jisoo_black_pink;3000;1000;true;2023-12-29T11:11:27;2023-08-15T22:23:38;2053-08-15T22:23:38;null;false
2912;Люмьера Обыкновенная;https://t.me/lumiera_obiknovennaya;3000;1000;true;2023-12-29T11:11:27;2023-08-15T22:23:38;2053-08-15T22:23:38;null;false
2914;°world of taejin°;https://t.me/taejin_bts;2000;1000;true;2023-12-29T11:11:27;2023-08-15T22:23:38;2053-08-15T22:23:38;null;false
2915;zerobaseone place;https://t.me/zerobaseoneplace;2000;1000;true;2023-12-29T11:11:27;2023-08-15T22:23:38;2053-08-15T22:23:38;null;false
2916;Kumiho ☾;https://t.me/akumiho;13000;3000;true;2023-12-29T11:11:27;2023-08-15T22:23:38;2053-08-15T22:23:38;null;false
2917;⋆ &𝗧𝗘𝗔𝗠𝗰𝗶𝘁𝘆 | 𝗛𝗬𝗕𝗘 𝗚𝗥𝗢𝗨𝗣 ⋆;https://t.me/team_city_wow;1000;1000;true;2023-12-29T11:11:27;2023-08-15T22:23:38;2053-08-15T22:23:38;null;false
2918;Beyond The BTS;https://t.me/BeyondTheBTS;1000;1000;true;2023-12-29T11:11:27;2023-08-15T22:23:38;2053-08-15T22:23:38;null;false
2919;Aniztop;https://t.me/aniztop;77000;40000;true;2023-12-29T11:11:27;2023-08-15T22:23:38;2053-08-15T22:23:38;null;false
2920;Парные авы 🧚‍♀️;https://t.me/parnye_avatarkii;62000;2000;true;2023-12-29T11:11:27;2023-08-15T22:23:38;2053-08-15T22:23:38;null;false
2921;Аниме авы обои аватарки;https://t.me/anilaev;42000;2000;true;2023-12-29T11:11:27;2023-08-15T22:23:38;2053-08-15T22:23:38;null;false
2922;Animee | Аниме Мемы🔥;https://t.me/animee_channel;41000;2000;true;2023-12-29T11:11:27;2023-08-15T22:23:38;2053-08-15T22:23:38;null;false
2923;ОБОИ И АВАТАРКИ АНИМЕ НАРУТО;https://t.me/fEiAqrcZ18ttfdrjjfdergcjjl;29000;1000;true;2023-12-29T11:11:27;2023-08-15T22:23:38;2053-08-15T22:23:38;null;false
2924;Konoha | обои | аватарки;https://t.me/konoha_one;27000;3000;true;2023-12-29T11:11:27;2023-08-15T22:23:38;2053-08-15T22:23:38;null;false
2925;AnimeRoom | Аниме авы;https://t.me/anmroom;27000;1000;true;2023-12-29T11:11:27;2023-08-15T22:23:38;2053-08-15T22:23:38;null;false
2926;Аниме новости 🇯🇵;https://t.me/currentanimenews;21000;2000;true;2023-12-29T11:11:27;2023-08-15T22:23:38;2053-08-15T22:23:38;null;false
2927;Anime icon Aniztop | Аниме;https://t.me/anizanime;20000;2000;true;2023-12-29T11:11:27;2023-08-15T22:23:38;2053-08-15T22:23:38;null;false
2928;Аниме от Шакала/Все серии;https://t.me/animeshakal;17000;3000;true;2023-12-29T11:11:27;2023-08-15T22:23:38;2053-08-15T22:23:38;null;false
2929;•[ weeb Arts ]•;https://t.me/weebArts;9000;1000;true;2023-12-29T11:11:27;2023-08-15T22:23:38;2053-08-15T22:23:38;null;false
2930;АНИМЕ🇯🇵 | ОБОИ | ANIME🇯🇵;https://t.me/anime_xx;10000;1000;true;2023-12-29T11:11:27;2023-08-15T22:23:38;2053-08-15T22:23:38;null;false
2931;Anime Mobile Wallpapers;https://t.me/amw_prime;8000;1000;true;2023-12-29T11:11:27;2023-08-15T22:23:38;2053-08-15T22:23:38;null;false
2932;Вареник-тян 🐝;https://t.me/varenichki_channel;6000;1000;true;2023-12-29T11:11:27;2023-08-15T22:23:38;2053-08-15T22:23:38;null;false
2933;Aogiri;https://t.me/aogiriq;6000;1000;true;2023-12-29T11:11:27;2023-08-15T22:23:38;2053-08-15T22:23:38;null;false
2934;Телеканал FAN;https://t.me/fantv_ru;5000;1000;true;2023-12-29T11:11:27;2023-08-15T22:23:38;2053-08-15T22:23:38;null;false
2935;Anime Wallpapers;https://t.me/amw_pc;4000;1000;true;2023-12-29T11:11:27;2023-08-15T22:23:38;2053-08-15T22:23:38;null;false
2936;Аниме арты ✨ Anime arts;https://t.me/anime_artyy;3000;1000;true;2023-12-29T11:11:27;2023-08-15T22:23:38;2053-08-15T22:23:38;null;false
2937;Jekas Official [DREAM CAST];https://t.me/dreamcastjeka;1000;3000;true;2023-12-29T11:11:27;2023-08-15T22:23:38;2053-08-15T22:23:38;null;false
2938;anime_pics;https://t.me/ani_pics;1000;1000;true;2023-12-29T11:11:27;2023-08-15T22:23:38;2053-08-15T22:23:38;null;false
2939;Anivenroy | аниме - фото, арты, гифки, видео, хентай | 🇯🇵🦊⛩️;https://t.me/Anime_Devenroy;1000;1000;true;2023-12-29T11:11:27;2023-08-15T22:23:38;2053-08-15T22:23:38;null;false
2940;Спортсмен;https://t.me/sportsmens1;295000;35000;true;2023-12-29T11:11:27;2023-08-15T22:23:38;2053-08-15T22:23:38;null;false
2941;Бегать просто;https://t.me/runforhealth;94000;10000;true;2023-12-29T11:11:27;2023-08-15T22:23:38;2053-08-15T22:23:38;null;false
2942;Фитнес дома. Бесконечный марафон.;https://t.me/+cEkCQsX42tpkZjUy;82000;7000;true;2023-12-29T11:11:27;2023-08-15T22:23:38;2053-08-15T22:23:38;null;false
2943;ФИТНЕС |🍑ПОПА КАК ОРЕХ;https://t.me/sportik_fitness;49000;3000;true;2023-12-29T11:11:27;2023-08-15T22:23:38;2053-08-15T22:23:38;null;false
2944;Формула Здоровья – правильное питание, диеты, фитнес и спорт;https://t.me/form_zd;47000;10000;true;2023-12-29T11:11:27;2023-08-15T22:23:38;2053-08-15T22:23:38;null;false
2945;Usmanova и GymTeam;https://t.me/withusmanovakate;35000;3000;true;2023-12-29T11:11:27;2023-08-15T22:23:38;2053-08-15T22:23:38;null;false
2946;СТРОЙНАЯ 💃🏼 Питание| Здоровье;https://t.me/dieta5blog;29000;1000;true;2023-12-29T11:11:27;2023-08-15T22:23:38;2053-08-15T22:23:38;null;false
2947;Стройная Ведьма🥗ПП рецепты|Рационы|Похудение;https://t.me/+KgpTS2yKqm1lNDdi;23000;2000;true;2023-12-29T11:11:27;2023-08-15T22:23:38;2053-08-15T22:23:38;null;false
2948;Тренер: Похудение| Диеты| Фитнес;https://t.me/fitnes5u;19000;1000;true;2023-12-29T11:11:27;2023-08-15T22:23:38;2053-08-15T22:23:38;null;false
2949;Спорт и Фитнес;https://t.me/sportfts;17000;1000;true;2023-12-29T11:11:27;2023-08-15T22:23:38;2053-08-15T22:23:38;null;false
2950;Мир Фитнеса | FitnessRU;https://t.me/FitnessRU;14000;1000;true;2023-12-29T11:11:27;2023-08-15T22:23:38;2053-08-15T22:23:38;null;false
2951;ФИТНЕС • Бодибилдинг •;https://t.me/Mybodymake;9000;1000;true;2023-12-29T11:11:27;2023-08-15T22:23:38;2053-08-15T22:23:38;null;false
2952;Сама себе тренер | Фитнес блог;https://t.me/trenersamasebe;7000;1000;true;2023-12-29T11:11:27;2023-08-15T22:23:38;2053-08-15T22:23:38;null;false
2953;Похудение | Фитнес;https://t.me/fitnesruse;7000;1000;true;2023-12-29T11:11:27;2023-08-15T22:23:38;2053-08-15T22:23:38;null;false
2954;Фитнес, диеты, похудение;https://t.me/womsport;7000;1000;true;2023-12-29T11:11:27;2023-08-15T22:23:38;2053-08-15T22:23:38;null;false
2955;Спортивная Леди | Лиза Голодняк;https://t.me/tvoya_fitness_podruga;6000;1000;true;2023-12-29T11:11:27;2023-08-15T22:23:38;2053-08-15T22:23:38;null;false
2956;Keforma Sport Club;https://t.me/keformasportclub;6000;2000;true;2023-12-29T11:11:27;2023-08-15T22:23:38;2053-08-15T22:23:38;null;false
2957;FITNESSERA.RU - фитнес, диеты, ЗОЖ;https://t.me/fitnesseraru;5000;1000;true;2023-12-29T11:11:27;2023-08-15T22:23:38;2053-08-15T22:23:38;null;false
2958;SproLife🏆Фитнес;https://t.me/sprolife;3000;1000;true;2023-12-29T11:11:27;2023-08-15T22:23:38;2053-08-15T22:23:38;null;false
2959;ПРАКТИКА центр;https://t.me/practica_center;3000;1000;true;2023-12-29T11:11:27;2023-08-15T22:23:38;2053-08-15T22:23:38;null;false
2960;Пауэрлифтинг / Powerlifting;https://t.me/russia_powerlifting;2000;1000;true;2023-12-29T11:11:27;2023-08-15T22:23:38;2053-08-15T22:23:38;null;false
2961;Твердыня | Оплот силы и разума;https://t.me/Tverdynya_SiR;2000;1000;true;2023-12-29T11:11:27;2023-08-15T22:23:38;2053-08-15T22:23:38;null;false
2962;𝐒𝐖𝐎𝐑𝐃𝐁𝐎𝐃𝐘;https://t.me/swordbody;1000;1000;true;2023-12-29T11:11:27;2023-08-15T22:23:38;2053-08-15T22:23:38;null;false
2963;ФитНов | фитнес| бодибилдинг| правильное питание| для новичков и не только;https://t.me/Fit_Nav;1000;1000;true;2023-12-29T11:11:27;2023-08-15T22:23:38;2053-08-15T22:23:38;null;false
2964;Умный бодибилдинг;https://t.me/lindover;18000;5000;true;2023-12-29T11:11:27;2023-08-15T22:23:38;2053-08-15T22:23:38;null;false
2965;XXL-pump(спорт, бодибилдинг и фитнес);https://t.me/sport_xxlpump;8000;2000;true;2023-12-29T11:11:27;2023-08-15T22:23:38;2053-08-15T22:23:38;null;false
2966;Качалка |Фитнес и бодибилдинг;https://t.me/ka44alka;4000;1000;true;2023-12-29T11:11:27;2023-08-15T22:23:38;2053-08-15T22:23:38;null;false
2967;Руслан Халецкий. Все о фитнесе и бодибилдинге.;https://t.me/Ruslsuper_blog;4000;1000;true;2023-12-29T11:11:27;2023-08-15T22:23:38;2053-08-15T22:23:38;null;false
2968;OXYBUILD — БОДИБИЛДИНГ, ТРЕНИРОВКИ, МОТИВАЦИЯ, ПИТАНИЕ;https://t.me/oxyfitness;1000;1000;true;2023-12-29T11:11:27;2023-08-15T22:23:38;2053-08-15T22:23:38;null;false
2969;SomaLong | бодибилдинг | медицина |фитнес и спорт;https://t.me/somalong_channel;1000;1000;true;2023-12-29T11:11:27;2023-08-15T22:23:38;2053-08-15T22:23:38;null;false
2970;OXYTROPIN | OXYPHARMA | спорт и мотивация | бодибилдинг | фитнес;https://t.me/oxy_pharma_orig;1000;1000;true;2023-12-29T11:11:27;2023-08-15T22:23:38;2053-08-15T22:23:38;null;false
2971;Спортивные статьи/Фитнес/Бодибилдинг;https://t.me/fitnessks;1000;1000;true;2023-12-29T11:11:27;2023-08-15T22:23:38;2053-08-15T22:23:38;null;false
2972;OneSteel - [ Бодибилдинг | Пауэрлифтинг | Фармакология ];https://t.me/fitnessks;1000;1000;true;2023-12-29T11:11:27;2023-08-15T22:23:38;2053-08-15T22:23:38;null;false
2973;ДИЕТОЛОГ | ЗДОРОВОЕ ПИТАНИЕ;https://t.me/+N7U_X66z6HViNGJi;55000;5000;true;2023-12-29T11:11:27;2023-08-15T22:23:38;2053-08-15T22:23:38;null;false
2974;Доктор Берг (Dr. Eric Berg) | кето диета | здоровье | похудение;https://t.me/drBerg;51000;5000;true;2023-12-29T11:11:27;2023-08-15T22:23:38;2053-08-15T22:23:38;null;false
2975;Leonov chef;https://t.me/Leonov_chef;48000;5000;true;2023-12-29T11:11:27;2023-08-15T22:23:38;2053-08-15T22:23:38;null;false
2976;КЕТО и LCHF ДИЕТЫ;https://t.me/ketotg;42000;5000;true;2023-12-29T11:11:27;2023-08-15T22:23:38;2053-08-15T22:23:38;null;false
2977;Диета Дюкана;https://t.me/dukandiet_ru;16000;2000;true;2023-12-29T11:11:27;2023-08-15T22:23:38;2053-08-15T22:23:38;null;false
2978;УПДН;https://t.me/shkola_dietologov;15000;1000;true;2023-12-29T11:11:27;2023-08-15T22:23:38;2053-08-15T22:23:38;null;false
2979;СОЖ;https://t.me/sozh_radograd;15000;1000;true;2023-12-29T11:11:27;2023-08-15T22:23:38;2053-08-15T22:23:38;null;false
2980;МНЕ МОЖНО | ПП РЕЦЕПТЫ;https://t.me/mnemoznorecept;6000;1000;true;2023-12-29T11:11:27;2023-08-15T22:23:38;2053-08-15T22:23:38;null;false
2981;МНЕ МОЖНО | ПП ДЕСЕРТЫ;https://t.me/mnemoznosdesert;4000;1000;true;2023-12-29T11:11:27;2023-08-15T22:23:38;2053-08-15T22:23:38;null;false
2982;Что на завтрак?;https://t.me/zavtrakvsemugolova;3000;1000;true;2023-12-29T11:11:27;2023-08-15T22:23:38;2053-08-15T22:23:38;null;false
2983;Вечно худеющая|ПП Рецепты|Фитнес;https://t.me/hudei_fit;2000;1000;true;2023-12-29T11:11:27;2023-08-15T22:23:38;2053-08-15T22:23:38;null;false
2984;Доча, что ты ела?;https://t.me/dochiya;2000;1000;true;2023-12-29T11:11:27;2023-08-15T22:23:38;2053-08-15T22:23:38;null;false
2985;Ольга Сологуб;https://t.me/pohudet_realno;1000;1000;true;2023-12-29T11:11:27;2023-08-15T22:23:38;2053-08-15T22:23:38;null;false
2986;Рациональный гедонизм | Нутрициолог;https://t.me/whynothedonism;1000;1000;true;2023-12-29T11:11:27;2023-08-15T22:23:38;2053-08-15T22:23:38;null;false
2987;#ПП рецепты, Нутрициология, Аюрведа и мой опыт;https://t.me/pitanie_recepty;1000;1000;true;2023-12-29T11:11:27;2023-08-15T22:23:38;2053-08-15T22:23:38;null;false
2988;Вкусно и быстро | Легкие рецепты;https://t.me/vkusnoo_vkusno;1000;1000;true;2023-12-29T11:11:27;2023-08-15T22:23:38;2053-08-15T22:23:38;null;false
2989;Новости ЗОЖ;https://t.me/anoniczdorovoepitanie;1000;1000;true;2023-12-29T11:11:27;2023-08-15T22:23:38;2053-08-15T22:23:38;null;false
2990;НИАП – Научный Инструмент Анализа Питания;https://t.me/NutrientPlanner;1000;1000;true;2023-12-29T11:11:27;2023-08-15T22:23:38;2053-08-15T22:23:38;null;false
2991;ПП - простые рецепты;https://t.me/ppfudd;1000;1000;true;2023-12-29T11:11:27;2023-08-15T22:23:38;2053-08-15T22:23:38;null;false
2992;Хоум: Удалёнка | Фриланс | Удалённая работа;https://t.me/hmoffice;447000;9000;true;2023-12-29T11:11:27;2023-08-15T22:23:38;2053-08-15T22:23:38;null;false
2993;Finder.work: работа и вакансии;https://t.me/theyseeku;311000;7000;true;2023-12-29T11:11:27;2023-08-15T22:23:38;2053-08-15T22:23:38;null;false
2994;КОНЬ НА РАБОТЕ;https://t.me/horseatwork;179000;7000;true;2023-12-29T11:11:27;2023-08-15T22:23:38;2053-08-15T22:23:38;null;false
2995;Вакансии [Удаленка] от 60к;https://t.me/vacanciesmarketing;157000;6000;true;2023-12-29T11:11:27;2023-08-15T22:23:38;2053-08-15T22:23:38;null;false
2996;Работа в Москве и Мо;https://t.me/rabota_moskva_i_mo;150000;18000;true;2023-12-29T11:11:27;2023-08-15T22:23:38;2053-08-15T22:23:38;null;false
2997;Лучшие вакансии;https://t.me/vacanciesbest;134000;15000;true;2023-12-29T11:11:27;2023-08-15T22:23:38;2053-08-15T22:23:38;null;false
2998;Удалёнщики | удаленная работа;https://t.me/zapwork;133000;7000;true;2023-12-29T11:11:27;2023-08-15T22:23:38;2053-08-15T22:23:38;null;false
2999;Проект на «час»;https://t.me/projectperhour;122000;12000;true;2023-12-29T11:11:27;2023-08-15T22:23:38;2053-08-15T22:23:38;null;false
3000;НОВОБРАНЕЦ: фриланс без опыта;https://t.me/novobranez;118000;17000;true;2023-12-29T11:11:27;2023-08-15T22:23:38;2053-08-15T22:23:38;null;false
3001;Фаундер - Вакансии;https://t.me/founderjob;111000;13000;true;2023-12-29T11:11:27;2023-08-15T22:23:38;2053-08-15T22:23:38;null;false
3002;hh.ru — работа для всех;https://t.me/hh_ru_official;104000;11000;true;2023-12-29T11:11:27;2023-08-15T22:23:38;2053-08-15T22:23:38;null;false
3003;НОВИЧОК: удалённая работа;https://t.me/novichog;102000;10000;true;2023-12-29T11:11:27;2023-08-15T22:23:38;2053-08-15T22:23:38;null;false
3004;Удаленка 2.0 | Finder.work;https://t.me/naudalenkebro;74000;1000;true;2023-12-29T11:11:27;2023-08-15T22:23:38;2053-08-15T22:23:38;null;false
3005;Remocate: удалёнка, релокация, работа и вакансии;https://t.me/evacuatejobs;73000;4000;true;2023-12-29T11:11:27;2023-08-15T22:23:38;2053-08-15T22:23:38;null;false
3006;Норм работа;https://t.me/normrabota;68000;4000;true;2023-12-29T11:11:27;2023-08-15T22:23:38;2053-08-15T22:23:38;null;false
3007;Design Hunters;https://t.me/designhunters;65000;4000;true;2023-12-29T11:11:27;2023-08-15T22:23:38;2053-08-15T22:23:38;null;false
3008;careerspace;https://t.me/careerspace;61000;6000;true;2023-12-29T11:11:27;2023-08-15T22:23:38;2053-08-15T22:23:38;null;false
3009;БУДУ;https://t.me/budujobs;60000;10000;true;2023-12-29T11:11:27;2023-08-15T22:23:38;2053-08-15T22:23:38;null;false
3010;Удаленная работа от hh.ru;https://t.me/hh_vacancy_udalenka;570000;5000;true;2023-12-29T11:11:27;2023-08-15T22:23:38;2053-08-15T22:23:38;null;false
3011;Вакансии SMM и Digital;https://t.me/dnative_job;49000;2000;true;2023-12-29T11:11:27;2023-08-15T22:23:38;2053-08-15T22:23:38;null;false
3012;Distantsiya;https://t.me/distantsiya;49000;1000;true;2023-12-29T11:11:27;2023-08-15T22:23:38;2053-08-15T22:23:38;null;false
3013;Удаленка - вся творческая работа;https://t.me/rueventjob;48000;4000;true;2023-12-29T11:11:27;2023-08-15T22:23:38;2053-08-15T22:23:38;null;false
3014;Работа Вахтой;https://t.me/rabotvaxta;47000;5000;true;2023-12-29T11:11:27;2023-08-15T22:23:38;2053-08-15T22:23:38;null;false
3015;Job for Junior;https://t.me/jobforjunior;46000;4000;true;2023-12-29T11:11:27;2023-08-15T22:23:38;2053-08-15T22:23:38;null;false
3016;ВАКАНСИИ INSTAGRAM;https://t.me/workinstajob;43000;1000;true;2023-12-29T11:11:27;2023-08-15T22:23:38;2053-08-15T22:23:38;null;false
3017;Удаленная работа;https://t.me/remote_job_offers;42000;1000;true;2023-12-29T11:11:27;2023-08-15T22:23:38;2053-08-15T22:23:38;null;false
3018;WORK ON;https://t.me/workk_on;42000;1000;true;2023-12-29T11:11:27;2023-08-15T22:23:38;2053-08-15T22:23:38;null;false
3019;Мы вам перезвоним;https://t.me/perezvonyu;40000;1000;true;2023-12-29T11:11:27;2023-08-15T22:23:38;2053-08-15T22:23:38;null;false
3020;Вакансии с зп выше 50 тысяч;https://t.me/Well_paid_Job;39000;14000;true;2023-12-29T11:11:27;2023-08-15T22:23:38;2053-08-15T22:23:38;null;false
3021;Удалённо - Работа и вакансии;https://t.me/udafrii;34000;1000;true;2023-12-29T11:11:27;2023-08-15T22:23:38;2053-08-15T22:23:38;null;false
3022;Работа в медиа;https://t.me/dddwork;34000;4000;true;2023-12-29T11:11:27;2023-08-15T22:23:38;2053-08-15T22:23:38;null;false
3023;Remote IT (Inflow);https://t.me/Remoteit;33000;3000;true;2023-12-29T11:11:27;2023-08-15T22:23:38;2053-08-15T22:23:38;null;false
3024;Вакансии | Работа и свежие вакансии | Размещение вакансий;https://t.me/vacansia_ru;31000;2000;true;2023-12-29T11:11:27;2023-08-15T22:23:38;2053-08-15T22:23:38;null;false
3025;Работа INSTAGRAM 💼;https://t.me/insta_workk;32000;1000;true;2023-12-29T11:11:27;2023-08-15T22:23:38;2053-08-15T22:23:38;null;false
3026;DIwork | удаленная работа, фриланс;https://t.me/diworkru;32000;2000;true;2023-12-29T11:11:27;2023-08-15T22:23:38;2053-08-15T22:23:38;null;false
3027;VDHL.RU;https://t.me/vdhl_good;32000;2000;true;2023-12-29T11:11:27;2023-08-15T22:23:38;2053-08-15T22:23:38;null;false
3028;Работа в сфере искусства;https://t.me/workinart;31000;3000;true;2023-12-29T11:11:27;2023-08-15T22:23:38;2053-08-15T22:23:38;null;false
3029;Подработка от hh.ru;https://t.me/hh_vacancy_side_job;31000;2000;true;2023-12-29T11:11:27;2023-08-15T22:23:38;2053-08-15T22:23:38;null;false
3030;Yandex Team нанимает разработчиков;https://t.me/ya_jobs;30000;2000;true;2023-12-29T11:11:27;2023-08-15T22:23:38;2053-08-15T22:23:38;null;false
3031;Game Development Jobs;https://t.me/devjobs;29000;3000;true;2023-12-29T11:11:27;2023-08-15T22:23:38;2053-08-15T22:23:38;null;false
3032;Helper | работа | вакансии | фриланс;https://t.me/FreelanceBay;28000;1000;true;2023-12-29T11:11:27;2023-08-15T22:23:38;2053-08-15T22:23:38;null;false
3033;Текстодром: копирайтер, переводчик, редактор, журналист, сммщик и пиарщик, UX-писатель;https://t.me/textodromo;26000;1000;true;2023-12-29T11:11:27;2023-08-15T22:23:38;2053-08-15T22:23:38;null;false
3034;Dream Job - Вакансии;https://t.me/yojob;26000;1000;true;2023-12-29T11:11:27;2023-08-15T22:23:38;2053-08-15T22:23:38;null;false
3035;Работа в геймдеве 🍖;https://t.me/gamedevjob;26000;4000;true;2023-12-29T11:11:27;2023-08-15T22:23:38;2053-08-15T22:23:38;null;false
3036;Job for Products and Projects;https://t.me/forproducts;25000;3000;true;2023-12-29T11:11:27;2023-08-15T22:23:38;2053-08-15T22:23:38;null;false
3037;Ждём резюме;https://t.me/zdemcv;25000;3000;true;2023-12-29T11:11:27;2023-08-15T22:23:38;2053-08-15T22:23:38;null;false
3038;Remote Junior;https://t.me/remotejun;25000;1000;true;2023-12-29T11:11:27;2023-08-15T22:23:38;2053-08-15T22:23:38;null;false
3039;Вакансии Разумных | International | EdTech;https://t.me/razoom_jobs;23000;1000;true;2023-12-29T11:11:27;2023-08-15T22:23:38;2053-08-15T22:23:38;null;false
3040;Работа Охрана;https://t.me/trudoxrana;23000;1000;true;2023-12-29T11:11:27;2023-08-15T22:23:38;2053-08-15T22:23:38;null;false
3041;Вакансии для моряков / Работа в море;https://t.me/rekamore_su;22000;1000;true;2023-12-29T11:11:27;2023-08-15T22:23:38;2053-08-15T22:23:38;null;false
3042;ФРИЛАНСИКИ;https://t.me/polyaluzjob;22000;1000;true;2023-12-29T11:11:27;2023-08-15T22:23:38;2053-08-15T22:23:38;null;false
3043;Работа в Restor Horeca.ru;https://t.me/RestorHoreca;22000;1000;true;2023-12-29T11:11:27;2023-08-15T22:23:38;2053-08-15T22:23:38;null;false
3044;джоб оффер | Подработка;https://t.me/workvc;22000;1000;true;2023-12-29T11:11:27;2023-08-15T22:23:38;2053-08-15T22:23:38;null;false
3045;СЕТИ — IT & Digital вакансии;https://t.me/it_vakansii_jobs;22000;1000;true;2023-12-29T11:11:27;2023-08-15T22:23:38;2053-08-15T22:23:38;null;false
3046;РАБОТА ДЛЯ ДИЗАЙНЕРА | ВАКАНСИИ;https://t.me/designwork_vacansii;22000;2000;true;2023-12-29T11:11:27;2023-08-15T22:23:38;2053-08-15T22:23:38;null;false
3047;Больше джобсов;https://t.me/morejobs;21000;4000;true;2023-12-29T11:11:27;2023-08-15T22:23:38;2053-08-15T22:23:38;null;false
3048;mediajobs | вакансии;https://t.me/mediajobs_ru;21000;1000;true;2023-12-29T11:11:27;2023-08-15T22:23:38;2053-08-15T22:23:38;null;false
3049;Антирабство-Fedoroff - вакансии и трудоустройство;https://t.me/antirabstvoru;21000;1000;true;2023-12-29T11:11:27;2023-08-15T22:23:38;2053-08-15T22:23:38;null;false
3050;Job in IT&Digital;https://t.me/geekjobs;20000;1000;true;2023-12-29T11:11:27;2023-08-15T22:23:38;2053-08-15T22:23:38;null;false
3051;Home Work - вакансии, работа, фриланс;https://t.me/jobmar;20000;1000;true;2023-12-29T11:11:27;2023-08-15T22:23:38;2053-08-15T22:23:38;null;false
3052;Вакансии. «Модный факультет»;https://t.me/fashionfaculty;20000;2000;true;2023-12-29T11:11:27;2023-08-15T22:23:38;2053-08-15T22:23:38;null;false
3053;FinExecutive #1 in finance jobs;https://t.me/finexecutive;20000;1000;true;2023-12-29T11:11:27;2023-08-15T22:23:38;2053-08-15T22:23:38;null;false
3054;Alfa Digital;https://t.me/alfadigital_jobs;20000;1000;true;2023-12-29T11:11:27;2023-08-15T22:23:38;2053-08-15T22:23:38;null;false
3055;ТОЛОКА #ищу | удаленная работа;https://t.me/tolokaSeek;20000;1000;true;2023-12-29T11:11:27;2023-08-15T22:23:38;2053-08-15T22:23:38;null;false
3056;WORK ON | STREAM;https://t.me/workk_onstream;20000;1000;true;2023-12-29T11:11:27;2023-08-15T22:23:38;2053-08-15T22:23:38;null;false
3057;Job for Analysts & Data Scientists;https://t.me/foranalysts;19000;2000;true;2023-12-29T11:11:27;2023-08-15T22:23:38;2053-08-15T22:23:38;null;false
3058;WorkAtHome💵;https://t.me/workathomerus;19000;1000;true;2023-12-29T11:11:27;2023-08-15T22:23:38;2053-08-15T22:23:38;null;false
3059;GetClient | Фриланс вакансии;https://t.me/GetClient;19000;1000;true;2023-12-29T11:11:27;2023-08-15T22:23:38;2053-08-15T22:23:38;null;false
3060;Карьера в Сбере!;https://t.me/careersber;19000;3000;true;2023-12-29T11:11:27;2023-08-15T22:23:38;2053-08-15T22:23:38;null;false
3061;Фрилансер: вакансии на удаленке;https://t.me/workfreelancer;18000;1000;true;2023-12-29T11:11:27;2023-08-15T22:23:38;2053-08-15T22:23:38;null;false
3062;Авито Работа;https://t.me/avito_jobs;18000;1000;true;2023-12-29T11:11:27;2023-08-15T22:23:38;2053-08-15T22:23:38;null;false
3063;Python Job | Вакансии | Стажировки;https://t.me/job_python;18000;1000;true;2023-12-29T11:11:27;2023-08-15T22:23:38;2053-08-15T22:23:38;null;false
3064;БИРЖА ТРУДА | вакансии резюме - удаленная работа;https://t.me/rabota_360;18000;1000;true;2023-12-29T11:11:27;2023-08-15T22:23:38;2053-08-15T22:23:38;null;false
3065;Motion designer hunter;https://t.me/motionhunter;18000;2000;true;2023-12-29T11:11:27;2023-08-15T22:23:38;2053-08-15T22:23:38;null;false
3066;Работа для инженеров от hh.ru;https://t.me/hh_vacancy_engineers;17000;3000;true;2023-12-29T11:11:27;2023-08-15T22:23:38;2053-08-15T22:23:38;null;false
3067;ТОЛОКА вакансии | удаленная работа;https://t.me/tolokaWork;17000;1000;true;2023-12-29T11:11:27;2023-08-15T22:23:38;2053-08-15T22:23:38;null;false
3068;Выбери Работу: работа - вакансии;https://t.me/chooseajob;17000;1000;true;2023-12-29T11:11:27;2023-08-15T22:23:38;2053-08-15T22:23:38;null;false
3069;SMM работа, вакансии, фриланс;https://t.me/vacancysmm;17000;1000;true;2023-12-29T11:11:27;2023-08-15T22:23:38;2053-08-15T22:23:38;null;false
3070;SEO HR, digital-вакансии, офис и удалёнка;https://t.me/seohr;17000;1000;true;2023-12-29T11:11:27;2023-08-15T22:23:38;2053-08-15T22:23:38;null;false
3071;Работа талантам + удаленка и фриланс;https://t.me/talentedpeoples;17000;1000;true;2023-12-29T11:11:27;2023-08-15T22:23:38;2053-08-15T22:23:38;null;false
3072;Work for writers;https://t.me/Work4writers;17000;1000;true;2023-12-29T11:11:27;2023-08-15T22:23:38;2053-08-15T22:23:38;null;false
3073;RabovNet - удаленка, вакансии, работа, фриланс;https://t.me/rabovnet;17000;1000;true;2023-12-29T11:11:27;2023-08-15T22:23:38;2053-08-15T22:23:38;null;false
3074;МТС Джобс О̶ф̶и̶ш̶и̶а̶л̶;https://t.me/job_mts;17000;1000;true;2023-12-29T11:11:27;2023-08-15T22:23:38;2053-08-15T22:23:38;null;false
3075;Р1: Premium. Вакансии 1С >251к;https://t.me/joboneC;17000;1000;true;2023-12-29T11:11:27;2023-08-15T22:23:38;2053-08-15T22:23:38;null;false
3076;Работа с текстами — вакансии;https://t.me/work_editor;17000;1000;true;2023-12-29T11:11:27;2023-08-15T22:23:38;2053-08-15T22:23:38;null;false
3077;Jobpower - креативные вакансии, работа в творческих сферах;https://t.me/jobpower;17000;1000;true;2023-12-29T11:11:27;2023-08-15T22:23:38;2053-08-15T22:23:38;null;false
3078;Работа в Тинькофф;https://t.me/tinkoff_career;16000;4000;true;2023-12-29T11:11:27;2023-08-15T22:23:38;2053-08-15T22:23:38;null;false
3079;Вахтовик . Работа вахтой.;https://t.me/rabota_vahtaA;16000;3000;true;2023-12-29T11:11:27;2023-08-15T22:23:38;2053-08-15T22:23:38;null;false
3080;JOBOSPHERE | ВАКАНСИИ.;https://t.me/jobosphere;16000;1000;true;2023-12-29T11:11:27;2023-08-15T22:23:38;2053-08-15T22:23:38;null;false
3081;Digital вакансии в Telegram;https://t.me/vacanciesrus;16000;1000;true;2023-12-29T11:11:27;2023-08-15T22:23:38;2053-08-15T22:23:38;null;false
3082;DigitalHR: работа | вакансии | карьера в IT, Digital, Product, Design;https://t.me/digital_hr;16000;1000;true;2023-12-29T11:11:27;2023-08-15T22:23:38;2053-08-15T22:23:38;null;false
3083;Resto HR - работа в ресторанах, повара, вакансии общепит, Москва;https://t.me/RestoranHR;16000;2000;true;2023-12-29T11:11:27;2023-08-15T22:23:38;2053-08-15T22:23:38;null;false
3084;Paradise Work - Удаленная работа | Фриланс;https://t.me/fr_free;16000;2000;true;2023-12-29T11:11:27;2023-08-15T22:23:38;2053-08-15T22:23:38;null;false
3085;Вакансии Workzilla — Удаленная работа | Фриланс;https://t.me/workzilla_vacancies;16000;1000;true;2023-12-29T11:11:27;2023-08-15T22:23:38;2053-08-15T22:23:38;null;false
3086;Менеджеры маркетплейсов | Вакансии;https://t.me/MPmanagers;16000;1000;true;2023-12-29T11:11:27;2023-08-15T22:23:38;2053-08-15T22:23:38;null;false
3087;Работа в комфорте🧘‍♀;https://t.me/frilancekomfort;16000;1000;true;2023-12-29T11:11:27;2023-08-15T22:23:38;2053-08-15T22:23:38;null;false
3088;Копирайтинг 2.0 | Вакансии, работа;https://t.me/copy_go;15000;1000;true;2023-12-29T11:11:27;2023-08-15T22:23:38;2053-08-15T22:23:38;null;false
3089;Вакансии с ЗП выше 100 тысяч;https://t.me/theypaywell;15000;1000;true;2023-12-29T11:11:27;2023-08-15T22:23:38;2053-08-15T22:23:38;null;false
3090;Работа для дизайнеров;https://t.me/ssd_photo;15000;1000;true;2023-12-29T11:11:27;2023-08-15T22:23:38;2053-08-15T22:23:38;null;false
3091;IT's Tinkoff Crew;https://t.me/tinkoffjobs;15000;1000;true;2023-12-29T11:11:27;2023-08-15T22:23:38;2053-08-15T22:23:38;null;false
3092;TOP LEVEL JOB;https://t.me/toplevel_job;15000;1000;true;2023-12-29T11:11:27;2023-08-15T22:23:38;2053-08-15T22:23:38;null;false
3093;Web Freelance;https://t.me/webfrl;14000;1000;true;2023-12-29T11:11:27;2023-08-15T22:23:38;2053-08-15T22:23:38;null;false
3094;FLY JOB;https://t.me/flyjob;14000;1000;true;2023-12-29T11:11:27;2023-08-15T22:23:38;2053-08-15T22:23:38;null;false
3095;Hire ProProduct - Продуктовые вакансии в России и за рубежом;https://t.me/hireproproduct;14000;6000;true;2023-12-29T11:11:27;2023-08-15T22:23:38;2053-08-15T22:23:38;null;false
3096;Devops Jobs — вакансии и резюме;https://t.me/devops_jobs_feed;14000;1000;true;2023-12-29T11:11:27;2023-08-15T22:23:38;2053-08-15T22:23:38;null;false
3097;SkillBridge: вакансии, стажировки;https://t.me/skill_work;14000;1000;true;2023-12-29T11:11:27;2023-08-15T22:23:38;2053-08-15T22:23:38;null;false
3098;Job for Chiefs (TOP vacancies);https://t.me/forchiefs;14000;3000;true;2023-12-29T11:11:27;2023-08-15T22:23:38;2053-08-15T22:23:38;null;false
3099;HR[хаб]вакансии;https://t.me/hrhubvacancy;14000;3000;true;2023-12-29T11:11:27;2023-08-15T22:23:38;2053-08-15T22:23:38;null;false
3100;Работа и вакансии для переводчиков — Лингвохантер;https://t.me/linguohunter;13000;2000;true;2023-12-29T11:11:27;2023-08-15T22:23:38;2053-08-15T22:23:38;null;false
3101;Job for QA;https://t.me/forallqa;13000;2000;true;2023-12-29T11:11:27;2023-08-15T22:23:38;2053-08-15T22:23:38;null;false
3102;Jobka: Работа - вакансии;https://t.me/jobkawork;13000;2000;true;2023-12-29T11:11:27;2023-08-15T22:23:38;2053-08-15T22:23:38;null;false
3103;IT - Вакансии I Удаленка/Офис;https://t.me/it_vak;13000;2000;true;2023-12-29T11:11:27;2023-08-15T22:23:38;2053-08-15T22:23:38;null;false
3104;эйчарли | HR вакансии;https://t.me/HRorHR;13000;2000;true;2023-12-29T11:11:27;2023-08-15T22:23:38;2053-08-15T22:23:38;null;false
3105;Frontend Interview - собеседования по Javascript / Html / Css;https://t.me/frontendInterview;13000;2000;true;2023-12-29T11:11:27;2023-08-15T22:23:38;2053-08-15T22:23:38;null;false
3106;DIGITAL Tender / freelance / фриланс;https://t.me/digitaltender;13000;2000;true;2023-12-29T11:11:27;2023-08-15T22:23:38;2053-08-15T22:23:38;null;false
3107;Работа 38;https://t.me/rabota38irk;13000;2000;true;2023-12-29T11:11:27;2023-08-15T22:23:38;2053-08-15T22:23:38;null;false
3108;ФРИЛАНС;https://t.me/uvetrovoi;13000;1000;true;2023-12-29T11:11:27;2023-08-15T22:23:38;2053-08-15T22:23:38;null;false
3109;Data Science Jobs;https://t.me/datasciencejobs;13000;1000;true;2023-12-29T11:11:27;2023-08-15T22:23:38;2053-08-15T22:23:38;null;false
3110;ФРИЛАНС НАЛЕГКЕ;https://t.me/frilans_na_legke;13000;1000;true;2023-12-29T11:11:27;2023-08-15T22:23:38;2053-08-15T22:23:38;null;false
3111;Top - Job (Лучшие вакансии);https://t.me/bestjob_ever;13000;1000;true;2023-12-29T11:11:27;2023-08-15T22:23:38;2053-08-15T22:23:38;null;false
3112;Design WORK;https://t.me/designer_work;13000;1000;true;2023-12-29T11:11:27;2023-08-15T22:23:38;2053-08-15T22:23:38;null;false
3113;junojobs → junior вакансии и стажировки в IT;https://t.me/juno_jobs;13000;2000;true;2023-12-29T11:11:27;2023-08-15T22:23:38;2053-08-15T22:23:38;null;false
3114;Работа для программистов;https://t.me/progjob;13000;2000;true;2023-12-29T11:11:27;2023-08-15T22:23:38;2053-08-15T22:23:38;null;false
3115;pro.JVM Jobs;https://t.me/jvmjobs;13000;2000;true;2023-12-29T11:11:27;2023-08-15T22:23:38;2053-08-15T22:23:38;null;false
3116;ФРИЛАНС | ВАКАНСИИ;https://t.me/freelance_vip;13000;1000;true;2023-12-29T11:11:27;2023-08-15T22:23:38;2053-08-15T22:23:38;null;false
3117;Работа в ИТ;https://t.me/workayte;12000;1000;true;2023-12-29T11:11:27;2023-08-15T22:23:38;2053-08-15T22:23:38;null;false
3118;SMMLANCER - работа в соц.сетях!;https://t.me/smmlancer;12000;1000;true;2023-12-29T11:11:27;2023-08-15T22:23:38;2053-08-15T22:23:38;null;false
3119;Работа в медиа, дизайне и искусстве от hh.ru;https://t.me/hh_vacancy_art;12000;1000;true;2023-12-29T11:11:27;2023-08-15T22:23:38;2053-08-15T22:23:38;null;false
3120;Точка входа ⚫️ Дизайн-вакансии;https://t.me/bbe_jobs;12000;1000;true;2023-12-29T11:11:27;2023-08-15T22:23:38;2053-08-15T22:23:38;null;false
3121;WORK ON | LEADS;https://t.me/workk_onleads;12000;1000;true;2023-12-29T11:11:27;2023-08-15T22:23:38;2053-08-15T22:23:38;null;false
3122;SeoJob | Заработок в сети;https://t.me/seonewschannel;12000;2000;true;2023-12-29T11:11:27;2023-08-15T22:23:38;2053-08-15T22:23:38;null;false
3123;Самозанятый - вакансии | Фрилансеры;https://t.me/freelancesmm;12000;2000;true;2023-12-29T11:11:27;2023-08-15T22:23:38;2053-08-15T22:23:38;null;false
3124;Вакансии в IT от hh.ru;https://t.me/hh_vacancy_development;12000;2000;true;2023-12-29T11:11:27;2023-08-15T22:23:38;2053-08-15T22:23:38;null;false
3125;Работа в Диджитал;https://t.me/digitalworkr;12000;2000;true;2023-12-29T11:11:27;2023-08-15T22:23:38;2053-08-15T22:23:38;null;false
3126;Работа курьером, сборщиком, грузчиком;https://t.me/nsdkureram;12000;2000;true;2023-12-29T11:11:27;2023-08-15T22:23:38;2053-08-15T22:23:38;null;false
3127;Ищу ИЛЛЮСТРАТОРА фриланс;https://t.me/rabota_illustrator;12000;7000;true;2023-12-29T11:11:27;2023-08-15T22:23:38;2053-08-15T22:23:38;null;false
3128;GetIT jobs;https://t.me/Getitrussia;11000;1000;true;2023-12-29T11:11:27;2023-08-15T22:23:38;2053-08-15T22:23:38;null;false
3129;СОВА на ФРИЛАНСЕ;https://t.me/sova_freelance;10000;1000;true;2023-12-29T11:11:27;2023-08-15T22:23:38;2053-08-15T22:23:38;null;false
3130;IT Jobs | вакансии, фриланс;https://t.me/it_vac;10000;1000;true;2023-12-29T11:11:27;2023-08-15T22:23:38;2053-08-15T22:23:38;null;false
3131;Job for Designers;https://t.me/fordesigner;11000;1000;true;2023-12-29T11:11:27;2023-08-15T22:23:38;2053-08-15T22:23:38;null;false
3132;SuperJob Старт / Работа для студентов и молодых специалистов;https://t.me/studentsuper;10000;1000;true;2023-12-29T11:11:27;2023-08-15T22:23:38;2053-08-15T22:23:38;null;false
3133;HRC HR;https://t.me/horecahr;10000;1000;true;2023-12-29T11:11:27;2023-08-15T22:23:38;2053-08-15T22:23:38;null;false
3134;Удаленка — IT и Digital;https://t.me/theyseeku_it;10000;1000;true;2023-12-29T11:11:27;2023-08-15T22:23:38;2053-08-15T22:23:38;null;false
3135;Работа в Restor MoskoW ®️;https://t.me/RabotaRestorHoreca;10000;1000;true;2023-12-29T11:11:27;2023-08-15T22:23:38;2053-08-15T22:23:38;null;false
3136;Вакансер — Фриланс | Freelance подработка | Удаленная работа;https://t.me/vakanser_freelancer;10000;1000;true;2023-12-29T11:11:27;2023-08-15T22:23:38;2053-08-15T22:23:38;null;false
3137;Вакансии у Валеры;https://t.me/rabotauvalery;10000;1000;true;2023-12-29T11:11:27;2023-08-15T22:23:38;2053-08-15T22:23:38;null;false
3138;Java Job | Вакансии | Работа;https://t.me/job_javadevs;10000;1000;true;2023-12-29T11:11:27;2023-08-15T22:23:38;2053-08-15T22:23:38;null;false
3139;React Job | JavaScript | Вакансии;https://t.me/job_react;10000;1000;true;2023-12-29T11:11:27;2023-08-15T22:23:38;2053-08-15T22:23:38;null;false
3140;Workle Pro / Удаленная работа / Работа в интернете / Фриланс / Работа на дому / Арбитраж (CPA);https://t.me/workle_ru;10000;1000;true;2023-12-29T11:11:27;2023-08-15T22:23:38;2053-08-15T22:23:38;null;false
3141;Работа для хостес в Москве;https://t.me/expomodels;10000;1000;true;2023-12-29T11:11:27;2023-08-15T22:23:38;2053-08-15T22:23:38;null;false
3142;Workess - Freelance;https://t.me/Workesss;10000;1000;true;2023-12-29T11:11:27;2023-08-15T22:23:38;2053-08-15T22:23:38;null;false
3143;Python работа;https://t.me/pythonrabota;10000;1000;true;2023-12-29T11:11:27;2023-08-15T22:23:38;2053-08-15T22:23:38;null;false
3144;🖥 Удаленная работа • Фриланс • Удаленка;https://t.me/rabota_udalennaya;9000;1000;true;2023-12-29T11:11:27;2023-08-15T22:23:38;2053-08-15T22:23:38;null;false
3145;Работа.ру;https://t.me/rabotaru;9000;1000;true;2023-12-29T11:11:27;2023-08-15T22:23:38;2053-08-15T22:23:38;null;false
3146;Job for HR;https://t.me/forhr;9000;1000;true;2023-12-29T11:11:27;2023-08-15T22:23:38;2053-08-15T22:23:38;null;false
3147;Workzilla | Воркзилла | Фриланс | Удалёнка | Биржа фриланса;https://t.me/workzillacom;9000;1000;true;2023-12-29T11:11:27;2023-08-15T22:23:38;2053-08-15T22:23:38;null;false
3148;Копирайтер, редактор - вакансии;https://t.me/Copy_Digital;9000;1000;true;2023-12-29T11:11:27;2023-08-15T22:23:38;2053-08-15T22:23:38;null;false
3149;Работа в Digital & SMM | Фриланс и работа;https://t.me/vakanser_digital_smm;9000;1000;true;2023-12-29T11:11:27;2023-08-15T22:23:38;2053-08-15T22:23:38;null;false
3150;Работа в Сколково;https://t.me/jobskolkovo;9000;1000;true;2023-12-29T11:11:27;2023-08-15T22:23:38;2053-08-15T22:23:38;null;false
3151;Удаленная работа для HR;https://t.me/work_hr;9000;1000;true;2023-12-29T11:11:27;2023-08-15T22:23:38;2053-08-15T22:23:38;null;false
3152;PR-работа;https://t.me/prwork;9000;1000;true;2023-12-29T11:11:27;2023-08-15T22:23:38;2053-08-15T22:23:38;null;false
3153;Люди в Культуре;https://t.me/Ludivkulture;9000;1000;true;2023-12-29T11:11:27;2023-08-15T22:23:38;2053-08-15T22:23:38;null;false
3154;Работа в Правительстве Москвы;https://t.me/ugskpm;9000;1000;true;2023-12-29T11:11:27;2023-08-15T22:23:38;2053-08-15T22:23:38;null;false
3155;Работа для музыкантов;https://t.me/rdm_channel;9000;1000;true;2023-12-29T11:11:27;2023-08-15T22:23:38;2053-08-15T22:23:38;null;false
3156;Вакансии для юристов от hh.ru;https://t.me/hh_vacancy_lawyers;9000;1000;true;2023-12-29T11:11:27;2023-08-15T22:23:38;2053-08-15T22:23:38;null;false
3157;Подработка в Москве;https://t.me/promorabota;9000;1000;true;2023-12-29T11:11:27;2023-08-15T22:23:38;2053-08-15T22:23:38;null;false
3158;Вакансии по C++ — си-плюс-плюс, cpp, Си, C, STL, Boost;https://t.me/cppdevjob;9000;1000;true;2023-12-29T11:11:27;2023-08-15T22:23:38;2053-08-15T22:23:38;null;false
3159;Работа в геймдеве (вакансии);https://t.me/rabota_v_gamedeve;9000;1000;true;2023-12-29T11:11:27;2023-08-15T22:23:38;2053-08-15T22:23:38;null;false
3160;Creative Freelancer;https://t.me/Vakansi_Rus;9000;1000;true;2023-12-29T11:11:27;2023-08-15T22:23:38;2053-08-15T22:23:38;null;false
3161;Работа СПб в Санкт-Петербурге;https://t.me/SPBrabota_78;9000;1000;true;2023-12-29T11:11:27;2023-08-15T22:23:38;2053-08-15T22:23:38;null;false
3162;Работа для всех! |Вакансии, работа, фриланс, удаленная работа, работа вахтой;https://t.me/work_for_everyone;9000;1000;true;2023-12-29T11:11:27;2023-08-15T22:23:38;2053-08-15T22:23:38;null;false
3163;Работа в авиации;https://t.me/aviahh;8000;2000;true;2023-12-29T11:11:27;2023-08-15T22:23:38;2053-08-15T22:23:38;null;false
3164;WORK ON | HR;https://t.me/workk_onhr;8000;1000;true;2023-12-29T11:11:27;2023-08-15T22:23:38;2053-08-15T22:23:38;null;false
3165;IT Jobs | Вакансии в IT;https://t.me/devs_it;8000;1000;true;2023-12-29T11:11:27;2023-08-15T22:23:38;2053-08-15T22:23:38;null;false
3166;Работа для копирайтеров и редакторов;https://t.me/work_copywriters;8000;1000;true;2023-12-29T11:11:27;2023-08-15T22:23:38;2053-08-15T22:23:38;null;false
3167;JavaScript Job | Вакансии | Стажировки;https://t.me/JScript_jobs;8000;1000;true;2023-12-29T11:11:27;2023-08-15T22:23:38;2053-08-15T22:23:38;null;false
3168;Вакансии для хороших людей в Петербурге;https://t.me/goodpeople_pro;8000;1000;true;2023-12-29T11:11:27;2023-08-15T22:23:38;2053-08-15T22:23:38;null;false
3169;не волк;https://t.me/nevolk_vacancies;8000;1000;true;2023-12-29T11:11:27;2023-08-15T22:23:38;2053-08-15T22:23:38;null;false
3170;Вакансии одной строкой;https://t.me/+8GccgGZZBIg4ZTNi;8000;1000;true;2023-12-29T11:11:27;2023-08-15T22:23:38;2053-08-15T22:23:38;null;false
3171;Job for Media & Content;https://t.me/forallmedia;8000;1000;true;2023-12-29T11:11:27;2023-08-15T22:23:38;2053-08-15T22:23:38;null;false
3172;Hidden Gurus - Remote IT;https://t.me/hiddengurus;8000;1000;true;2023-12-29T11:11:27;2023-08-15T22:23:38;2053-08-15T22:23:38;null;false
3173;Рекламодром: таргетолог, директолог, контекстолог, настройка рекламы ВК и Телеграм;https://t.me/reklamodromo;8000;1000;true;2023-12-29T11:11:27;2023-08-15T22:23:38;2053-08-15T22:23:38;null;false
3174;Удалёнщики;https://t.me/zapwork1;8000;1000;true;2023-12-29T11:11:27;2023-08-15T22:23:38;2053-08-15T22:23:38;null;false
3175;Работа для Вас в Санкт-Петербурге | СПб;https://t.me/rdw_spb;8000;1000;true;2023-12-29T11:11:27;2023-08-15T22:23:38;2053-08-15T22:23:38;null;false
3176;Моя смена - подработка рядом с домом;https://t.me/myshift_podrabotka;8000;1000;true;2023-12-29T11:11:27;2023-08-15T22:23:38;2053-08-15T22:23:38;null;false
3177;Java jobs — вакансии для java-разработчиков;https://t.me/javadevjob;8000;1000;true;2023-12-29T11:11:27;2023-08-15T22:23:38;2053-08-15T22:23:38;null;false
3178;Вакансии | удаленная работа;https://t.me/workremotejob;7000;1000;true;2023-12-29T11:11:27;2023-08-15T22:23:38;2053-08-15T22:23:38;null;false
3179;Войти в айти: IT вакансии на удаленке.;https://t.me/freelanceworkhome;7000;1000;true;2023-12-29T11:11:27;2023-08-15T22:23:38;2053-08-15T22:23:38;null;false
3180;Вакансии для фрилансеров, удаленная работа;https://t.me/kadrof_work;7000;1000;true;2023-12-29T11:11:27;2023-08-15T22:23:38;2053-08-15T22:23:38;null;false
3181;EMCR jobs;https://t.me/EMCR_jobs;7000;1000;true;2023-12-29T11:11:27;2023-08-15T22:23:38;2053-08-15T22:23:38;null;false
3182;Вакансии для начинающих разработчиков, тестировщиков и аналитиков;https://t.me/junior_vacancies;7000;1000;true;2023-12-29T11:11:27;2023-08-15T22:23:38;2053-08-15T22:23:38;null;false
3183;AviaCareer | Работа в авиации;https://t.me/aviacareer_official;7000;3000;true;2023-12-29T11:11:27;2023-08-15T22:23:38;2053-08-15T22:23:38;null;false
3184;+1 в команду Яндекс Практикума;https://t.me/practicum_experts;7000;3000;true;2023-12-29T11:11:27;2023-08-15T22:23:38;2053-08-15T22:23:38;null;false
3185;Переводы и переводчики;https://t.me/translationsTranslators;7000;3000;true;2023-12-29T11:11:27;2023-08-15T22:23:38;2053-08-15T22:23:38;null;false
3186;Джобстудей;https://t.me/jobsRT;7000;1000;true;2023-12-29T11:11:27;2023-08-15T22:23:38;2053-08-15T22:23:38;null;false
3187;Dart Jobs;https://t.me/dartlang_jobs;7000;2000;true;2023-12-29T11:11:27;2023-08-15T22:23:38;2053-08-15T22:23:38;null;false
3188;ТАВРИДА.ВАКАНСИИ;https://t.me/tavridahh;7000;9000;true;2023-12-29T11:11:27;2023-08-15T22:23:38;2053-08-15T22:23:38;null;false
3189;Freelance — Удаленка;https://t.me/freelanceydalenka;7000;1000;true;2023-12-29T11:11:27;2023-08-15T22:23:38;2053-08-15T22:23:38;null;false
3190;Работа в «Норникеле»;https://t.me/rabotanornickel;7000;1000;true;2023-12-29T11:11:27;2023-08-15T22:23:38;2053-08-15T22:23:38;null;false
3191;Работа в спорте;https://t.me/sport_rabota;7000;2000;true;2023-12-29T11:11:27;2023-08-15T22:23:38;2053-08-15T22:23:38;null;false
3192;SMM LEADS;https://t.me/smm_leads;7000;2000;true;2023-12-29T11:11:27;2023-08-15T22:23:38;2053-08-15T22:23:38;null;false
3193;HOMEWORK | Удаленная работа| Фриланс;https://t.me/homework_kk;7000;2000;true;2023-12-29T11:11:27;2023-08-15T22:23:38;2053-08-15T22:23:38;null;false
3194;Вакансии для Python-разработчиков / Python Jobs;https://t.me/ru_pythonjobs;7000;2000;true;2023-12-29T11:11:27;2023-08-15T22:23:38;2053-08-15T22:23:38;null;false
3195;💉Pharma&Medical Recruitment, Вакансии в Фарме, Работа в Фарме;https://t.me/pharmed_recruitment;7000;2000;true;2023-12-29T11:11:27;2023-08-15T22:23:38;2053-08-15T22:23:38;null;false
3196;Data jobs feed;https://t.me/datajobschannel;7000;2000;true;2023-12-29T11:11:27;2023-08-15T22:23:38;2053-08-15T22:23:38;null;false
3197;Работа для программиста | IT вакансии;https://t.me/program_job;7000;2000;true;2023-12-29T11:11:27;2023-08-15T22:23:38;2053-08-15T22:23:38;null;false
3198;RuSecJobs Channel;https://t.me/RuSecJobs;7000;3000;true;2023-12-29T11:11:27;2023-08-15T22:23:38;2053-08-15T22:23:38;null;false
3199;Форум Ассистентов Стоматолога ⚡️;https://t.me/forumdentalassistant;7000;1000;true;2023-12-29T11:11:27;2023-08-15T22:23:38;2053-08-15T22:23:38;null;false
3200;РАБОТА ОТ ЕНОТА;https://t.me/workenot;7000;1000;true;2023-12-29T11:11:27;2023-08-15T22:23:38;2053-08-15T22:23:38;null;false
3201;Альфа-Банк;https://t.me/AlfaBank;673000;662000;true;2023-12-29T11:11:27;2023-08-15T22:23:38;2053-08-15T22:23:38;null;false
3202;Сбер;https://t.me/sberbank;665000;173000;true;2023-12-29T11:11:27;2023-08-15T22:23:38;2053-08-15T22:23:38;null;false
3203;Тинькофф;https://t.me/tinkoffbank;278000;65000;true;2023-12-29T11:11:27;2023-08-15T22:23:38;2053-08-15T22:23:38;null;false
3204;ВТБ;https://t.me/bankvtb;261000;123000;true;2023-12-29T11:11:27;2023-08-15T22:23:38;2053-08-15T22:23:38;null;false
3205;Банк России;https://t.me/centralbank_russia;148000;46000;true;2023-12-29T11:11:27;2023-08-15T22:23:38;2053-08-15T22:23:38;null;false
3206;Мультибонус;https://t.me/multibonusnews;105000;35000;true;2023-12-29T11:11:27;2023-08-15T22:23:38;2053-08-15T22:23:38;null;false
3207;Газпромбанк;https://t.me/gazprombank;103000;35000;true;2023-12-29T11:11:27;2023-08-15T22:23:38;2053-08-15T22:23:38;null;false
3208;МТС Банк;https://t.me/mts_bank_official;89000;28000;true;2023-12-29T11:11:27;2023-08-15T22:23:38;2053-08-15T22:23:38;null;false
3209;Райффайзен Банк;https://t.me/Raiffeisenbankrus;70000;35000;true;2023-12-29T11:11:27;2023-08-15T22:23:38;2053-08-15T22:23:38;null;false
3210;Почта Банк;https://t.me/pochtabank;51000;9000;true;2023-12-29T11:11:27;2023-08-15T22:23:38;2053-08-15T22:23:38;null;false
3211;Банк РНКБ;https://t.me/rncb_official;41000;13000;true;2023-12-29T11:11:27;2023-08-15T22:23:38;2053-08-15T22:23:38;null;false
3212;Справочная;https://t.me/spravochnaya;32000;3000;true;2023-12-29T11:11:27;2023-08-15T22:23:38;2053-08-15T22:23:38;null;false
3213;Банк «Открытие»;https://t.me/otkritie;24000;9000;true;2023-12-29T11:11:27;2023-08-15T22:23:38;2053-08-15T22:23:38;null;false
3214;Ак Барс Банк;https://t.me/akbars_ru;20000;6000;true;2023-12-29T11:11:27;2023-08-15T22:23:38;2053-08-15T22:23:38;null;false
3215;ПСБ;https://t.me/psbbank;19000;4000;true;2023-12-29T11:11:27;2023-08-15T22:23:38;2053-08-15T22:23:38;null;false
3216;МКБ;https://t.me/mkbbank;17000;7000;true;2023-12-29T11:11:27;2023-08-15T22:23:38;2053-08-15T22:23:38;null;false
3217;РСХБ;https://t.me/rshb_tg;15000;7000;true;2023-12-29T11:11:27;2023-08-15T22:23:38;2053-08-15T22:23:38;null;false
3218;Банк ДОМ.РФ;https://t.me/domrf_bank;12000;3000;true;2023-12-29T11:11:27;2023-08-15T22:23:38;2053-08-15T22:23:38;null;false
3219;Ренессанс Банк;https://t.me/ren_bank;12000;1000;true;2023-12-29T11:11:27;2023-08-15T22:23:38;2053-08-15T22:23:38;null;false
3220;Ozon Банк;https://t.me/ozon_bank_official;9000;12000;true;2023-12-29T11:11:27;2023-08-15T22:23:38;2053-08-15T22:23:38;null;false
3221;Модульбанк;https://t.me/modulnews;9000;3000;true;2023-12-29T11:11:27;2023-08-15T22:23:38;2053-08-15T22:23:38;null;false
3222;Росбанк без границ;https://t.me/rosbank_remote;4000;1000;true;2023-12-29T11:11:27;2023-08-15T22:23:38;2053-08-15T22:23:38;null;false
3223;Совкомбанк для бизнеса;https://t.me/sovcomb;4000;1000;true;2023-12-29T11:11:27;2023-08-15T22:23:38;2053-08-15T22:23:38;null;false
3224;Банк ЗЕНИТ;https://t.me/bankzenit;3000;1000;true;2023-12-29T11:11:27;2023-08-15T22:23:38;2053-08-15T22:23:38;null;false
3225;НС Банк;https://t.me/ns_bank;1000;1000;true;2023-12-29T11:11:27;2023-08-15T22:23:38;2053-08-15T22:23:38;null;false
3226;Делобанк - банк для бизнеса;https://t.me/DeloBankofficial;1000;1000;true;2023-12-29T11:11:27;2023-08-15T22:23:38;2053-08-15T22:23:38;null;false
3227;Банк РостФинанс;https://t.me/bankrostfinance;1000;1000;true;2023-12-29T11:11:27;2023-08-15T22:23:38;2053-08-15T22:23:38;null;false
3228;FMCG Report;https://t.me/fmcg_ru;26000;5000;true;2023-12-29T11:11:27;2023-08-15T22:23:38;2053-08-15T22:23:38;null;false
3229;Свободная касса (ритейл & e-com);https://t.me/svobodakassa;25000;5000;true;2023-12-29T11:11:27;2023-08-15T22:23:38;2053-08-15T22:23:38;null;false
3230;RETAILER.ru - новости;https://t.me/retailer_news;16000;3000;true;2023-12-29T11:11:27;2023-08-15T22:23:38;2053-08-15T22:23:38;null;false
3231;Ритейлер Свифт;https://t.me/retailerswift;14000;4000;true;2023-12-29T11:11:27;2023-08-15T22:23:38;2053-08-15T22:23:38;null;false
3232;Retail.ru - пишем о ритейле каждый день;https://t.me/retail_ru;13000;3000;true;2023-12-29T11:11:27;2023-08-15T22:23:38;2053-08-15T22:23:38;null;false
3233;Shopper’s;https://t.me/newspotreb;12000;1000;true;2023-12-29T11:11:27;2023-08-15T22:23:38;2053-08-15T22:23:38;null;false
3234;New Retail;https://t.me/NewRetail;7000;1000;true;2023-12-29T11:11:27;2023-08-15T22:23:38;2053-08-15T22:23:38;null;false
3235;Retail Today;https://t.me/retailtoday;7000;1000;true;2023-12-29T11:11:27;2023-08-15T22:23:38;2053-08-15T22:23:38;null;false
3236;ПродуктМедиа;https://t.me/producttoday;5000;2000;true;2023-12-29T11:11:27;2023-08-15T22:23:38;2053-08-15T22:23:38;null;false
3237;Retail;https://t.me/retail;3000;1000;true;2023-12-29T11:11:27;2023-08-15T22:23:38;2053-08-15T22:23:38;null;false
3238;Top Retail;https://t.me/top_retail;2000;3000;true;2023-12-29T11:11:27;2023-08-15T22:23:38;2053-08-15T22:23:38;null;false
3239;ОКОЛОРИТЕЙЛ;https://t.me/Okoloretail;2000;1000;true;2023-12-29T11:11:27;2023-08-15T22:23:38;2053-08-15T22:23:38;null;false
3240;АНТИРИТЕЙЛ ⚫️;https://t.me/ANTIRETAIL;2000;1000;true;2023-12-29T11:11:27;2023-08-15T22:23:38;2053-08-15T22:23:38;null;false
3241;РИТЕЙЛ БУДУЩЕГО;https://t.me/retailfuture;1000;1000;true;2023-12-29T11:11:27;2023-08-15T22:23:38;2053-08-15T22:23:38;null;false
3242;Retail&Loyalty: розница, e-commerce, инновации;https://t.me/retailloyaltyjournal;1000;1000;true;2023-12-29T11:11:27;2023-08-15T22:23:38;2053-08-15T22:23:38;null;false
3243;Решения для ритейла и производства;https://t.me/retail_cases;1000;1000;true;2023-12-29T11:11:27;2023-08-15T22:23:38;2053-08-15T22:23:38;null;false
3244;#ГипермаркеР для СЕО;https://t.me/Hipermarker;1000;1000;true;2023-12-29T11:11:27;2023-08-15T22:23:38;2053-08-15T22:23:38;null;false
3245;ТЕХМИКА;https://t.me/tehmika;1000;1000;true;2023-12-29T11:11:27;2023-08-15T22:23:38;2053-08-15T22:23:38;null;false
3246;Сегодня в тренде;https://t.me/trends;522000;75000;true;2023-12-29T11:11:27;2023-08-15T22:23:38;2053-08-15T22:23:38;null;false
3247;Точка роста;https://t.me/TochkaUP;211000;24000;true;2023-12-29T11:11:27;2023-08-15T22:23:38;2053-08-15T22:23:38;null;false
3248;Акула Бизнеса;https://t.me/SharksBz;158000;20000;true;2023-12-29T11:11:27;2023-08-15T22:23:38;2053-08-15T22:23:38;null;false
3249;PRO Бизнес;https://t.me/PRO_biz_channel;89000;2000;true;2023-12-29T11:11:27;2023-08-15T22:23:38;2053-08-15T22:23:38;null;false
3250;Стартапная | Тренды и бизнес;https://t.me/startapnaya;86000;4000;true;2023-12-29T11:11:27;2023-08-15T22:23:38;2053-08-15T22:23:38;null;false
3251;В школе этому не учат | Бизнес & Digital;https://t.me/delaumoney;75000;3000;true;2023-12-29T11:11:27;2023-08-15T22:23:38;2053-08-15T22:23:38;null;false
3252;Бизнес по-русски;https://t.me/biz1ru;67000;7000;true;2023-12-29T11:11:27;2023-08-15T22:23:38;2053-08-15T22:23:38;null;false
3253;О Бизнесе;https://t.me/business_ru;62000;7000;true;2023-12-29T11:11:27;2023-08-15T22:23:38;2053-08-15T22:23:38;null;false
3254;Стартап дня. Александр Горный.;https://t.me/startupoftheday;52000;6000;true;2023-12-29T11:11:27;2023-08-15T22:23:38;2053-08-15T22:23:38;null;false
3255;Слияние с поглощением;https://t.me/RUmerger;49000;5000;true;2023-12-29T11:11:27;2023-08-15T22:23:38;2053-08-15T22:23:38;null;false
3256;Басов про стартапы;https://t.me/zeroton;43000;2000;true;2023-12-29T11:11:27;2023-08-15T22:23:38;2053-08-15T22:23:38;null;false
3257;БИЗНЕС ИДЕИ;https://t.me/biznes;37000;2000;true;2023-12-29T11:11:27;2023-08-15T22:23:38;2053-08-15T22:23:38;null;false
3258;Современный Бизнес;https://t.me/truebusiness;37000;1000;true;2023-12-29T11:11:27;2023-08-15T22:23:38;2053-08-15T22:23:38;null;false
3259;Агрономика;https://t.me/agro_nomika;28000;7000;true;2023-12-29T11:11:27;2023-08-15T22:23:38;2053-08-15T22:23:38;null;false
3260;The Edinorog 🦄;https://t.me/Theedinorogblog;26000;4000;true;2023-12-29T11:11:27;2023-08-15T22:23:38;2053-08-15T22:23:38;null;false
3261;Беспощадный ритейл;https://t.me/b_retail;19000;6000;true;2023-12-29T11:11:27;2023-08-15T22:23:38;2053-08-15T22:23:38;null;false
3262;Бизнес-культура;https://t.me/bizcult;19000;1000;true;2023-12-29T11:11:27;2023-08-15T22:23:38;2053-08-15T22:23:38;null;false
3263;Russian Business // Русский бизнес;https://t.me/russianbizzz;16000;2000;true;2023-12-29T11:11:27;2023-08-15T22:23:38;2053-08-15T22:23:38;null;false
3264;Skolkovo Leaks;https://t.me/skolkovoleaks;17000;2000;true;2023-12-29T11:11:27;2023-08-15T22:23:38;2053-08-15T22:23:38;null;false
3265;Кинетика: бизнес и технологии;https://t.me/kineticstartup;15000;5000;true;2023-12-29T11:11:27;2023-08-15T22:23:38;2053-08-15T22:23:38;null;false
3266;Ритейлер Свифт;https://t.me/retailerswift;14000;4000;true;2023-12-29T11:11:27;2023-08-15T22:23:38;2053-08-15T22:23:38;null;false
3267;Бизнес-войны🔥💸;https://t.me/biz_wars;14000;2000;true;2023-12-29T11:11:27;2023-08-15T22:23:38;2053-08-15T22:23:38;null;false
3268;ОАЭ | Деловые новости;https://t.me/uaebusinessnews;11000;1000;true;2023-12-29T11:11:27;2023-08-15T22:23:38;2053-08-15T22:23:38;null;false
3269;Стройся Москва • Новостройки;https://t.me/MoscowNedvizh;7000;3000;true;2023-12-29T11:11:27;2023-08-15T22:23:38;2053-08-15T22:23:38;null;false
3270;Безрозницы | Новости ритейла;https://t.me/ofd_ru;6000;1000;true;2023-12-29T11:11:27;2023-08-15T22:23:38;2053-08-15T22:23:38;null;false
3271;Фудтех в России;https://t.me/foodtech_russia;3000;1000;true;2023-12-29T11:11:27;2023-08-15T22:23:38;2053-08-15T22:23:38;null;false
3272;Strategy Partners. Официальный аккаунт;https://t.me/StrategyPartners;2000;1000;true;2023-12-29T11:11:27;2023-08-15T22:23:38;2053-08-15T22:23:38;null;false
3273;E-com в России;https://t.me/ecom_russia;1000;1000;true;2023-12-29T11:11:27;2023-08-15T22:23:38;2053-08-15T22:23:38;null;false
3274;Retail&Loyalty: розница, e-commerce, инновации;https://t.me/retailloyaltyjournal;1000;1000;true;2023-12-29T11:11:27;2023-08-15T22:23:38;2053-08-15T22:23:38;null;false
3275;Банки, деньги, два офшора;https://t.me/bankrollo;294000;69000;true;2023-12-29T11:11:27;2023-08-15T22:23:38;2053-08-15T22:23:38;null;false
3276;Forbes Russia;https://t.me/forbesrussia;235000;26000;true;2023-12-29T11:11:27;2023-08-15T22:23:38;2053-08-15T22:23:38;null;false
3277;Анастасия Тарасова Nastya_Docs;https://t.me/nastya_docs;173000;59000;true;2023-12-29T11:11:27;2023-08-15T22:23:38;2053-08-15T22:23:38;null;false
3278;Лимон на чай;https://t.me/lemonfortea;157000;10000;true;2023-12-29T11:11:27;2023-08-15T22:23:38;2053-08-15T22:23:38;null;false
3279;Мысли-НеМысли;https://t.me/mislinemisli;149000;47000;true;2023-12-29T11:11:27;2023-08-15T22:23:38;2053-08-15T22:23:38;null;false
3280;Простая Экономика;https://t.me/biznes_financi_ekonomika;148000;11000;true;2023-12-29T11:11:27;2023-08-15T22:23:38;2053-08-15T22:23:38;null;false
3281;Экономика;https://t.me/economika;137000;45000;true;2023-12-29T11:11:27;2023-08-15T22:23:38;2053-08-15T22:23:38;null;false
3282;Труба под Неглинной;https://t.me/trubapodneglinnoy;124000;33000;true;2023-12-29T11:11:27;2023-08-15T22:23:38;2053-08-15T22:23:38;null;false
3283;Чёрный Лебедь;https://t.me/swaneconomy;119000;18000;true;2023-12-29T11:11:27;2023-08-15T22:23:38;2053-08-15T22:23:38;null;false
3284;Т—Ж;https://t.me/tinkoffjournal;107000;12000;true;2023-12-29T11:11:27;2023-08-15T22:23:38;2053-08-15T22:23:38;null;false
3285;Кролик с Неглинной;https://t.me/finkrolik;107000;26000;true;2023-12-29T11:11:27;2023-08-15T22:23:38;2053-08-15T22:23:38;null;false
3286;MMI;https://t.me/russianmacro;106000;15000;true;2023-12-29T11:11:27;2023-08-15T22:23:38;2053-08-15T22:23:38;null;false
3287;Spydell_finance;https://t.me/spydell_finance;104000;38000;true;2023-12-29T11:11:27;2023-08-15T22:23:38;2053-08-15T22:23:38;null;false
3288;IF News;https://t.me/if_market_news;101000;24000;true;2023-12-29T11:11:27;2023-08-15T22:23:38;2053-08-15T22:23:38;null;false
3289;Небрехня;https://t.me/nebrexnya;96000;40000;true;2023-12-29T11:11:27;2023-08-15T22:23:38;2053-08-15T22:23:38;null;false
3290;Наше всё (Черный понедельник);https://t.me/blackponed;90000;24000;true;2023-12-29T11:11:27;2023-08-15T22:23:38;2053-08-15T22:23:38;null;false
3291;Больная экономика;https://t.me/bolecon;75000;44000;true;2023-12-29T11:11:27;2023-08-15T22:23:38;2053-08-15T22:23:38;null;false
3292;ECWORLD: экономика, прогнозы;https://t.me/ecworld;74000;23000;true;2023-12-29T11:11:27;2023-08-15T22:23:38;2053-08-15T22:23:38;null;false
3293;Bankiros.ru 📣;https://t.me/bankirosru;58000;10000;true;2023-12-29T11:11:27;2023-08-15T22:23:38;2053-08-15T22:23:38;null;false
3294;Proeconomics;https://t.me/proeconomics;57000;8000;true;2023-12-29T11:11:27;2023-08-15T22:23:38;2053-08-15T22:23:38;null;false
3295;Мой бизнес;https://t.me/moibiz;53000;9000;true;2023-12-29T11:11:27;2023-08-15T22:23:38;2053-08-15T22:23:38;null;false
3296;ПРАЙМ;https://t.me/prime1;47000;8000;true;2023-12-29T11:11:27;2023-08-15T22:23:38;2053-08-15T22:23:38;null;false
3297;BlackAudit;https://t.me/BlackAudit;46000;4000;true;2023-12-29T11:11:27;2023-08-15T22:23:38;2053-08-15T22:23:38;null;false
3298;Кот Эльвиры;https://t.me/KotElviry;45000;10000;true;2023-12-29T11:11:27;2023-08-15T22:23:38;2053-08-15T22:23:38;null;false
3299;Бла-бла-номика;https://t.me/blablanomika;40000;10000;true;2023-12-29T11:11:27;2023-08-15T22:23:38;2053-08-15T22:23:38;null;false
3300;ВЫБЕРУ.РУ - помогаем экономить;https://t.me/vbr_ru;37000;5000;true;2023-12-29T11:11:27;2023-08-15T22:23:38;2053-08-15T22:23:38;null;false
3301;Русский экономизм;https://t.me/russianeconomism;37000;4000;true;2023-12-29T11:11:27;2023-08-15T22:23:38;2053-08-15T22:23:38;null;false
3302;Дивидендный миллионер;https://t.me/Div_millioner;32000;6000;true;2023-12-29T11:11:27;2023-08-15T22:23:38;2053-08-15T22:23:38;null;false
3303;ECWORLD NEWS;https://t.me/Div_millioner;32000;14000;true;2023-12-29T11:11:27;2023-08-15T22:23:38;2053-08-15T22:23:38;null;false
3304;ЕБИТДА;https://t.me/ebitdaebitda;31000;6000;true;2023-12-29T11:11:27;2023-08-15T22:23:38;2053-08-15T22:23:38;null;false
3305;Frank Media;https://t.me/frank_media;22000;5000;true;2023-12-29T11:11:27;2023-08-15T22:23:38;2053-08-15T22:23:38;null;false
3306;Хедлайнер. Бизнес Журнал;https://t.me/HeadlinerJournal;21000;2000;true;2023-12-29T11:11:27;2023-08-15T22:23:38;2053-08-15T22:23:38;null;false
3307;Родина вас не забудет!;https://t.me/sanderru;22000;3000;true;2023-12-29T11:11:27;2023-08-15T22:23:38;2053-08-15T22:23:38;null;false
3308;Физики и Юрики;https://t.me/FizAndYur;20000;1000;true;2023-12-29T11:11:27;2023-08-15T22:23:38;2053-08-15T22:23:38;null;false
3309;Финсайд;https://t.me/finside;20000;10000;true;2023-12-29T11:11:27;2023-08-15T22:23:38;2053-08-15T22:23:38;null;false
3310;Экономика;https://t.me/finance_global;20000;2000;true;2023-12-29T11:11:27;2023-08-15T22:23:38;2053-08-15T22:23:38;null;false
3311;Секрет фирмы;https://t.me/businesssecrets;15000;1000;true;2023-12-29T11:11:27;2023-08-15T22:23:38;2053-08-15T22:23:38;null;false
3312;Сигналы РЦБ Крипто;https://t.me/usa100cks;14000;3000;true;2023-12-29T11:11:27;2023-08-15T22:23:38;2053-08-15T22:23:38;null;false
3313;Бизнес-войны🔥💸;https://t.me/biz_wars;14000;4000;true;2023-12-29T11:11:27;2023-08-15T22:23:38;2053-08-15T22:23:38;null;false
3314;Русский Инсайдер;https://t.me/RFinsider;13000;2000;true;2023-12-29T11:11:27;2023-08-15T22:23:38;2053-08-15T22:23:38;null;false
3315;PAYPAL РОССИЯ - ситуация, новости, альтернативные решения.;https://t.me/paypalrussiasituation;9000;2000;true;2023-12-29T11:11:27;2023-08-15T22:23:38;2053-08-15T22:23:38;null;false
3316;Frank Media Invest;https://t.me/fm_invest;5000;1000;true;2023-12-29T11:11:27;2023-08-15T22:23:38;2053-08-15T22:23:38;null;false
3317;Сибирский. Новостной;https://t.me/sibir_inform;4000;2000;true;2023-12-29T11:11:27;2023-08-15T22:23:38;2053-08-15T22:23:38;null;false
3318;Рисовая Лапша | Китайская экономика;https://t.me/RisovayaLapsha;4000;1000;true;2023-12-29T11:11:27;2023-08-15T22:23:38;2053-08-15T22:23:38;null;false
3319;Финансовый ПУЛЬС;https://t.me/financial_pulse;4000;1000;true;2023-12-29T11:11:27;2023-08-15T22:23:38;2053-08-15T22:23:38;null;false
3320;ФинПлан;https://t.me/fin_plans;4000;1000;true;2023-12-29T11:11:27;2023-08-15T22:23:38;2053-08-15T22:23:38;null;false
3321;МосБиржа | News;https://t.me/inmoex;3000;1000;true;2023-12-29T11:11:27;2023-08-15T22:23:38;2053-08-15T22:23:38;null;false
3322;Профита нет. А если найду?;https://t.me/profitanet;188000;25000;true;2023-12-29T11:11:27;2023-08-15T22:23:38;2053-08-15T22:23:38;null;false
3323;headlines;https://t.me/headlines_for_traders;132000;25000;true;2023-12-29T11:11:27;2023-08-15T22:23:38;2053-08-15T22:23:38;null;false
3324;ProfitGate - Инвестиции, Трейдинг, Экономика.;https://t.me/ProfitGate;86000;24000;true;2023-12-29T11:11:27;2023-08-15T22:23:38;2053-08-15T22:23:38;null;false
3325;Биржевик | Акции;https://t.me/birzhevikstocksofficial2;68000;20000;true;2023-12-29T11:11:27;2023-08-15T22:23:38;2053-08-15T22:23:38;null;false
3326;Сын Баффета | Инвестиции;https://t.me/SonBuffet;65000;8000;true;2023-12-29T11:11:27;2023-08-15T22:23:38;2053-08-15T22:23:38;null;false
3327;Антихрупкий Трейдинг;https://t.me/antifragile_trading;38000;6000;true;2023-12-29T11:11:27;2023-08-15T22:23:38;2053-08-15T22:23:38;null;false
3328;MonsterTraders;https://t.me/monstertraders;27000;3000;true;2023-12-29T11:11:27;2023-08-15T22:23:38;2053-08-15T22:23:38;null;false
3329;SvetaFX / Trade Waves;https://t.me/SvetaFXTradingBlog;23000;4000;true;2023-12-29T11:11:27;2023-08-15T22:23:38;2053-08-15T22:23:38;null;false
3330;BOTTEGA INVESTA️ 🍀;https://t.me/bottega_investa;21000;2000;true;2023-12-29T11:11:27;2023-08-15T22:23:38;2053-08-15T22:23:38;null;false
3331;Сигналы от Михалыча;https://t.me/Signal_Mihalicha;18000;3000;true;2023-12-29T11:11:27;2023-08-15T22:23:38;2053-08-15T22:23:38;null;false
3332;Твой инвестор;https://t.me/tvoyinv;19000;5000;true;2023-12-29T11:11:27;2023-08-15T22:23:38;2053-08-15T22:23:38;null;false
3333;TRADE SYSTEM 🚀;https://t.me/TRADE_SYSTEM007;17000;6000;true;2023-12-29T11:11:27;2023-08-15T22:23:38;2053-08-15T22:23:38;null;false
3334;Рынок Инсайдов;https://t.me/MarketInsiders;12000;2000;true;2023-12-29T11:11:27;2023-08-15T22:23:38;2053-08-15T22:23:38;null;false
3335;Трейдер book аналитика;https://t.me/trader_book;12000;4000;true;2023-12-29T11:11:27;2023-08-15T22:23:38;2053-08-15T22:23:38;null;false
3336;Cash инвестиции;https://t.me/milzhenyacash;12000;3000;true;2023-12-29T11:11:27;2023-08-15T22:23:38;2053-08-15T22:23:38;null;false
3337;Лови Инсайд!;https://t.me/CatchSignals;9000;2000;true;2023-12-29T11:11:27;2023-08-15T22:23:38;2053-08-15T22:23:38;null;false
3338;Трейдер в очках;https://t.me/rynok_znania;8000;4000;true;2023-12-29T11:11:27;2023-08-15T22:23:38;2053-08-15T22:23:38;null;false
3339;ПРО РЫНОК;https://t.me/scalpon;5000;1000;true;2023-12-29T11:11:27;2023-08-15T22:23:38;2053-08-15T22:23:38;null;false
3340;Intraday Trading ( Интрадей с Сашей Питер);https://t.me/Intraday_Trading_MMVB;5000;1000;true;2023-12-29T11:11:27;2023-08-15T22:23:38;2053-08-15T22:23:38;null;false
3341;Раскрытие корпоративной информации;https://t.me/Information_disclosure;5000;1000;true;2023-12-29T11:11:27;2023-08-15T22:23:38;2053-08-15T22:23:38;null;false
3342;Thor INV;https://t.me/Thor_INV;4000;2000;true;2023-12-29T11:11:27;2023-08-15T22:23:38;2053-08-15T22:23:38;null;false
3343;RANKS Инвестиции в Акции;https://t.me/RanksInvest;4000;1000;true;2023-12-29T11:11:27;2023-08-15T22:23:38;2053-08-15T22:23:38;null;false
3344;PROFTAKE;https://t.me/PR0FT4KE;4000;1000;true;2023-12-29T11:11:27;2023-08-15T22:23:38;2053-08-15T22:23:38;null;false
3345;Bogdanoff invest (теханализ, акции, инвестиции);https://t.me/bogdanoffinvest;3000;1000;true;2023-12-29T11:11:27;2023-08-15T22:23:38;2053-08-15T22:23:38;null;false
3346;Инвестиции MegaStrategy;https://t.me/Mega_Strategy;3000;1000;true;2023-12-29T11:11:27;2023-08-15T22:23:38;2053-08-15T22:23:38;null;false
3347;EST Trading | Evgeny Tarasov;https://t.me/EST_Evgeny_Tarasov;3000;1000;true;2023-12-29T11:11:27;2023-08-15T22:23:38;2053-08-15T22:23:38;null;false
3348;Holy Finance;https://t.me/holyfinance;2000;1000;true;2023-12-29T11:11:27;2023-08-15T22:23:38;2053-08-15T22:23:38;null;false
3349;Недвижимость инсайды;https://t.me/propertyinsider;80000;16000;true;2023-12-29T11:11:27;2023-08-15T22:23:38;2053-08-15T22:23:38;null;false
3350;По уши в Бетоне • О Недвижимости;https://t.me/nedvizhimost_beton;72000;12000;true;2023-12-29T11:11:27;2023-08-15T22:23:38;2053-08-15T22:23:38;null;false
3351;Недвижимость Москвы;https://t.me/mosnedviga24;63000;6000;true;2023-12-29T11:11:27;2023-08-15T22:23:38;2053-08-15T22:23:38;null;false
3352;Смирнов Недвижимость | Vysotsky Estate;https://t.me/ogo_nedviga;62000;15000;true;2023-12-29T11:11:27;2023-08-15T22:23:38;2053-08-15T22:23:38;null;false
3353;Авито Недвижимость;https://t.me/avito_re_pro;48000;5000;true;2023-12-29T11:11:27;2023-08-15T22:23:38;2053-08-15T22:23:38;null;false
3354;Novostroyman. Москва. Недвижимость;https://t.me/novostroyman;44000;6000;true;2023-12-29T11:11:27;2023-08-15T22:23:38;2053-08-15T22:23:38;null;false
3355;Недвижа;https://t.me/nedvizha;44000;4000;true;2023-12-29T11:11:27;2023-08-15T22:23:38;2053-08-15T22:23:38;null;false
3356;Квадратный Мэтр;https://t.me/kvadratnymaster;43000;12000;true;2023-12-29T11:11:27;2023-08-15T22:23:38;2053-08-15T22:23:38;null;false
3357;ЖКХ;https://t.me/gkhvsem;41000;10000;true;2023-12-29T11:11:27;2023-08-15T22:23:38;2053-08-15T22:23:38;null;false
3358;Ипотека и недвижимость;https://t.me/ipotekahouse;37000;5000;true;2023-12-29T11:11:27;2023-08-15T22:23:38;2053-08-15T22:23:38;null;false
3359;Недвижимость Воробьева;https://t.me/nedvizhvor;37000;6000;true;2023-12-29T11:11:27;2023-08-15T22:23:38;2053-08-15T22:23:38;null;false
3360;РИА Недвижимость;https://t.me/ria_realty;31000;3000;true;2023-12-29T11:11:27;2023-08-15T22:23:38;2053-08-15T22:23:38;null;false
3361;Монолит;https://t.me/monolitniy;25000;5000;true;2023-12-29T11:11:27;2023-08-15T22:23:38;2053-08-15T22:23:38;null;false
3362;ИЖС в России;https://t.me/weartrack;20000;4000;true;2023-12-29T11:11:27;2023-08-15T22:23:38;2053-08-15T22:23:38;null;false
3363;Наследство и недвижимость;https://t.me/realestate_inheritance1;18000;2000;true;2023-12-29T11:11:27;2023-08-15T22:23:38;2053-08-15T22:23:38;null;false
3364;X10 Недвижимость;https://t.me/realestate_inheritance1;17000;2000;true;2023-12-29T11:11:27;2023-08-15T22:23:38;2053-08-15T22:23:38;null;false
3366;Ипотека в России. Новости и аналитика;https://t.me/rusipoteka;16000;2000;true;2023-12-29T11:11:27;2023-08-15T22:23:38;2053-08-15T22:23:38;null;false
3367;Подешевело МСК;https://t.me/podeshevelo_msk;16000;4000;true;2023-12-29T11:11:27;2023-08-15T22:23:38;2053-08-15T22:23:38;null;false
3368;Top Realty;https://t.me/toprlt;15000;4000;true;2023-12-29T11:11:27;2023-08-15T22:23:38;2053-08-15T22:23:38;null;false
3369;Кровь и Бетон;https://t.me/blood_concrete;15000;2000;true;2023-12-29T11:11:27;2023-08-15T22:23:38;2053-08-15T22:23:38;null;false
3370;Треугольный метр;https://t.me/Bevzenkocom;14000;4000;true;2023-12-29T11:11:27;2023-08-15T22:23:38;2053-08-15T22:23:38;null;false
3371;2% - Владимир Недыхалов;https://t.me/dva_procenta;12000;10000;true;2023-12-29T11:11:27;2023-08-15T22:23:38;2053-08-15T22:23:38;null;false
3372;Новостройка по расчету;https://t.me/nporaschetu;12000;3000;true;2023-12-29T11:11:27;2023-08-15T22:23:38;2053-08-15T22:23:38;null;false
3373;Столичная недвижимость;https://t.me/nedvizhka_spbmsk;12000;1000;true;2023-12-29T11:11:27;2023-08-15T22:23:38;2053-08-15T22:23:38;null;false
3374;РБК Недвижимость;https://t.me/realty_rbc;12000;3000;true;2023-12-29T11:11:27;2023-08-15T22:23:38;2053-08-15T22:23:38;null;false
3375;Что строит Москва? Недвижимость;https://t.me/Nedvizhk;11000;4000;true;2023-12-29T11:11:27;2023-08-15T22:23:38;2053-08-15T22:23:38;null;false
3376;обмани меня риэлтор;https://t.me/lietomerealty;8000;1000;true;2023-12-29T11:11:27;2023-08-15T22:23:38;2053-08-15T22:23:38;null;false
3377;Недвижимость и точка | Москва | Новостройки;https://t.me/tochkarealty;5000;1000;true;2023-12-29T11:11:27;2023-08-15T22:23:38;2053-08-15T22:23:38;null;false
3378;М2 — Метр квадратный;https://t.me/metrkvadratny;5000;1000;true;2023-12-29T11:11:27;2023-08-15T22:23:38;2053-08-15T22:23:38;null;false
3379;Тележка с новостройками;https://t.me/telejka_novostroyki;4000;1000;true;2023-12-29T11:11:27;2023-08-15T22:23:38;2053-08-15T22:23:38;null;false
3380;1️⃣ Метр;https://t.me/Odin_metr;4000;1000;true;2023-12-29T11:11:27;2023-08-15T22:23:38;2053-08-15T22:23:38;null;false
3381;Ещё главу и спать | Литература;https://t.me/knigi_literatura;306000;26000;true;2023-12-29T11:11:27;2023-08-15T22:23:38;2053-08-15T22:23:38;null;false
3382;Афоризмы | Литература | Книги | Стихи;https://t.me/AphorismTG;137000;12000;true;2023-12-29T11:11:27;2023-08-15T22:23:38;2053-08-15T22:23:38;null;false
3383;Письма в стол📝 | Литература;https://t.me/Letters_in_the_Desk;62000;6000;true;2023-12-29T11:11:27;2023-08-15T22:23:38;2053-08-15T22:23:38;null;false
3384;Лучшие стихи великих поэтов | Литература;https://t.me/mypoetry;60000;19000;true;2023-12-29T11:11:27;2023-08-15T22:23:38;2053-08-15T22:23:38;null;false
3385;Мысли великих | Литература;https://t.me/misli_literature;58000;7000;true;2023-12-29T11:11:27;2023-08-15T22:23:38;2053-08-15T22:23:38;null;false
3386;Книги | Литература | Писатели;https://t.me/bookslit_web;46000;21000;true;2023-12-29T11:11:27;2023-08-15T22:23:38;2053-08-15T22:23:38;null;false
3387;Маргарита Симоньян. Литература и История;https://t.me/msimonyan_literature;42000;12000;true;2023-12-29T11:11:27;2023-08-15T22:23:38;2053-08-15T22:23:38;null;false
3388;БИЗНЕС ЛИТЕРАТУРА;https://t.me/businness_book;31000;2000;true;2023-12-29T11:11:27;2023-08-15T22:23:38;2053-08-15T22:23:38;null;false
3389;Книги | Литература | Классика;https://t.me/booksclassiclit;30000;21000;true;2023-12-29T11:11:27;2023-08-15T22:23:38;2053-08-15T22:23:38;null;false
3390;Литература | Книги | Цитаты;https://t.me/litbookworld;29000;19000;true;2023-12-29T11:11:27;2023-08-15T22:23:38;2053-08-15T22:23:38;null;false
3391;Натуральная литература;https://t.me/natlitra;29000;2000;true;2023-12-29T11:11:27;2023-08-15T22:23:38;2053-08-15T22:23:38;null;false
3392;Это Митрохин | Литература, культура, новости;https://t.me/themitrokhin;28000;11000;true;2023-12-29T11:11:27;2023-08-15T22:23:38;2053-08-15T22:23:38;null;false
3393;Книжный Лис 🦊📚;https://t.me/booksfox;46000;3000;true;2023-12-29T11:11:27;2023-08-15T22:23:38;2053-08-15T22:23:38;null;false
3394;Книжный Вестник;https://t.me/duosoft_books;96000;8000;true;2023-12-29T11:11:27;2023-08-15T22:23:38;2053-08-15T22:23:38;null;false
3395;Стихи давно забытого поэта;https://t.me/memoryofpoets;51000;7000;true;2023-12-29T11:11:27;2023-08-15T22:23:38;2053-08-15T22:23:38;null;false
3396;Книжный;https://t.me/Knigny;20000;2000;true;2023-12-29T11:11:27;2023-08-15T22:23:38;2053-08-15T22:23:38;null;false
3397;Литература;https://t.me/literabook;20000;3000;true;2023-12-29T11:11:27;2023-08-15T22:23:38;2053-08-15T22:23:38;null;false
3398;Литература;https://t.me/literabooks;18000;1000;true;2023-12-29T11:11:27;2023-08-15T22:23:38;2053-08-15T22:23:38;null;false
3399;Литература и жизнь;https://t.me/bookninja;14000;3000;true;2023-12-29T11:11:27;2023-08-15T22:23:38;2053-08-15T22:23:38;null;false
3400;Между нами МАМОЧКАМИ🐥;https://t.me/mamochkimezhdu;226000;128000;true;2023-12-29T11:11:27;2023-08-15T22:23:38;2053-08-15T22:23:38;null;false
3401;Хозяйки | Лайфхаки | Мамочки;https://t.me/lifemom_peace;31000;21000;true;2023-12-29T11:11:27;2023-08-15T22:23:38;2053-08-15T22:23:38;null;false
3402;Счастливая Мамочка и Дети;https://t.me/schastlivie_mamochka;31000;18000;true;2023-12-29T11:11:27;2023-08-15T22:23:38;2053-08-15T22:23:38;null;false
3403;Мамочка и Детишки;https://t.me/mamochka_detishki;31000;18000;true;2023-12-29T11:11:27;2023-08-15T22:23:38;2053-08-15T22:23:38;null;false
3404;Мамочки и детки | Воспитание;https://t.me/mama_real;30000;21000;true;2023-12-29T11:11:27;2023-08-15T22:23:38;2053-08-15T22:23:38;null;false
3405;Беременная Мамочка;https://t.me/beremennaya_mama;29000;19000;true;2023-12-29T11:11:27;2023-08-15T22:23:38;2053-08-15T22:23:38;null;false
3406;Будущая мамочка | Беременность;https://t.me/future_mama;24000;17000;true;2023-12-29T11:11:27;2023-08-15T22:23:38;2053-08-15T22:23:38;null;false
3407;Мамочки;https://t.me/babytime11;23000;3000;true;2023-12-29T11:11:27;2023-08-15T22:23:38;2053-08-15T22:23:38;null;false
3408;Мама с перцем🌶️;https://t.me/mama_s_percem;198000;116000;true;2023-12-29T11:11:27;2023-08-15T22:23:38;2053-08-15T22:23:38;null;false
3409;❤️😎Мама в деле😎❤️;https://t.me/storymother;78000;47000;true;2023-12-29T11:11:27;2023-08-15T22:23:38;2053-08-15T22:23:38;null;false
3410;Мама в Телеграме;https://t.me/mamavtelegrame;59000;31000;true;2023-12-29T11:11:27;2023-08-15T22:23:38;2053-08-15T22:23:38;null;false
3411;МАСТЕР;https://t.me/macters;256000;18000;true;2023-12-29T11:11:27;2023-08-15T22:23:38;2053-08-15T22:23:38;null;false
3412;Построим свой дом | Строительство своими руками;https://t.me/postroim_dom;252000;19000;true;2023-12-29T11:11:27;2023-08-15T22:23:38;2053-08-15T22:23:38;null;false
3413;Проекты домов | Строительство | Плaнировка;https://t.me/proekt_stroyka;76000;7000;true;2023-12-29T11:11:27;2023-08-15T22:23:38;2053-08-15T22:23:38;null;false
3414;Лихой ТопорЪ;https://t.me/lihojtopor_official;48000;30000;true;2023-12-29T11:11:27;2023-08-15T22:23:38;2053-08-15T22:23:38;null;false
3415;Novostroyman. Москва. Недвижимость;https://t.me/novostroyman;44000;14000;true;2023-12-29T11:11:27;2023-08-15T22:23:38;2053-08-15T22:23:38;null;false
3416;Novostroyman. Москва. Недвижимость;https://t.me/novostroyman;44000;14000;true;2023-12-29T11:11:27;2023-08-15T22:23:38;2053-08-15T22:23:38;null;false
3417;Домострой;https://t.me/domostroy_channel;38000;12000;true;2023-12-29T11:11:27;2023-08-15T22:23:38;2053-08-15T22:23:38;null;false
3418;Просто Ремонт;https://t.me/prostoremont;33000;9000;true;2023-12-29T11:11:27;2023-08-15T22:23:38;2053-08-15T22:23:38;null;false
3419;Russian Architecture;https://t.me/RussianArchitecture;33000;5000;true;2023-12-29T11:11:27;2023-08-15T22:23:38;2053-08-15T22:23:38;null;false
3420;Умный Строитель;https://t.me/Smart_buiIder;31000;2000;true;2023-12-29T11:11:27;2023-08-15T22:23:38;2053-08-15T22:23:38;null;false
3421;Своими руками;https://t.me/makehands;28000;2000;true;2023-12-29T11:11:27;2023-08-15T22:23:38;2053-08-15T22:23:38;null;false
3422;МАСТЕРСКАЯ;https://t.me/realmantg;26000;1000;true;2023-12-29T11:11:27;2023-08-15T22:23:38;2053-08-15T22:23:38;null;false
3423;Самострой👷‍♂;https://t.me/stroita;22000;1000;true;2023-12-29T11:11:27;2023-08-15T22:23:38;2053-08-15T22:23:38;null;false
3424;Дома 🏡 Коттеджи;https://t.me/dom_look;14000;1000;true;2023-12-29T11:11:27;2023-08-15T22:23:38;2053-08-15T22:23:38;null;false
3425;МАСТЕРСКАЯ #1;https://t.me/masterskaya_1;13000;1000;true;2023-12-29T11:11:27;2023-08-15T22:23:38;2053-08-15T22:23:38;null;false
3426;Design Mate;https://t.me/designmate;10000;1000;true;2023-12-29T11:11:27;2023-08-15T22:23:38;2053-08-15T22:23:38;null;false
3427;Мосты России;https://t.me/russtroyka;6000;1000;true;2023-12-29T11:11:27;2023-08-15T22:23:38;2053-08-15T22:23:38;null;false
3428;Новости строительства России;https://t.me/stroynewsrussia;4000;1000;true;2023-12-29T11:11:27;2023-08-15T22:23:38;2053-08-15T22:23:38;null;false
3429;СТРОЙКА-ИНСАЙД;https://t.me/stroika_insaid;1000;1000;true;2023-12-29T11:11:27;2023-08-15T22:23:38;2053-08-15T22:23:38;null;false
3430;Интерфакс-Недвижимость;https://t.me/interfaxrealty;1000;1000;true;2023-12-29T11:11:27;2023-08-15T22:23:38;2053-08-15T22:23:38;null;false
3431;Александр Шумский;https://t.me/proboknet;129000;41000;true;2023-12-29T11:11:27;2023-08-15T22:23:38;2053-08-15T22:23:38;null;false
3432;Авто.ру;https://t.me/carsnosleep;111000;20000;true;2023-12-29T11:11:27;2023-08-15T22:23:38;2053-08-15T22:23:38;null;false
3433;Метро Петербурга;https://t.me/spbmetro;78000;36000;true;2023-12-29T11:11:27;2023-08-15T22:23:38;2053-08-15T22:23:38;null;false
3434;Дептранс. Оперативно;https://t.me/DtOperativno;68000;15000;true;2023-12-29T11:11:27;2023-08-15T22:23:38;2053-08-15T22:23:38;null;false
3435;За рулем;https://t.me/zr_ru;46000;13000;true;2023-12-29T11:11:27;2023-08-15T22:23:38;2053-08-15T22:23:38;null;false
3436;Авиадиспетчер;https://t.me/aviadispet4er;35000;3000;true;2023-12-29T11:11:27;2023-08-15T22:23:38;2053-08-15T22:23:38;null;false
3437;Логистика 2.0;https://t.me/logistica_2_0;30000;4000;true;2023-12-29T11:11:27;2023-08-15T22:23:38;2053-08-15T22:23:38;null;false
3438;Автовоз;https://t.me/avto_voz;20000;4000;true;2023-12-29T11:11:27;2023-08-15T22:23:38;2053-08-15T22:23:38;null;false
3439;Драйв;https://t.me/drive2russia;19000;4000;true;2023-12-29T11:11:27;2023-08-15T22:23:38;2053-08-15T22:23:38;null;false
3440;Начальник транспортного цеха;https://t.me/transportniytseh;16000;3000;true;2023-12-29T11:11:27;2023-08-15T22:23:38;2053-08-15T22:23:38;null;false
3441;AВТОСПОТ;https://t.me/avto_sng;12000;1000;true;2023-12-29T11:11:27;2023-08-15T22:23:38;2053-08-15T22:23:38;null;false
3442;🚗 AutoTwits;https://t.me/autotwits;12000;1000;true;2023-12-29T11:11:27;2023-08-15T22:23:38;2053-08-15T22:23:38;null;false
3443;EV forum | Электромобили;https://t.me/EVforum;10000;1000;true;2023-12-29T11:11:27;2023-08-15T22:23:38;2053-08-15T22:23:38;null;false
3444;ФПК. Лучше поездом!;https://t.me/luchshepoezdom;9000;7000;true;2023-12-29T11:11:27;2023-08-15T22:23:38;2053-08-15T22:23:38;null;false
3445;Астероид;https://t.me/asteroido;9000;1000;true;2023-12-29T11:11:27;2023-08-15T22:23:38;2053-08-15T22:23:38;null;false
3446;Дороги и транспорт МО;https://t.me/dorogitransport;9000;1000;true;2023-12-29T11:11:27;2023-08-15T22:23:38;2053-08-15T22:23:38;null;false
3447;FRESH – автомобильный маркетплейс;https://t.me/freshautoru;9000;1000;true;2023-12-29T11:11:27;2023-08-15T22:23:38;2053-08-15T22:23:38;null;false
3448;Любители Porsche;https://t.me/porscheenthusiast;8000;4000;true;2023-12-29T11:11:27;2023-08-15T22:23:38;2053-08-15T22:23:38;null;false
3449;Транспорт Петербурга. Организатор перевозок;https://t.me/transportspb;7000;2000;true;2023-12-29T11:11:27;2023-08-15T22:23:38;2053-08-15T22:23:38;null;false
3450;RetroBus: непосредственный впрыск;https://t.me/retro_bus;6000;1000;true;2023-12-29T11:11:27;2023-08-15T22:23:38;2053-08-15T22:23:38;null;false
3451;InnoBus 2.0;https://t.me/retro_bus;6000;1000;true;2023-12-29T11:11:27;2023-08-15T22:23:38;2053-08-15T22:23:38;null;false
3452;Авиатранспортное обозрение;https://t.me/ATOjournal;6000;1000;true;2023-12-29T11:11:27;2023-08-15T22:23:38;2053-08-15T22:23:38;null;false
3453;Автолюбитель;https://t.me/Autolubitel;6000;1000;true;2023-12-29T11:11:27;2023-08-15T22:23:38;2053-08-15T22:23:38;null;false
3454;ROLLINGSTOCK;https://t.me/rollingstock;5000;1000;true;2023-12-29T11:11:27;2023-08-15T22:23:38;2053-08-15T22:23:38;null;false
3455;EXPOCAR - Online автодилер;https://t.me/expocar_auto;5000;1000;true;2023-12-29T11:11:27;2023-08-15T22:23:38;2053-08-15T22:23:38;null;false
3456;Василий Орлов;https://t.me/vasily_s_orlov;5000;16000;true;2023-12-29T11:11:27;2023-08-15T22:23:38;2053-08-15T22:23:38;null;false
3457;Мотор 2.0;https://t.me/motorru;5000;16000;true;2023-12-29T11:11:27;2023-08-15T22:23:38;2053-08-15T22:23:38;null;false
3458;Хавал Клуб Haval M6 F7x Jolion Dargo H6 H9 F7 H5 F8 H3 GWM;https://t.me/haval_clubs;4000;2000;true;2023-12-29T11:11:27;2023-08-15T22:23:38;2053-08-15T22:23:38;null;false
3459;Цифровой транспорт;https://t.me/dtla_ru;4000;1000;true;2023-12-29T11:11:27;2023-08-15T22:23:38;2053-08-15T22:23:38;null;false
3460;BMWClub Magazine;https://t.me/bmwclub_ru;4000;2000;true;2023-12-29T11:11:27;2023-08-15T22:23:38;2053-08-15T22:23:38;null;false
3461;Приоритет для ОТ в городах;https://t.me/city_transport;3000;1000;true;2023-12-29T11:11:27;2023-08-15T22:23:38;2053-08-15T22:23:38;null;false
3462;РГ | Автопарк;https://t.me/rgruavto;3000;1000;true;2023-12-29T11:11:27;2023-08-15T22:23:38;2053-08-15T22:23:38;null;false
3463;Шёлковый путь — ВЭД;https://t.me/SheLkovyi_Road_VED;3000;1000;true;2023-12-29T11:11:27;2023-08-15T22:23:38;2053-08-15T22:23:38;null;false
3464;Lowdaily;https://t.me/lowdaily;3000;2000;true;2023-12-29T11:11:27;2023-08-15T22:23:38;2053-08-15T22:23:38;null;false
3465;Автопортрет Александра Андреева;https://t.me/autoportret;3000;2000;true;2023-12-29T11:11:27;2023-08-15T22:23:38;2053-08-15T22:23:38;null;false
3466;Let's bike it!;https://t.me/letsbikeit;3000;1000;true;2023-12-29T11:11:27;2023-08-15T22:23:38;2053-08-15T22:23:38;null;false
3467;Kosh_marius Channel;https://t.me/koshmariuschannel;3000;1000;true;2023-12-29T11:11:27;2023-08-15T22:23:38;2053-08-15T22:23:38;null;false
3468;Российские Железные Дороги;https://t.me/rzd_rzd;2000;1000;true;2023-12-29T11:11:27;2023-08-15T22:23:38;2053-08-15T22:23:38;null;false
3469;Авто-подбор.рф;https://t.me/ildar_auto_podbor;103000;21000;true;2023-12-29T11:11:27;2023-08-15T22:23:38;2053-08-15T22:23:38;null;false
3470;РАССРОЧКА АВТО РУ;https://t.me/rassrochka_auto;34000;7000;true;2023-12-29T11:11:27;2023-08-15T22:23:38;2053-08-15T22:23:38;null;false
3471;ПЕРЕКУПЫ РФ;https://t.me/perecup_rf;36000;4000;true;2023-12-29T11:11:27;2023-08-15T22:23:38;2053-08-15T22:23:38;null;false
3472;pro Trade In & Автобизнес;https://t.me/protradein;32000;18000;true;2023-12-29T11:11:27;2023-08-15T22:23:38;2053-08-15T22:23:38;null;false
3473;Haraba Авто;https://t.me/haraba_auto;26000;8000;true;2023-12-29T11:11:27;2023-08-15T22:23:38;2053-08-15T22:23:38;null;false
3474;Drive❗️;https://t.me/salesavto;23000;3000;true;2023-12-29T11:11:27;2023-08-15T22:23:38;2053-08-15T22:23:38;null;false
3475;Запрет регистрации авто/проблемные авто.️;https://t.me/zapretregistracii;21000;1000;true;2023-12-29T11:11:27;2023-08-15T22:23:38;2053-08-15T22:23:38;null;false
3476;ВсеАвтоТут;https://t.me/vseautotut;10000;1000;true;2023-12-29T11:11:27;2023-08-15T22:23:38;2053-08-15T22:23:38;null;false
3477;ТАЧКИ НИЖЕ РЫНКА🚗💰;https://t.me/tachki_nizhe_rynka;8000;1000;true;2023-12-29T11:11:27;2023-08-15T22:23:38;2053-08-15T22:23:38;null;false
3478;ELEMENT AUTO - Авто из США;https://t.me/EALLC;7000;1000;true;2023-12-29T11:11:27;2023-08-15T22:23:38;2053-08-15T22:23:38;null;false
3479;Destacar;https://t.me/Destacar;7000;2000;true;2023-12-29T11:11:27;2023-08-15T22:23:38;2053-08-15T22:23:38;null;false
3480;Битые Авто Здесь 🚘🛻🏎;https://t.me/BitieAvtoZdes;4000;1000;true;2023-12-29T11:11:27;2023-08-15T22:23:38;2053-08-15T22:23:38;null;false
3481;ЯХТЕБЫТЬ - яхты, лодки продажа;https://t.me/yachtclub_rf_traide;2000;1000;true;2023-12-29T11:11:27;2023-08-15T22:23:38;2053-08-15T22:23:38;null;false
3482;Grigoriy_avto;https://t.me/Grigoriy_avto;1000;1000;true;2023-12-29T11:11:27;2023-08-15T22:23:38;2053-08-15T22:23:38;null;false
3483;Новые автомобили по оптовым ценам. Авто под заказ.;https://t.me/avto_kz_dubai_korea;1000;1000;true;2023-12-29T11:11:27;2023-08-15T22:23:38;2053-08-15T22:23:38;null;false
3484;Kimchi Motors;https://t.me/kimchimotors;1000;1000;true;2023-12-29T11:11:27;2023-08-15T22:23:38;2053-08-15T22:23:38;null;false
3485;FERIO | Ферио для партнеров.;https://t.me/feriopartner;1000;1000;true;2023-12-29T11:11:27;2023-08-15T22:23:38;2053-08-15T22:23:38;null;false
3486;Грузопоток;https://t.me/gruz0potok;31000;6000;true;2023-12-29T11:11:27;2023-08-15T22:23:38;2053-08-15T22:23:38;null;false
3487;DALNOBOI_MAFIA;https://t.me/dalnoboy_mafia;20000;5000;true;2023-12-29T11:11:27;2023-08-15T22:23:38;2053-08-15T22:23:38;null;false
3488;LogiStan. Экономика Центральной Азии;https://t.me/logistan;5000;1000;true;2023-12-29T11:11:27;2023-08-15T22:23:38;2053-08-15T22:23:38;null;false
3489;Реальная логистика;https://t.me/reallogistik;3000;1000;true;2023-12-29T11:11:27;2023-08-15T22:23:38;2053-08-15T22:23:38;null;false
3490;Логистика, таможня, склад;https://t.me/SBSLogisticsAsia;3000;1000;true;2023-12-29T11:11:27;2023-08-15T22:23:38;2053-08-15T22:23:38;null;false
3491;ДИСПЕТЧЕРСКАЯ ФУД СИТИ;https://t.me/DS_FoodCity;1000;1000;true;2023-12-29T11:11:27;2023-08-15T22:23:38;2053-08-15T22:23:38;null;false
3492;Международные грузоперевозки/Sea burg;https://t.me/seaburg;1000;1000;true;2023-12-29T11:11:27;2023-08-15T22:23:38;2053-08-15T22:23:38;null;false
3493;Fighterbomber;https://t.me/fighter_bomber;423000;194000;true;2023-12-29T11:11:27;2023-08-15T22:23:38;2053-08-15T22:23:38;null;false
3494;Авиаторщина;https://t.me/aviatorshina;76000;35000;true;2023-12-29T11:11:27;2023-08-15T22:23:38;2053-08-15T22:23:38;null;false
3495;AVIAINCIDENT;https://t.me/aviaincident;36000;7000;true;2023-12-29T11:11:27;2023-08-15T22:23:38;2053-08-15T22:23:38;null;false
3496;Uzbekistan Airways;https://t.me/uzbekistanairways;32000;10000;true;2023-12-29T11:11:27;2023-08-15T22:23:38;2053-08-15T22:23:38;null;false
3497;Utair;https://t.me/Utair;30000;10000;true;2023-12-29T11:11:27;2023-08-15T22:23:38;2053-08-15T22:23:38;null;false
3498;Aviahub⚪️🟠;https://t.me/Aviahub34;27000;17000;true;2023-12-29T11:11:27;2023-08-15T22:23:38;2053-08-15T22:23:38;null;false
3499;Расследования авиакатастроф;https://t.me/rumayday;27000;15000;true;2023-12-29T11:11:27;2023-08-15T22:23:38;2053-08-15T22:23:38;null;false
3500;Крылья войны;https://t.me/wingsofwar;27000;6000;true;2023-12-29T11:11:27;2023-08-15T22:23:38;2053-08-15T22:23:38;null;false
3501;Пристегните ремни;https://t.me/premni;25000;8000;true;2023-12-29T11:11:27;2023-08-15T22:23:38;2053-08-15T22:23:38;null;false
3502;FrequentFlyers;https://t.me/frequentflyers;21000;20000;true;2023-12-29T11:11:27;2023-08-15T22:23:38;2053-08-15T22:23:38;null;false
3503;Кухня Аэрофлота;https://t.me/aviation_kitchen;20000;10000;true;2023-12-29T11:11:27;2023-08-15T22:23:38;2053-08-15T22:23:38;null;false
3504;Аэрофлот;https://t.me/aeroflot;18000;10000;true;2023-12-29T11:11:27;2023-08-15T22:23:38;2053-08-15T22:23:38;null;false
3505;FlightMode;https://t.me/aviationmode;17000;7000;true;2023-12-29T11:11:27;2023-08-15T22:23:38;2053-08-15T22:23:38;null;false
3506;Обозреватель БПЛА;https://t.me/dronesrussia;16000;4000;true;2023-12-29T11:11:27;2023-08-15T22:23:38;2053-08-15T22:23:38;null;false
3507;AviaNews;https://t.me/AviaCT;14000;5000;true;2023-12-29T11:11:27;2023-08-15T22:23:38;2053-08-15T22:23:38;null;false
3508;ВЕСТНИК ПВО И ВКС;https://t.me/pvo_vks;12000;3000;true;2023-12-29T11:11:27;2023-08-15T22:23:38;2053-08-15T22:23:38;null;false
3509;Рейс 69✈️(18 +) 🧚;https://t.me/pvo_vks;12000;12000;true;2023-12-29T11:11:27;2023-08-15T22:23:38;2053-08-15T22:23:38;null;false
3510;Жизнь Пилота👨‍✈️;https://t.me/pilotslife;12000;2000;true;2023-12-29T11:11:27;2023-08-15T22:23:38;2053-08-15T22:23:38;null;false
3511;AviaChatChannel;https://t.me/aviachatchannel;10000;2000;true;2023-12-29T11:11:27;2023-08-15T22:23:38;2053-08-15T22:23:38;null;false
3512;Одинокая Коко;https://t.me/odinokayakoko;10000;6000;true;2023-12-29T11:11:27;2023-08-15T22:23:38;2053-08-15T22:23:38;null;false
3513;AviaComments;https://t.me/AviaComments;10000;2000;true;2023-12-29T11:11:27;2023-08-15T22:23:38;2053-08-15T22:23:38;null;false
3514;Шереметьево;https://t.me/svo_online;9000;5000;true;2023-12-29T11:11:27;2023-08-15T22:23:38;2053-08-15T22:23:38;null;false
3515;Air Astana;https://t.me/airastana;9000;3000;true;2023-12-29T11:11:27;2023-08-15T22:23:38;2053-08-15T22:23:38;null;false
3516;Авиакомпания «Аврора»;https://t.me/AuroraAirlines;8000;3000;true;2023-12-29T11:11:27;2023-08-15T22:23:38;2053-08-15T22:23:38;null;false
3517;Аэропорт Домодедово;https://t.me/dmepress;8000;3000;true;2023-12-29T11:11:27;2023-08-15T22:23:38;2053-08-15T22:23:38;null;false
3518;Летаем Без Страха;https://t.me/letaembezstraha;8000;2000;true;2023-12-29T11:11:27;2023-08-15T22:23:38;2053-08-15T22:23:38;null;false
3519;Аэропорт Красноярск;https://t.me/kja_inform;8000;2000;true;2023-12-29T11:11:27;2023-08-15T22:23:38;2053-08-15T22:23:38;null;false
3520;Авиасалон МАКС;https://t.me/aviasalonmaks;8000;1000;true;2023-12-29T11:11:27;2023-08-15T22:23:38;2053-08-15T22:23:38;null;false
3521;✈️ Гражданская авиация;https://t.me/aviatsiya;7000;3000;true;2023-12-29T11:11:27;2023-08-15T22:23:38;2053-08-15T22:23:38;null;false
3522;Пилот ГА;https://t.me/flugschuler;7000;3000;true;2023-12-29T11:11:27;2023-08-15T22:23:38;2053-08-15T22:23:38;null;false
3523;Вертолатте;https://t.me/vertolatte;7000;1000;true;2023-12-29T11:11:27;2023-08-15T22:23:38;2053-08-15T22:23:38;null;false
3524;Авиационная Антресоль;https://t.me/antresol_avia;7000;4000;true;2023-12-29T11:11:27;2023-08-15T22:23:38;2053-08-15T22:23:38;null;false
3525;Новости Ташкентского Неба;https://t.me/Tashkent_SkyNews;6000;4000;true;2023-12-29T11:11:27;2023-08-15T22:23:38;2053-08-15T22:23:38;null;false
3526;Helincidents;https://t.me/helincidents;6000;1000;true;2023-12-29T11:11:27;2023-08-15T22:23:38;2053-08-15T22:23:38;null;false
3527;Ижавиа Официальный;https://t.me/izhaviapress;5000;4000;true;2023-12-29T11:11:27;2023-08-15T22:23:38;2053-08-15T22:23:38;null;false
3528;Скромный Работник Гражданской Авиации.;https://t.me/heliman86;5000;1000;true;2023-12-29T11:11:27;2023-08-15T22:23:38;2053-08-15T22:23:38;null;false
3529;ОтВинта | Авиация Беларуси;https://t.me/otvinta_by;5000;5000;true;2023-12-29T11:11:27;2023-08-15T22:23:38;2053-08-15T22:23:38;null;false
3530;Z Pitot Tube;https://t.me/pitot_tube;5000;1000;true;2023-12-29T11:11:27;2023-08-15T22:23:38;2053-08-15T22:23:38;null;false
3531;Новости Росавиации;https://t.me/favtrf;4000;1000;true;2023-12-29T11:11:27;2023-08-15T22:23:38;2053-08-15T22:23:38;null;false
3532;AviaSpotter;https://t.me/AviaSpotter;3000;2000;true;2023-12-29T11:11:27;2023-08-15T22:23:38;2053-08-15T22:23:38;null;false
3533;Аэропорт Южно-Сахалинск 🛫;https://t.me/airportus;3000;1000;true;2023-12-29T11:11:27;2023-08-15T22:23:38;2053-08-15T22:23:38;null;false
3534;AVIA.RU - Гражданская авиация;https://t.me/aviaru_news;3000;1000;true;2023-12-29T11:11:27;2023-08-15T22:23:38;2053-08-15T22:23:38;null;false
3535;ФИЛЬМЫ КИНО СЕРИАЛЫ;https://t.me/kino_hd2;1454000;35000;true;2023-12-29T11:11:27;2023-08-15T22:23:38;2053-08-15T22:23:38;null;false
3536;Кинопоиск: фильмы и сериалы;https://t.me/kinopoisk;564000;54000;true;2023-12-29T11:11:27;2023-08-15T22:23:38;2053-08-15T22:23:38;null;false
3537;Киноманы 🍿 фильмы сериалы;https://t.me/kinomanies;512000;5000;true;2023-12-29T11:11:27;2023-08-15T22:23:38;2053-08-15T22:23:38;null;false
3538;ФИЛЬМЫ СЕРИАЛЫ 2023;https://t.me/k1noxa103;444000;15000;true;2023-12-29T11:11:27;2023-08-15T22:23:38;2053-08-15T22:23:38;null;false
3539;КИНОМИКС - Про фильмы и сериалы;https://t.me/kinoremix;430000;5000;true;2023-12-29T11:11:27;2023-08-15T22:23:38;2053-08-15T22:23:38;null;false
3540;Фильмы | Сериалы;https://t.me/movies_filmy;340000;95000;true;2023-12-29T11:11:27;2023-08-15T22:23:38;2053-08-15T22:23:38;null;false
3541;Кино Фильмы Сериалы;https://t.me/kinotik1;304000;40000;true;2023-12-29T11:11:27;2023-08-15T22:23:38;2053-08-15T22:23:38;null;false
3542;МУВИС | Фильмы и сериалы;https://t.me/kinofilmy_seriali;293000;3000;true;2023-12-29T11:11:27;2023-08-15T22:23:38;2053-08-15T22:23:38;null;false
3543;ICINEMA | Все о кино | Фильмы 2024 года | Сериалы | Мультфильмы;https://t.me/iKinox;110000;5000;true;2023-12-29T11:11:27;2023-08-15T22:23:38;2053-08-15T22:23:38;null;false
3544;Русские Фильмы Сериалы;https://t.me/kinogatorr;90000;3000;true;2023-12-29T11:11:27;2023-08-15T22:23:38;2053-08-15T22:23:38;null;false
3545;KINO RIMS 💜 | Фильмы Кино Сериалы;https://t.me/KINORIMS;75000;12000;true;2023-12-29T11:11:27;2023-08-15T22:23:38;2053-08-15T22:23:38;null;false
3546;Все о Фильмах и Сериалах;https://t.me/vse_o_serialah;46000;24000;true;2023-12-29T11:11:27;2023-08-15T22:23:38;2053-08-15T22:23:38;null;false
3547;Кинобот | Фильмы | Сериалы 2024;https://t.me/kinobot1;43000;3000;true;2023-12-29T11:11:27;2023-08-15T22:23:38;2053-08-15T22:23:38;null;false
3548;Ток Шоу! * Фильмы и сериалы;https://t.me/serialirossiyskie;38000;23000;true;2023-12-29T11:11:27;2023-08-15T22:23:38;2053-08-15T22:23:38;null;false
3549;Фильмы | Сериалы | Музыка;https://t.me/Film_tgtop;31000;19000;true;2023-12-29T11:11:27;2023-08-15T22:23:38;2053-08-15T22:23:38;null;false
3550;Слово Пацана | Фильмы и сериалы;https://t.me/smotret_filmy_serialy_onlayn;31000;2000;true;2023-12-29T11:11:27;2023-08-15T22:23:38;2053-08-15T22:23:38;null;false
3551;Зубарев/zubarefff — Фильмы | Архив | Записи | Сериалы;https://t.me/zubareffffilms;30000;18000;true;2023-12-29T11:11:27;2023-08-15T22:23:38;2053-08-15T22:23:38;null;false
3552;Фильмы | Сериалы | Новинки;https://t.me/movie_peace;30000;20000;true;2023-12-29T11:11:27;2023-08-15T22:23:38;2053-08-15T22:23:38;null;false
3553;Фильмы | Сериалы | Киностудии;https://t.me/filmi_ob;29000;18000;true;2023-12-29T11:11:27;2023-08-15T22:23:38;2053-08-15T22:23:38;null;false
3554;Иви | О кино, фильмах и сериалах;https://t.me/official_iviru;28000;4000;true;2023-12-29T11:11:27;2023-08-15T22:23:38;2053-08-15T22:23:38;null;false
3555;Фильмы | Сериалы | Интересное;https://t.me/reals_serial;27000;18000;true;2023-12-29T11:11:27;2023-08-15T22:23:38;2053-08-15T22:23:38;null;false
3556;Русские фильмы и сериалы - RosserialHD.ru;https://t.me/rosserialhd;26000;1000;true;2023-12-29T11:11:27;2023-08-15T22:23:38;2053-08-15T22:23:38;null;false
3557;Что посмотреть | Рекомендация фильмов и сериалов;https://t.me/recfilm_channel;24000;6000;true;2023-12-29T11:11:27;2023-08-15T22:23:38;2053-08-15T22:23:38;null;false
3558;Мультики и Мультфильмы Мультсериалы Фильмы;https://t.me/multiki7;25000;2000;true;2023-12-29T11:11:27;2023-08-15T22:23:38;2053-08-15T22:23:38;null;false
3559;ГРЭЙМ | Фильмы Сериалы Новинки Кино 2024;https://t.me/graimmovie;22000;4000;true;2023-12-29T11:11:27;2023-08-15T22:23:38;2053-08-15T22:23:38;null;false
3560;ФИЛЬМЫ | СЕРИАЛЫ | 8.16🎬🍿;https://t.me/kinotv816;19000;1000;true;2023-12-29T11:11:27;2023-08-15T22:23:38;2053-08-15T22:23:38;null;false
3561;Немецкие фильмы и сериалы 🇩🇪;https://t.me/deutsche_filme_serie;16000;10000;true;2023-12-29T11:11:27;2023-08-15T22:23:38;2053-08-15T22:23:38;null;false
3562;FILMIX🍿🍿🎥| Фильмы и Сериалы 2022🎬📹📺📽️🎥🎞️🍿 Для наших дорогих подписчиков ♥️💗;https://t.me/filmix_1;15000;1000;true;2023-12-29T11:11:27;2023-08-15T22:23:38;2053-08-15T22:23:38;null;false
3563;КиноHot - Про Фильмы и Сериалы;https://t.me/kinohot_channel;14000;3000;true;2023-12-29T11:11:27;2023-08-15T22:23:38;2053-08-15T22:23:38;null;false
3564;Фильмы и сериалы;https://t.me/kinoiseriali7;14000;7000;true;2023-12-29T11:11:27;2023-08-15T22:23:38;2053-08-15T22:23:38;null;false
3565;Good Story Media | Сериалы | Фильмы;https://t.me/good_story_media;13000;3000;true;2023-12-29T11:11:27;2023-08-15T22:23:38;2053-08-15T22:23:38;null;false
3566;🎬 Кино | Фильмы | Сериалы;https://t.me/kinofilm_today;11000;5000;true;2023-12-29T11:11:27;2023-08-15T22:23:38;2053-08-15T22:23:38;null;false
3567;🍿КИНОШКА 🎬 Фильмы + Сериалы = бесплатно ;https://t.me/kinoshka_go;10000;1000;true;2023-12-29T11:11:27;2023-08-15T22:23:38;2053-08-15T22:23:38;null;false
3568;КИНОШНЫЕ | Фильмы и Сериалы;https://t.me/kinoshnie;10000;1000;true;2023-12-29T11:11:27;2023-08-15T22:23:38;2053-08-15T22:23:38;null;false
3569;Кинобот | Фильмы Сериалы 2024;https://t.me/kinobot12345;10000;1000;true;2023-12-29T11:11:27;2023-08-15T22:23:38;2053-08-15T22:23:38;null;false
3570;🎥AI FILMS | ФИЛЬМЫ СЕРИАЛЫ КИНО;https://t.me/aikfilm;9000;1000;true;2023-12-29T11:11:27;2023-08-15T22:23:38;2053-08-15T22:23:38;null;false
3571;Фильмы | Сериалы | Новинки 2023;https://t.me/kinostar_t;9000;1000;true;2023-12-29T11:11:27;2023-08-15T22:23:38;2053-08-15T22:23:38;null;false
3572;ПОТОМ ПОСМОТРЮ | ФИЛЬМЫ И СЕРИАЛЫ;https://t.me/potom_posmotryu;9000;1000;true;2023-12-29T11:11:27;2023-08-15T22:23:38;2053-08-15T22:23:38;null;false
3573;Viewer | Фильмы и сериалы;https://t.me/viewerfilms;9000;1000;true;2023-12-29T11:11:27;2023-08-15T22:23:38;2053-08-15T22:23:38;null;false
3574;Мир фильмов и сериалов;https://t.me/Mir_Filmov_AnastasiaFOX;7000;1000;true;2023-12-29T11:11:27;2023-08-15T22:23:38;2053-08-15T22:23:38;null;false
3575;Сериалы и фильмы;https://t.me/mdramus;6000;3000;true;2023-12-29T11:11:27;2023-08-15T22:23:38;2053-08-15T22:23:38;null;false
3576;Dokkino (Документальные фильмы и сериалы);https://t.me/dokkino21;6000;1000;true;2023-12-29T11:11:27;2023-08-15T22:23:38;2053-08-15T22:23:38;null;false
3577;Марвел: Фильмы. Сериалы.;https://t.me/marvel_q;5000;12000;true;2023-12-29T11:11:27;2023-08-15T22:23:38;2053-08-15T22:23:38;null;false
3578;ТУРЕЦКИЙ | СЕРИАЛЫ | ФИЛЬМЫ 🍿;https://t.me/turetskie_filmi;5000;6000;true;2023-12-29T11:11:27;2023-08-15T22:23:38;2053-08-15T22:23:38;null;false
3579;Фильмы | Сериалы | Подборки фильмов | Подборки сериалов | Подборки мультиков;https://t.me/kino_ratings;4000;1000;true;2023-12-29T11:11:27;2023-08-15T22:23:38;2053-08-15T22:23:38;null;false
3580;Новости кино Marvel DC Фильмы Сериалы Разборы Обзоры Комиксы | МОГУЧИЙ МСТИТЕЛЬ;https://t.me/mmstitel;5000;1000;true;2023-12-29T11:11:27;2023-08-15T22:23:38;2053-08-15T22:23:38;null;false
3581;Фильмы Сериалы Мультфильмы;https://t.me/filmy_mult;5000;1000;true;2023-12-29T11:11:27;2023-08-15T22:23:38;2053-08-15T22:23:38;null;false
3582;Фильмы | Кино | Сериалы;https://t.me/SeeFullHD;5000;1000;true;2023-12-29T11:11:27;2023-08-15T22:23:38;2053-08-15T22:23:38;null;false
3583;Библиотека Фильмов и Сериалов;https://t.me/biblio_anime;5000;1000;true;2023-12-29T11:11:27;2023-08-15T22:23:38;2053-08-15T22:23:38;null;false
3584;Mediabay - Онлайн ТВ, Фильмы и Сериалы;https://t.me/tvmediabay;4000;3000;true;2023-12-29T11:11:27;2023-08-15T22:23:38;2053-08-15T22:23:38;null;false
3585;MaxiFilmer: фильмы, сериалы, аниме;https://t.me/maxifilmer;4000;1000;true;2023-12-29T11:11:27;2023-08-15T22:23:38;2053-08-15T22:23:38;null;false
3586;WB Партнеры;https://t.me/wbsellerofficial;213000;33000;true;2023-12-29T11:11:27;2023-08-15T22:23:38;2053-08-15T22:23:38;null;false
3587;Ozon Marketplace;https://t.me/ozonmarketplace;86000;12000;true;2023-12-29T11:11:27;2023-08-15T22:23:38;2053-08-15T22:23:38;null;false
3588;Wildbox.News;https://t.me/wildbox_news;80000;18000;true;2023-12-29T11:11:27;2023-08-15T22:23:38;2053-08-15T22:23:38;null;false
3589;Акулы Wildberries;https://t.me/wbsharks;70000;6000;true;2023-12-29T11:11:27;2023-08-15T22:23:38;2053-08-15T22:23:38;null;false
3590;Хогвартс маркетплейсов;https://t.me/marketplace_hogwarts;44000;14000;true;2023-12-29T11:11:27;2023-08-15T22:23:38;2053-08-15T22:23:38;null;false
3591;Курятник 🪺 Все о продвижении на Wildberries;https://t.me/kudahiko;31000;3000;true;2023-12-29T11:11:27;2023-08-15T22:23:38;2053-08-15T22:23:38;null;false
3592;Рыжий М.;https://t.me/redmilliard;28000;6000;true;2023-12-29T11:11:27;2023-08-15T22:23:38;2053-08-15T22:23:38;null;false
3593;Семья на Wildberries;https://t.me/sellermp;26000;4000;true;2023-12-29T11:11:27;2023-08-15T22:23:38;2053-08-15T22:23:38;null;false
3594;Новак Павел wb и ozon;https://t.me/novak_WB;24000;4000;true;2023-12-29T11:11:27;2023-08-15T22:23:38;2053-08-15T22:23:38;null;false
3595;Отменили CTR | Реклама на Маркетплейсах;https://t.me/ekspertmp;23000;2000;true;2023-12-29T11:11:27;2023-08-15T22:23:38;2053-08-15T22:23:38;null;false
3596;💜💜💜Андрей: Про маркетплейс Wildberries и не только (>1 млн продаж);https://t.me/andrey_pro_business;17000;2000;true;2023-12-29T11:11:27;2023-08-15T22:23:38;2053-08-15T22:23:38;null;false
3597;Эстетичный wildberries 🎀;https://t.me/aestheticsbez;189000;3000;true;2023-12-29T11:11:27;2023-08-15T22:23:38;2053-08-15T22:23:38;null;false
3598;Годнота на Wildberries 💕;https://t.me/wb_godnota;92000;3000;true;2023-12-29T11:11:27;2023-08-15T22:23:38;2053-08-15T22:23:38;null;false
3599;woopme| wildberries;https://t.me/woopmewb;60000;10000;true;2023-12-29T11:11:27;2023-08-15T22:23:38;2053-08-15T22:23:38;null;false
3600;Находки OZON WB;https://t.me/wildberriesy;5000;1000;true;2023-12-29T11:11:27;2023-08-15T22:23:38;2053-08-15T22:23:38;null;false
3601;Автоматизация WILBERRIES;https://t.me/robo_wb;14000;2000;true;2023-12-29T11:11:27;2023-08-15T22:23:38;2053-08-15T22:23:38;null;false
3602;Max / Продвижение на Wildberries / LET`S ROCK on WB;https://t.me/maxprowb;12000;3000;true;2023-12-29T11:11:27;2023-08-15T22:23:38;2053-08-15T22:23:38;null;false
3603;Просто о маркетплейсах;https://t.me/vsegdaprosto;12000;1000;true;2023-12-29T11:11:27;2023-08-15T22:23:38;2053-08-15T22:23:38;null;false
3604;Елена Меньшенина;https://t.me/mensheninalena;10000;5000;true;2023-12-29T11:11:27;2023-08-15T22:23:38;2053-08-15T22:23:38;null;false
3605;Аналитик на миллиард | Wildberries;https://t.me/wbbillion;10000;2000;true;2023-12-29T11:11:27;2023-08-15T22:23:38;2053-08-15T22:23:38;null;false
3606;🇨🇳Wildberries & Китай | Ирина Агафонова;https://t.me/irina_china_wb;10000;2000;true;2023-12-29T11:11:27;2023-08-15T22:23:38;2053-08-15T22:23:38;null;false
3607;Никакой магии - только цифры.;https://t.me/nikakoymagii;10000;4000;true;2023-12-29T11:11:27;2023-08-15T22:23:38;2053-08-15T22:23:38;null;false
3608;⚡️Polagushin | Фешн на WB;https://t.me/polagushin_clo;10000;1000;true;2023-12-29T11:11:27;2023-08-15T22:23:38;2053-08-15T22:23:38;null;false
3609;Основатель mkeeper;https://t.me/mkeeper;9000;11000;true;2023-12-29T11:11:27;2023-08-15T22:23:38;2053-08-15T22:23:38;null;false
3610;Влад / Fullstats - Маркетинг на wildberries;https://t.me/fbs_wildberries;10000;1000;true;2023-12-29T11:11:27;2023-08-15T22:23:38;2053-08-15T22:23:38;null;false
3611;Финансы WB – Виноградов Алексей;https://t.me/wbfinance;9000;1000;true;2023-12-29T11:11:27;2023-08-15T22:23:38;2053-08-15T22:23:38;null;false
3612;Вита | Про маркетплейсы;https://t.me/vitaecom;8000;1000;true;2023-12-29T11:11:27;2023-08-15T22:23:38;2053-08-15T22:23:38;null;false
3613;Юрист Wildberries I WB I Вайлдберриз SKEYLO;https://t.me/skeylowb;5000;1000;true;2023-12-29T11:11:27;2023-08-15T22:23:38;2053-08-15T22:23:38;null;false
3614;Тигран | Путь на Wildberries и Ozon;https://t.me/tigranwb;5000;1000;true;2023-12-29T11:11:27;2023-08-15T22:23:38;2053-08-15T22:23:38;null;false
3615;Суета на Wildberries и Ozon;https://t.me/suetanawb;4000;1000;true;2023-12-29T11:11:27;2023-08-15T22:23:38;2053-08-15T22:23:38;null;false
3616;Дмитрий | WB простыми словами;https://t.me/dmitrysell;4000;1000;true;2023-12-29T11:11:27;2023-08-15T22:23:38;2053-08-15T22:23:38;null;false
3617;OZON;https://t.me/ozonru;335000;68000;true;2023-12-29T11:11:27;2023-08-15T22:23:38;2053-08-15T22:23:38;null;false
3618;🩵 Нюша про | Находки WB OZON |Товары для дома | Стильные образы;https://t.me/nyusha_pro;111000;60000;true;2023-12-29T11:11:27;2023-08-15T22:23:38;2053-08-15T22:23:38;null;false
3619;Пуговка | Находки с WB, OZON;https://t.me/pugovka00;89000;6000;true;2023-12-29T11:11:27;2023-08-15T22:23:38;2053-08-15T22:23:38;null;false
3620;Ozon и партнёры: live news;https://t.me/ozonapvz;53000;14000;true;2023-12-29T11:11:27;2023-08-15T22:23:38;2053-08-15T22:23:38;null;false
3621;Ozon Learning (АПВЗ);https://t.me/apvzozonlearning;47000;40000;true;2023-12-29T11:11:27;2023-08-15T22:23:38;2053-08-15T22:23:38;null;false
3622;Ozon fresh;https://t.me/ozonfresh;46000;14000;true;2023-12-29T11:11:27;2023-08-15T22:23:38;2053-08-15T22:23:38;null;false
3623;Косметика | Красота | Находки с WB | Вайлдбериз;https://t.me/nahodki_na_wb_ozon_kosmetika;44000;5000;true;2023-12-29T11:11:27;2023-08-15T22:23:38;2053-08-15T22:23:38;null;false
3624;Фулфилмент Wildberries Ozon;https://t.me/fulfilmentcmt;43000;4000;true;2023-12-29T11:11:27;2023-08-15T22:23:38;2053-08-15T22:23:38;null;false
3625;Семейный Wildberries | Ozon | Скидки |;https://t.me/wb_famiily;42000;23000;true;2023-12-29T11:11:27;2023-08-15T22:23:38;2053-08-15T22:23:38;null;false
3626;WB - OZON скидки до 90%😱🔥;https://t.me/wb_skidkamam;36000;3000;true;2023-12-29T11:11:27;2023-08-15T22:23:38;2053-08-15T22:23:38;null;false
3627;РАСПРОДАЖИ WILDBERRIES и OZON;https://t.me/salewildberries2;36000;7000;true;2023-12-29T11:11:27;2023-08-15T22:23:38;2053-08-15T22:23:38;null;false
3628;ОБЗОРЫ С Wildberries и Ozon;https://t.me/WB_Ozon_noxodki;35000;5000;true;2023-12-29T11:11:27;2023-08-15T22:23:38;2053-08-15T22:23:38;null;false
3629;Скидки Ozon | Находки ozon;https://t.me/ozon_skidki0;27000;7000;true;2023-12-29T11:11:27;2023-08-15T22:23:38;2053-08-15T22:23:38;null;false
3630;Ozon HQ;https://t.me/ozonhq;23000;8000;true;2023-12-29T11:11:27;2023-08-15T22:23:38;2053-08-15T22:23:38;null;false
3631;🛍НАХОДКИ WB OZON🛍;https://t.me/angelnaxodki;20000;8000;true;2023-12-29T11:11:27;2023-08-15T22:23:38;2053-08-15T22:23:38;null;false
3632;Сказочный WILDBERRIES/OZON;https://t.me/sub100ka;20000;1000;true;2023-12-29T11:11:27;2023-08-15T22:23:38;2053-08-15T22:23:38;null;false
3633;Ozon Travel;https://t.me/ozontravel_official;15000;3000;true;2023-12-29T11:11:27;2023-08-15T22:23:38;2053-08-15T22:23:38;null;false
3634;Ozon Банк;https://t.me/ozon_bank_official;12000;19000;true;2023-12-29T11:11:27;2023-08-15T22:23:38;2053-08-15T22:23:38;null;false
3635;Ozon Tech;https://t.me/ozon_tech;11000;3000;true;2023-12-29T11:11:27;2023-08-15T22:23:38;2053-08-15T22:23:38;null;false
3636;Ozøn Design;https://t.me/ozondesign;11000;3000;true;2023-12-29T11:11:27;2023-08-15T22:23:38;2053-08-15T22:23:38;null;false
3637;Ozon Books;https://t.me/ozonbooks;10000;3000;true;2023-12-29T11:11:27;2023-08-15T22:23:38;2053-08-15T22:23:38;null;false
3638;ШЭР/Шеринг. Экология. Рациональность;https://t.me/etosher;67000;9000;true;2023-12-29T11:11:27;2023-08-15T22:23:38;2053-08-15T22:23:38;null;false
3639;Экологиня;https://t.me/ecomisli;58000;7000;true;2023-12-29T11:11:27;2023-08-15T22:23:38;2053-08-15T22:23:38;null;false
3640;Ресайкл🌏💚♻️;https://t.me/recyclemagru;57000;10000;true;2023-12-29T11:11:27;2023-08-15T22:23:38;2053-08-15T22:23:38;null;false
3641;Экология без фанатизма️;https://t.me/ecodays;30000;3000;true;2023-12-29T11:11:27;2023-08-15T22:23:38;2053-08-15T22:23:38;null;false
3642;Эколог Жора Каваносян;https://t.me/ecozhora;28000;4000;true;2023-12-29T11:11:27;2023-08-15T22:23:38;2053-08-15T22:23:38;null;false
3643;Экология | Энергетика | ESG;https://t.me/ecologia_i_energetika;23000;11000;true;2023-12-29T11:11:27;2023-08-15T22:23:38;2053-08-15T22:23:38;null;false
3644;Сортировочная;https://t.me/sortirovochnaya;20000;2000;true;2023-12-29T11:11:27;2023-08-15T22:23:38;2053-08-15T22:23:38;null;false
3645;Неустойчивое развитие;https://t.me/nongreta;12000;9000;true;2023-12-29T11:11:27;2023-08-15T22:23:38;2053-08-15T22:23:38;null;false
3646;РЭО ♻️💚;https://t.me/reo_ru;12000;3000;true;2023-12-29T11:11:27;2023-08-15T22:23:38;2053-08-15T22:23:38;null;false
3647;Экология России;https://t.me/ekologiya_rf;12000;5000;true;2023-12-29T11:11:27;2023-08-15T22:23:38;2053-08-15T22:23:38;null;false
3648;Земля касается каждого;https://t.me/earthtouches_me;11000;1000;true;2023-12-29T11:11:27;2023-08-15T22:23:38;2053-08-15T22:23:38;null;false
3649;Устойчивое Развитие - ESG - экология;https://t.me/urzvt;11000;6000;true;2023-12-29T11:11:27;2023-08-15T22:23:38;2053-08-15T22:23:38;null;false
3650;100%_Зелёного 💚;https://t.me/greenpercent;9000;4000;true;2023-12-29T11:11:27;2023-08-15T22:23:38;2053-08-15T22:23:38;null;false
3651;Экология и Человек;https://t.me/eco8man;7000;1000;true;2023-12-29T11:11:27;2023-08-15T22:23:38;2053-08-15T22:23:38;null;false
3652;Green GR | Рашид Исмаилов;https://t.me/green2018;5000;1000;true;2023-12-29T11:11:27;2023-08-15T22:23:38;2053-08-15T22:23:38;null;false
3653;Экология производства;https://t.me/eco_industry;5000;1000;true;2023-12-29T11:11:27;2023-08-15T22:23:38;2053-08-15T22:23:38;null;false
3654;ЕкоРубрика;https://t.me/ecorubric;3000;1000;true;2023-12-29T11:11:27;2023-08-15T22:23:38;2053-08-15T22:23:38;null;false
3655;Новости Минприроды РФ;https://t.me/minprirody;3000;1000;true;2023-12-29T11:11:27;2023-08-15T22:23:38;2053-08-15T22:23:38;null;false
3656;СКОЛКОВО про устойчивое развитие;https://t.me/skolkovo_esg;3000;1000;true;2023-12-29T11:11:27;2023-08-15T22:23:38;2053-08-15T22:23:38;null;false
3657;АРВЭ | Ассоциация развития возобновляемой энергетики;https://t.me/rreda_official;2000;1000;true;2023-12-29T11:11:27;2023-08-15T22:23:38;2053-08-15T22:23:38;null;false
3658;Гринж;https://t.me/greeenge;2000;1000;true;2023-12-29T11:11:27;2023-08-15T22:23:38;2053-08-15T22:23:38;null;false
3659;•Пушистые Новости Москвы! | Москва животные | Pets;https://t.me/pusmoskva_4043;2000;1000;true;2023-12-29T11:11:27;2023-08-15T22:23:38;2053-08-15T22:23:38;null;false
3660;Экологическая вахта;https://t.me/ecologicalvahta;2000;1000;true;2023-12-29T11:11:27;2023-08-15T22:23:38;2053-08-15T22:23:38;null;false
3661;ЭкоАктивист;https://t.me/EcoAktivist1;2000;1000;true;2023-12-29T11:11:27;2023-08-15T22:23:38;2053-08-15T22:23:38;null;false
3662;Циркулярка;https://t.me/circulary;2000;1000;true;2023-12-29T11:11:27;2023-08-15T22:23:38;2053-08-15T22:23:38;null;false
3663;ЭКОсводка38;https://t.me/ecosvodka38;2000;1000;true;2023-12-29T11:11:27;2023-08-15T22:23:38;2053-08-15T22:23:38;null;false
3664;Java библиотека;https://t.me/javalib;29000;4000;true;2023-12-29T11:11:27;2023-08-15T22:23:38;2053-08-15T22:23:38;null;false
3665;Библиотека джависта | Java, Spring, Maven, Hibernate;https://t.me/javaproglib;25000;3000;true;2023-12-29T11:11:27;2023-08-15T22:23:38;2053-08-15T22:23:38;null;false
3666;Senior Java Developer;https://t.me/seniorjavist;22000;2000;true;2023-12-29T11:11:27;2023-08-15T22:23:38;2053-08-15T22:23:38;null;false
3667;Книги для Java программиста;https://t.me/bookofgeek;20000;2000;true;2023-12-29T11:11:27;2023-08-15T22:23:38;2053-08-15T22:23:38;null;false
3668;Java Learning;https://t.me/Java_per_month;13000;1000;true;2023-12-29T11:11:27;2023-08-15T22:23:38;2053-08-15T22:23:38;null;false
3669;Java книги по программированию;https://t.me/booksjava;12000;1000;true;2023-12-29T11:11:27;2023-08-15T22:23:38;2053-08-15T22:23:38;null;false
3670;Java Guru 🤓;https://t.me/javatasks;12000;1000;true;2023-12-29T11:11:27;2023-08-15T22:23:38;2053-08-15T22:23:38;null;false
3671;Библиотека Java разработчика;https://t.me/BookJava;11000;1000;true;2023-12-29T11:11:27;2023-08-15T22:23:38;2053-08-15T22:23:38;null;false
3672;Java: fill the gaps;https://t.me/java_fillthegaps;10000;7000;true;2023-12-29T11:11:27;2023-08-15T22:23:38;2053-08-15T22:23:38;null;false
3673;Чашечка Java;https://t.me/a_cup_of_java;10000;1000;true;2023-12-29T11:11:27;2023-08-15T22:23:38;2053-08-15T22:23:38;null;false
3674;Java Job | Вакансии | Работа;https://t.me/job_javadevs;10000;2000;true;2023-12-29T11:11:27;2023-08-15T22:23:38;2053-08-15T22:23:38;null;false
3675;Дорогу осилит идущий. Java;https://t.me/ViamSupervadetVadens;9000;5000;true;2023-12-29T11:11:27;2023-08-15T22:23:38;2053-08-15T22:23:38;null;false
3676;Java Books;https://t.me/java_library;7000;2000;true;2023-12-29T11:11:27;2023-08-15T22:23:38;2053-08-15T22:23:38;null;false
3677;Java jobs — вакансии для java-разработчиков;https://t.me/javadevjob;8000;1000;true;2023-12-29T11:11:27;2023-08-15T22:23:38;2053-08-15T22:23:38;null;false
3678;Java Memes → Айти Memes;https://t.me/java_memes;6000;3000;true;2023-12-29T11:11:27;2023-08-15T22:23:38;2053-08-15T22:23:38;null;false
3679;Java задачи с собеседований;https://t.me/javaquiz;6000;1000;true;2023-12-29T11:11:27;2023-08-15T22:23:38;2053-08-15T22:23:38;null;false
3680;JavaRush;https://t.me/javarush_original;6000;1000;true;2023-12-29T11:11:27;2023-08-15T22:23:38;2053-08-15T22:23:38;null;false
3681;Java Книги. Книги по программированию на Java;https://t.me/javabooksarchive;5000;1000;true;2023-12-29T11:11:27;2023-08-15T22:23:38;2053-08-15T22:23:38;null;false
3682;Front-end Job Offers;https://t.me/runello_rus_frontend;5000;1000;true;2023-12-29T11:11:27;2023-08-15T22:23:38;2053-08-15T22:23:38;null;false
3683;javaswag;https://t.me/javaswag;5000;1000;true;2023-12-29T11:11:27;2023-08-15T22:23:38;2053-08-15T22:23:38;null;false
3684;Kata Academy;https://t.me/kata_academy;4000;1000;true;2023-12-29T11:11:27;2023-08-15T22:23:38;2053-08-15T22:23:38;null;false
3685;Java задачки тесты;https://t.me/javaquize;4000;2000;true;2023-12-29T11:11:27;2023-08-15T22:23:38;2053-08-15T22:23:38;null;false
3686;Java News;https://t.me/java_newss;4000;1000;true;2023-12-29T11:11:27;2023-08-15T22:23:38;2053-08-15T22:23:38;null;false
3687;Книги по Java | Books Java 📚;https://t.me/java_360;3000;1000;true;2023-12-29T11:11:27;2023-08-15T22:23:38;2053-08-15T22:23:38;null;false
3688;Java | Фишки и трюки;https://t.me/java_tips_and_tricks;3000;1000;true;2023-12-29T11:11:27;2023-08-15T22:23:38;2053-08-15T22:23:38;null;false
3689;Java Interview Tasks;https://t.me/java_interview_tasks;3000;1000;true;2023-12-29T11:11:27;2023-08-15T22:23:38;2053-08-15T22:23:38;null;false
3690;JavaScript Job Offers;https://t.me/runello_rus_javascript;2000;1000;true;2023-12-29T11:11:27;2023-08-15T22:23:38;2053-08-15T22:23:38;null;false
3691;Java guru;https://t.me/java_guru;1000;1000;true;2023-12-29T11:11:27;2023-08-15T22:23:38;2053-08-15T22:23:38;null;false
3692;Python School;https://t.me/PythonAA;100000;4000;true;2023-12-29T11:11:27;2023-08-15T22:23:38;2053-08-15T22:23:38;null;false
3693;Python обучающий;https://t.me/pythonist24;77000;6000;true;2023-12-29T11:11:27;2023-08-15T22:23:38;2053-08-15T22:23:38;null;false
3694;[PYTHON:TODAY];https://t.me/python2day;58000;10000;true;2023-12-29T11:11:27;2023-08-15T22:23:38;2053-08-15T22:23:38;null;false
3695;Python Academy;https://t.me/python_academy;58000;5000;true;2023-12-29T11:11:27;2023-08-15T22:23:38;2053-08-15T22:23:38;null;false
3696;Python Hacks;https://t.me/python_secrets;51000;3000;true;2023-12-29T11:11:27;2023-08-15T22:23:38;2053-08-15T22:23:38;null;false
3697;Python и 1000 программ;https://t.me/py_1000_prog;42000;3000;true;2023-12-29T11:11:27;2023-08-15T22:23:38;2053-08-15T22:23:38;null;false
3698;Python Books. Книги по питону;https://t.me/pythonbooks;41000;4000;true;2023-12-29T11:11:27;2023-08-15T22:23:38;2053-08-15T22:23:38;null;false
3699;Senior Python Developer;https://t.me/seniorpy;41000;4000;true;2023-12-29T11:11:27;2023-08-15T22:23:38;2053-08-15T22:23:38;null;false
3701;Библиотека питониста | Python, Django, Flask;https://t.me/pyproglib;40000;3000;true;2023-12-29T11:11:27;2023-08-15T22:23:38;2053-08-15T22:23:38;null;false
3702;Python Learning;https://t.me/Python_per_month;29000;3000;true;2023-12-29T11:11:27;2023-08-15T22:23:38;2053-08-15T22:23:38;null;false
3703;Pythonist.ru - образование по питону;https://t.me/pythonist_ru;27000;2000;true;2023-12-29T11:11:27;2023-08-15T22:23:38;2053-08-15T22:23:38;null;false
3704;Zen of Python;https://t.me/zen_of_python;23000;2000;true;2023-12-29T11:11:27;2023-08-15T22:23:38;2053-08-15T22:23:38;null;false
3705;Библиотека Python разработчика;https://t.me/BookPython;20000;2000;true;2023-12-29T11:11:27;2023-08-15T22:23:38;2053-08-15T22:23:38;null;false
3706;📚Python Books;https://t.me/pythonlbooks;18000;2000;true;2023-12-29T11:11:27;2023-08-15T22:23:38;2053-08-15T22:23:38;null;false
3707;Python Expert | Программирование;https://t.me/pythonexpert_it;16000;2000;true;2023-12-29T11:11:27;2023-08-15T22:23:38;2053-08-15T22:23:38;null;false
3708;Python Community;https://t.me/Python_Community_ru;16000;2000;true;2023-12-29T11:11:27;2023-08-15T22:23:38;2053-08-15T22:23:38;null;false
3709;Python задачки;https://t.me/pythonquestions;14000;3000;true;2023-12-29T11:11:27;2023-08-15T22:23:38;2053-08-15T22:23:38;null;false
3710;PythonBoost - сообщество питонистов;https://t.me/pythonboost;14000;1000;true;2023-12-29T11:11:27;2023-08-15T22:23:38;2053-08-15T22:23:38;null;false
3711;Python Education;https://t.me/python_education_it;13000;1000;true;2023-12-29T11:11:27;2023-08-15T22:23:38;2053-08-15T22:23:38;null;false
3712;Python | CMD;https://t.me/cmd_python;13000;1000;true;2023-12-29T11:11:27;2023-08-15T22:23:38;2053-08-15T22:23:38;null;false
3713;Разъяснивший Python;https://t.me/python_pssss;12000;1000;true;2023-12-29T11:11:27;2023-08-15T22:23:38;2053-08-15T22:23:38;null;false
3714;Задачи по Python и машинному обучению;https://t.me/python_tasks;12000;1000;true;2023-12-29T11:11:27;2023-08-15T22:23:38;2053-08-15T22:23:38;null;false
3715;Книги Python;https://t.me/pythonlib;12000;2000;true;2023-12-29T11:11:27;2023-08-15T22:23:38;2053-08-15T22:23:38;null;false
3716;Книги по Python. Книги по программированию на Python;https://t.me/pythonbooksarchive;11000;5000;true;2023-12-29T11:11:27;2023-08-15T22:23:38;2053-08-15T22:23:38;null;false
3717;PythonCamp;https://t.me/pycodecamp;11000;1000;true;2023-12-29T11:11:27;2023-08-15T22:23:38;2053-08-15T22:23:38;null;false
3718;Просто Python | Data science | ML | AI;https://t.me/pro100python1;10000;1000;true;2023-12-29T11:11:27;2023-08-15T22:23:38;2053-08-15T22:23:38;null;false
3719;Python: задачки и вопросы;https://t.me/quiz_python;9000;1000;true;2023-12-29T11:11:27;2023-08-15T22:23:38;2053-08-15T22:23:38;null;false
3720;Datalytics;https://t.me/datalytx;8000;1000;true;2023-12-29T11:11:27;2023-08-15T22:23:38;2053-08-15T22:23:38;null;false
3721;Python tricks | Хитрости Питона;https://t.me/python_tricks;7000;1000;true;2023-12-29T11:11:27;2023-08-15T22:23:38;2053-08-15T22:23:38;null;false
3722;About Python [ru];https://t.me/python_tesst;7000;1000;true;2023-12-29T11:11:27;2023-08-15T22:23:38;2053-08-15T22:23:38;null;false
3723;🐍 PythonGuru — работа и стажировки для программистов;https://t.me/gurupython;5000;1000;true;2023-12-29T11:11:27;2023-08-15T22:23:38;2053-08-15T22:23:38;null;false
3724;Python Lounge: работа и стажировки для программистов;https://t.me/python_lounge;5000;1000;true;2023-12-29T11:11:27;2023-08-15T22:23:38;2053-08-15T22:23:38;null;false
3725;Книги по Python | Books Python 📚;https://t.me/python_360;5000;1000;true;2023-12-29T11:11:27;2023-08-15T22:23:38;2053-08-15T22:23:38;null;false
3726;Python Quiz;https://t.me/pythonquizes;4000;1000;true;2023-12-29T11:11:27;2023-08-15T22:23:38;2053-08-15T22:23:38;null;false
3727;Добро пожаловать в мир Python;https://t.me/Welcome_Python;4000;1000;true;2023-12-29T11:11:27;2023-08-15T22:23:38;2053-08-15T22:23:38;null;false
3728;PythonTalk;https://t.me/pythontalk_ru;3000;1000;true;2023-12-29T11:11:27;2023-08-15T22:23:38;2053-08-15T22:23:38;null;false
3729;Реальный Python;https://t.me/python_real;3000;1000;true;2023-12-29T11:11:27;2023-08-15T22:23:38;2053-08-15T22:23:38;null;false
3730;PythonDigest;https://t.me/py_digest;2000;1000;true;2023-12-29T11:11:27;2023-08-15T22:23:38;2053-08-15T22:23:38;null;false
3731;Amazing Python 🐍;https://t.me/pythonamazing;1000;1000;true;2023-12-29T11:11:27;2023-08-15T22:23:38;2053-08-15T22:23:38;null;false
3733;Код на салфетке;https://t.me/press_any_button;1000;1000;true;2023-12-29T11:11:27;2023-08-15T22:23:38;2053-08-15T22:23:38;null;false
3734;Макеты для верстки;https://t.me/figma2html;50000;5000;true;2023-12-29T11:11:27;2023-08-15T22:23:38;2053-08-15T22:23:38;null;false
3735;Сайтодел | GitHub, Верстка, Сайты, FullStack;https://t.me/sitodel;40000;2000;true;2023-12-29T11:11:27;2023-08-15T22:23:38;2053-08-15T22:23:38;null;false
3736;Frontender's notes [ru];https://t.me/frontendnoteschannel;37000;3000;true;2023-12-29T11:11:27;2023-08-15T22:23:38;2053-08-15T22:23:38;null;false
3737;Макеты Figma;https://t.me/figma_maketss;30000;2000;true;2023-12-29T11:11:27;2023-08-15T22:23:38;2053-08-15T22:23:38;null;false
3738;Веб-страница;https://t.me/tproger_web;29000;2000;true;2023-12-29T11:11:27;2023-08-15T22:23:38;2053-08-15T22:23:38;null;false
3739;Senior Frontend - javascript, html, css;https://t.me/seniorFront;27000;2000;true;2023-12-29T11:11:27;2023-08-15T22:23:38;2053-08-15T22:23:38;null;false
3740;Библиотека фронтендера | Frontend, JS, JavaScript, React.js, Angular.js, Vue.js;https://t.me/frontendproglib;22000;2000;true;2023-12-29T11:11:27;2023-08-15T22:23:38;2053-08-15T22:23:38;null;false
3741;Senior Frontend Developer;https://t.me/senior_front;21000;2000;true;2023-12-29T11:11:27;2023-08-15T22:23:38;2053-08-15T22:23:38;null;false
3742;xCode Journal;https://t.me/xCode_Journal;21000;1000;true;2023-12-29T11:11:27;2023-08-15T22:23:38;2053-08-15T22:23:38;null;false
3743;JavaScript test;https://t.me/js_test;14000;1000;true;2023-12-29T11:11:27;2023-08-15T22:23:38;2053-08-15T22:23:38;null;false
3744;Frontend Interview - собеседования по Javascript / Html / Css;https://t.me/frontendInterview;13000;1000;true;2023-12-29T11:11:27;2023-08-15T22:23:38;2053-08-15T22:23:38;null;false
3745;Javascript;https://t.me/javascriptv;11000;2000;true;2023-12-29T11:11:27;2023-08-15T22:23:38;2053-08-15T22:23:38;null;false
3746;codepen.js;https://t.me/codepen_js;11000;1000;true;2023-12-29T11:11:27;2023-08-15T22:23:38;2053-08-15T22:23:38;null;false
3747;Figma макеты для верстки;https://t.me/figma_start;11000;1000;true;2023-12-29T11:11:27;2023-08-15T22:23:38;2053-08-15T22:23:38;null;false
3748;JavaScript заметки;https://t.me/notesjs;9000;1000;true;2023-12-29T11:11:27;2023-08-15T22:23:38;2053-08-15T22:23:38;null;false
3749;Node.JS [ru] | Серверный JavaScript;https://t.me/we_use_js;9000;2000;true;2023-12-29T11:11:27;2023-08-15T22:23:38;2053-08-15T22:23:38;null;false
3750;Frontender Libs - обзор библиотек JS / CSS;https://t.me/sWebDev;9000;1000;true;2023-12-29T11:11:27;2023-08-15T22:23:38;2053-08-15T22:23:38;null;false
3751;Frontend Головного Мозга;https://t.me/frontend_mind;9000;1000;true;2023-12-29T11:11:27;2023-08-15T22:23:38;2053-08-15T22:23:38;null;false
3752;Html Gram;https://t.me/HtmlGram1;9000;1000;true;2023-12-29T11:11:27;2023-08-15T22:23:38;2053-08-15T22:23:38;null;false
3753;Сети и точка;https://t.me/it_fullstak;8000;1000;true;2023-12-29T11:11:27;2023-08-15T22:23:38;2053-08-15T22:23:38;null;false
3754;Фронтенд Гайд;https://t.me/frontend_dev5;7000;1000;true;2023-12-29T11:11:27;2023-08-15T22:23:38;2053-08-15T22:23:38;null;false
3755;Простой JavaScript;https://t.me/simple_js;6000;1000;true;2023-12-29T11:11:27;2023-08-15T22:23:38;2053-08-15T22:23:38;null;false
3756;JavaScript задачи с собеседований;https://t.me/javascriptquiz;6000;1000;true;2023-12-29T11:11:27;2023-08-15T22:23:38;2053-08-15T22:23:38;null;false
3757;Войти в IT | Frontend;https://t.me/sign_in_it;6000;1000;true;2023-12-29T11:11:27;2023-08-15T22:23:38;2053-08-15T22:23:38;null;false
3758;CSS доширак;https://t.me/css_doshik;6000;1000;true;2023-12-29T11:11:27;2023-08-15T22:23:38;2053-08-15T22:23:38;null;false
3759;JavaScript тесты;https://t.me/tests_js;6000;1000;true;2023-12-29T11:11:27;2023-08-15T22:23:38;2053-08-15T22:23:38;null;false
3760;HowProgrammingWorks - JavaScript and Node.js Programming;https://t.me/HowProgrammingWorks;5000;2000;true;2023-12-29T11:11:27;2023-08-15T22:23:38;2053-08-15T22:23:38;null;false
3761;CodeRoll | Frontend;https://t.me/coderoll;5000;1000;true;2023-12-29T11:11:27;2023-08-15T22:23:38;2053-08-15T22:23:38;null;false
3762;Работа — вёрстка и фронтенд;https://t.me/job_webdev;5000;1000;true;2023-12-29T11:11:27;2023-08-15T22:23:38;2053-08-15T22:23:38;null;false
3763;Роман Бодрый | ПРО Веб-разработку;https://t.me/bodrii_developer;5000;1000;true;2023-12-29T11:11:27;2023-08-15T22:23:38;2053-08-15T22:23:38;null;false
3764;Вёрстка сайтов | HTML, CSS, JS;https://t.me/free_html_lessons;5000;1000;true;2023-12-29T11:11:27;2023-08-15T22:23:38;2053-08-15T22:23:38;null;false
3765;Проекты на Javascript | HTML | CSS;https://t.me/wb_code;4000;1000;true;2023-12-29T11:11:27;2023-08-15T22:23:38;2053-08-15T22:23:38;null;false
3766;Front Wars | JavaScript, HTML, CSS;https://t.me/FrontWars;4000;1000;true;2023-12-29T11:11:27;2023-08-15T22:23:38;2053-08-15T22:23:38;null;false
3767;Frontend Portal;https://t.me/FrontendPortal;3000;1000;true;2023-12-29T11:11:27;2023-08-15T22:23:38;2053-08-15T22:23:38;null;false
3768;Learn frontend tips;https://t.me/tips_frontend;3000;1000;true;2023-12-29T11:11:27;2023-08-15T22:23:38;2053-08-15T22:23:38;null;false
3769;Tests front-end;https://t.me/tests_frontend;2000;1000;true;2023-12-29T11:11:27;2023-08-15T22:23:38;2053-08-15T22:23:38;null;false
3770;Сайты как страсть;https://t.me/maxgraph;2000;1000;true;2023-12-29T11:11:27;2023-08-15T22:23:38;2053-08-15T22:23:38;null;false
3771;Катерина. Про Frontend;https://t.me/katrin_profrontend;2000;1000;true;2023-12-29T11:11:27;2023-08-15T22:23:38;2053-08-15T22:23:38;null;false
3772;Django Unleashed Framework;https://t.me/django_prog;2000;1000;true;2023-12-29T11:11:27;2023-08-15T22:23:38;2053-08-15T22:23:38;null;false
3773;Reactify | Frontend Разработка;https://t.me/reactify_IT;2000;1000;true;2023-12-29T11:11:27;2023-08-15T22:23:38;2053-08-15T22:23:38;null;false
3774;Figma - Templates;https://t.me/FigmaTemp1ate;2000;1000;true;2023-12-29T11:11:27;2023-08-15T22:23:38;2053-08-15T22:23:38;null;false
3775;Mood: Frontend;https://t.me/frontend_mood;2000;1000;true;2023-12-29T11:11:27;2023-08-15T22:23:38;2053-08-15T22:23:38;null;false
3776;HolyJS — канал конференции;https://t.me/holyjs_channel;2000;1000;true;2023-12-29T11:11:27;2023-08-15T22:23:38;2053-08-15T22:23:38;null;false
3777;True Frontender;https://t.me/truefrontender;1000;1000;true;2023-12-29T11:11:27;2023-08-15T22:23:38;2053-08-15T22:23:38;null;false
3778;Библиотека пхпшника | PHP, Laravel, Symfony, CodeIgniter;https://t.me/phpproglib;11000;2000;true;2023-12-29T11:11:27;2023-08-15T22:23:38;2053-08-15T22:23:38;null;false
3779;Laravel World;https://t.me/laravel_it;7000;3000;true;2023-12-29T11:11:27;2023-08-15T22:23:38;2053-08-15T22:23:38;null;false
3780;WebCraft - ремесло веб разработки;https://t.me/web_craft;7000;1000;true;2023-12-29T11:11:27;2023-08-15T22:23:38;2053-08-15T22:23:38;null;false
3781;Frontend Portal;https://t.me/FrontendPortal;7000;3000;true;2023-12-29T11:11:27;2023-08-15T22:23:38;2053-08-15T22:23:38;null;false
3782;PHP задачи с собеседований;https://t.me/phpquiz;3000;1000;true;2023-12-29T11:11:27;2023-08-15T22:23:38;2053-08-15T22:23:38;null;false
3783;Пятиминутка PHP;https://t.me/tg_5minphp;2000;1000;true;2023-12-29T11:11:27;2023-08-15T22:23:38;2053-08-15T22:23:38;null;false
3784;Серьезный тестировщик 🐞;https://t.me/serious_tester;34000;4000;true;2023-12-29T11:11:27;2023-08-15T22:23:38;2053-08-15T22:23:38;null;false
3785;Тестировщик от бога;https://t.me/godoftesting;31000;4000;true;2023-12-29T11:11:27;2023-08-15T22:23:38;2053-08-15T22:23:38;null;false
3786;Книги по тестированию;https://t.me/booksqa;14000;2000;true;2023-12-29T11:11:27;2023-08-15T22:23:38;2053-08-15T22:23:38;null;false
3787;Job for QA;https://t.me/forallqa;13000;2000;true;2023-12-29T11:11:27;2023-08-15T22:23:38;2053-08-15T22:23:38;null;false
3788;QApedia | Тестирование;https://t.me/qa_wiki;13000;2000;true;2023-12-29T11:11:27;2023-08-15T22:23:38;2053-08-15T22:23:38;null;false
3789;Тестировщик QA;https://t.me/testirovshik_qa;11000;3000;true;2023-12-29T11:11:27;2023-08-15T22:23:38;2053-08-15T22:23:38;null;false
3790;Библиотека тестировщика | QA, тестирование, quality assurance, manual testing, autotesting, ручное тестирование, автотесты;https://t.me/testerlib;7000;1000;true;2023-12-29T11:11:27;2023-08-15T22:23:38;2053-08-15T22:23:38;null;false
3791;Tester of QA;https://t.me/testerofqa;7000;3000;true;2023-12-29T11:11:27;2023-08-15T22:23:38;2053-08-15T22:23:38;null;false
3792;QA Memes;https://t.me/qa_memes;3000;2000;true;2023-12-29T11:11:27;2023-08-15T22:23:38;2053-08-15T22:23:38;null;false
3793;ProQuality Community;https://t.me/ProQuality_Community;3000;1000;true;2023-12-29T11:11:27;2023-08-15T22:23:38;2053-08-15T22:23:38;null;false
3794;QA Zone: Общество тестировщиков | Тестирование ПО;https://t.me/channel4qa;3000;1000;true;2023-12-29T11:11:27;2023-08-15T22:23:38;2053-08-15T22:23:38;null;false
3795;Типичный QA;https://t.me/typical_qa;3000;1000;true;2023-12-29T11:11:27;2023-08-15T22:23:38;2053-08-15T22:23:38;null;false
3796;Протестировал;https://t.me/sqaunderhood;2000;1000;true;2023-12-29T11:11:27;2023-08-15T22:23:38;2053-08-15T22:23:38;null;false
3797;Никаких багов;https://t.me/it_and_balance;2000;1000;true;2023-12-29T11:11:27;2023-08-15T22:23:38;2053-08-15T22:23:38;null;false
3798;Alexey QA note;https://t.me/dev_qa;1000;1000;true;2023-12-29T11:11:27;2023-08-15T22:23:38;2053-08-15T22:23:38;null;false
3799;Горящий Тестер 🐞 QA, Тестирование;https://t.me/burning_tester;1000;1000;true;2023-12-29T11:11:27;2023-08-15T22:23:38;2053-08-15T22:23:38;null;false
3800;QA.GURU;https://t.me/qa_guru;1000;1000;true;2023-12-29T11:11:27;2023-08-15T22:23:38;2053-08-15T22:23:38;null;false
3801;QA, Тестирование, Обучение;https://t.me/qakrotovchannel;1000;1000;true;2023-12-29T11:11:27;2023-08-15T22:23:38;2053-08-15T22:23:38;null;false
3802;Arzamas;https://t.me/ArzamasLive;47000;5000;true;2023-12-29T11:11:27;2023-08-15T22:23:38;2053-08-15T22:23:38;null;false
3803;Signal;https://t.me/meduzasignal;43000;5000;true;2023-12-29T11:11:27;2023-08-15T22:23:38;2053-08-15T22:23:38;null;false
3804;Радио «Комсомольская правда»;https://t.me/radiokp;25000;5000;true;2023-12-29T11:11:27;2023-08-15T22:23:38;2053-08-15T22:23:38;null;false
3805;Кино Огонь;https://t.me/kinoogon_official;17000;7000;true;2023-12-29T11:11:27;2023-08-15T22:23:38;2053-08-15T22:23:38;null;false
3806;Общим планом;https://t.me/obschimplanom;16000;5000;true;2023-12-29T11:11:27;2023-08-15T22:23:38;2053-08-15T22:23:38;null;false
3807;МУЗЛОФТ;https://t.me/MUZ_LOFT;15000;1000;true;2023-12-29T11:11:27;2023-08-15T22:23:38;2053-08-15T22:23:38;null;false
3808;linkmeup;https://t.me/linkmeup_podcast;13000;3000;true;2023-12-29T11:11:27;2023-08-15T22:23:38;2053-08-15T22:23:38;null;false
3809;Подкаст Матерь Бложья;https://t.me/Mom_of_blogs;12000;4000;true;2023-12-29T11:11:27;2023-08-15T22:23:38;2053-08-15T22:23:38;null;false
3810;Zavtracast;https://t.me/zavtracast;12000;4000;true;2023-12-29T11:11:27;2023-08-15T22:23:38;2053-08-15T22:23:38;null;false
3811;📻Подкасты радио Эхо Москвы;https://t.me/echomskpodcast;11000;3000;true;2023-12-29T11:11:27;2023-08-15T22:23:38;2053-08-15T22:23:38;null;false
3812;В предыдущих сериях;https://t.me/previouslyon_podcast;9000;7000;true;2023-12-29T11:11:27;2023-08-15T22:23:38;2053-08-15T22:23:38;null;false
3813;контент 40+;https://t.me/content40plus;7000;2000;true;2023-12-29T11:11:27;2023-08-15T22:23:38;2053-08-15T22:23:38;null;false
3814;Либо🔺Либо;https://t.me/libolibostudio;6000;1000;true;2023-12-29T11:11:27;2023-08-15T22:23:38;2053-08-15T22:23:38;null;false
3815;Гусьгусь;https://t.me/saygoosegoose;5000;1000;true;2023-12-29T11:11:27;2023-08-15T22:23:38;2053-08-15T22:23:38;null;false
3816;Бака! Подкаст об аниме;https://t.me/podcastbaka;5000;2000;true;2023-12-29T11:11:27;2023-08-15T22:23:38;2053-08-15T22:23:38;null;false
3817;Психология с Александрой Яковлевой | подкаст;https://t.me/psy_with_yakovleva;5000;2000;true;2023-12-29T11:11:27;2023-08-15T22:23:38;2053-08-15T22:23:38;null;false
3818;BeardyCast;https://t.me/beardycast;4000;2000;true;2023-12-29T11:11:27;2023-08-15T22:23:38;2053-08-15T22:23:38;null;false
3819;Алена о мышлении🧠;https://t.me/alenaborjesson;4000;2000;true;2023-12-29T11:11:27;2023-08-15T22:23:38;2053-08-15T22:23:38;null;false
3820;Podcasts.ru;https://t.me/podcasts;4000;1000;true;2023-12-29T11:11:27;2023-08-15T22:23:38;2053-08-15T22:23:38;null;false
3821;Богема, подкасты и маркетинг;https://t.me/bogema_prod;3000;2000;true;2023-12-29T11:11:27;2023-08-15T22:23:38;2053-08-15T22:23:38;null;false
3822;Четыре мнения;https://t.me/the4opinions;3000;1000;true;2023-12-29T11:11:27;2023-08-15T22:23:38;2053-08-15T22:23:38;null;false
3823;Blitz and Chips и Жуть;https://t.me/grishaprorokov;3000;1000;true;2023-12-29T11:11:27;2023-08-15T22:23:38;2053-08-15T22:23:38;null;false
3824;Ты — это важно;https://t.me/important_mental;3000;1000;true;2023-12-29T11:11:27;2023-08-15T22:23:38;2053-08-15T22:23:38;null;false
3825;Первый Подкастовый | Подкасты;https://t.me/karaulpodcast;2000;1000;true;2023-12-29T11:11:27;2023-08-15T22:23:38;2053-08-15T22:23:38;null;false
3826;Red Barn podcasts;https://t.me/RedBarn_ru;2000;1000;true;2023-12-29T11:11:27;2023-08-15T22:23:38;2053-08-15T22:23:38;null;false
3827;"Хочу 𝐂𝟑!" Оля для преподавателей о работе и жизни.;https://t.me/olchegarova_cae;2000;1000;true;2023-12-29T11:11:27;2023-08-15T22:23:38;2053-08-15T22:23:38;null;false
3828;Толковальня;https://t.me/studio_tolk;1000;1000;true;2023-12-29T11:11:27;2023-08-15T22:23:38;2053-08-15T22:23:38;null;false
3829;Чернозём | У шамана три беды;https://t.me/ges_chz;1000;1000;true;2023-12-29T11:11:27;2023-08-15T22:23:38;2053-08-15T22:23:38;null;false
3830;Жертва научпопа;https://t.me/nonficpodcast;1000;1000;true;2023-12-29T11:11:27;2023-08-15T22:23:38;2053-08-15T22:23:38;null;false
3831;Шаги по стеклу | Эхолот | Ботаника подкаст;https://t.me/golubchik;1000;1000;true;2023-12-29T11:11:27;2023-08-15T22:23:38;2053-08-15T22:23:38;null;false
3832;NextMedia;https://t.me/nextmediapodcast;1000;1000;true;2023-12-29T11:11:27;2023-08-15T22:23:38;2053-08-15T22:23:38;null;false
3833;Золотое Яблоко;https://t.me/goldapple;321000;50000;true;2023-12-29T11:11:27;2023-08-15T22:23:38;2053-08-15T22:23:38;null;false
3834;Роскошь бутиков;https://t.me/zhidkovskiy_beauty;133000;33000;true;2023-12-29T11:11:27;2023-08-15T22:23:38;2053-08-15T22:23:38;null;false
3835;КОСМЕТИЧКА;https://t.me/kosmeti4ka_opt;86000;3000;true;2023-12-29T11:11:27;2023-08-15T22:23:38;2053-08-15T22:23:38;null;false
3836;MOLLY COSMETICS;https://t.me/mollycosmeticc;74000;5000;true;2023-12-29T11:11:27;2023-08-15T22:23:38;2053-08-15T22:23:38;null;false
3837;Уходом единым;https://t.me/uhodom_edinym;66000;16000;true;2023-12-29T11:11:27;2023-08-15T22:23:38;2053-08-15T22:23:38;null;false
3838;КРАСОТА ТРЕБУЕТ КЭШ;https://t.me/beautycash;51000;9000;true;2023-12-29T11:11:27;2023-08-15T22:23:38;2053-08-15T22:23:38;null;false
3839;Косметичка: Косметика| Макияж + Wildberries;https://t.me/moda5u;35000;7000;true;2023-12-29T11:11:27;2023-08-15T22:23:38;2053-08-15T22:23:38;null;false
3840;Мать флаконов;https://t.me/smelldate;29000;8000;true;2023-12-29T11:11:27;2023-08-15T22:23:38;2053-08-15T22:23:38;null;false
3841;Ansaligy. Патчей много не бывает;https://t.me/ansaligy;27000;2000;true;2023-12-29T11:11:27;2023-08-15T22:23:38;2053-08-15T22:23:38;null;false
3842;Гримёрка;https://t.me/grimerkaa;25000;6000;true;2023-12-29T11:11:27;2023-08-15T22:23:38;2053-08-15T22:23:38;null;false
3843;очень много косметики;https://t.me/myatnayajvachka;21000;5000;true;2023-12-29T11:11:27;2023-08-15T22:23:38;2053-08-15T22:23:38;null;false
3844;Бьюти баночки;https://t.me/beautyjars;19000;4000;true;2023-12-29T11:11:27;2023-08-15T22:23:38;2053-08-15T22:23:38;null;false
3845;БАНКИ & ТЮБИКИ;https://t.me/bankiitubiki;17000;5000;true;2023-12-29T11:11:27;2023-08-15T22:23:38;2053-08-15T22:23:38;null;false
3846;ГЕВ МУА;https://t.me/smspodrugaaa;17000;4000;true;2023-12-29T11:11:27;2023-08-15T22:23:38;2053-08-15T22:23:38;null;false
3847;Ненудный нюд;https://t.me/makeup_stories;17000;3000;true;2023-12-29T11:11:27;2023-08-15T22:23:38;2053-08-15T22:23:38;null;false
3848;Прыщавая Кейта;https://t.me/prishyavayakeita;16000;7000;true;2023-12-29T11:11:27;2023-08-15T22:23:38;2053-08-15T22:23:38;null;false
3849;Asian;https://t.me/korea_xs;16000;1000;true;2023-12-29T11:11:27;2023-08-15T22:23:38;2053-08-15T22:23:38;null;false
3850;Freebie;https://t.me/skidka_wow;16000;1000;true;2023-12-29T11:11:27;2023-08-15T22:23:38;2053-08-15T22:23:38;null;false
3851;KOSMETOS;https://t.me/kosmetos;15000;1000;true;2023-12-29T11:11:27;2023-08-15T22:23:38;2053-08-15T22:23:38;null;false
3852;ГЛАВНАЯ ПО БЬЮТИ;https://t.me/beauty_glavnaya;15000;3000;true;2023-12-29T11:11:27;2023-08-15T22:23:38;2053-08-15T22:23:38;null;false
3853;Уроки макияжа;https://t.me/vkusnyj;12000;2000;true;2023-12-29T11:11:27;2023-08-15T22:23:38;2053-08-15T22:23:38;null;false
3854;Это не лечится;https://t.me/beautyholique;11000;2000;true;2023-12-29T11:11:27;2023-08-15T22:23:38;2053-08-15T22:23:38;null;false
3855;KOSMETACH;https://t.me/kosmetach_me;8000;2000;true;2023-12-29T11:11:27;2023-08-15T22:23:38;2053-08-15T22:23:38;null;false
3856;Бьютиголенькая;https://t.me/beautyrepeat;8000;2000;true;2023-12-29T11:11:27;2023-08-15T22:23:38;2053-08-15T22:23:38;null;false
3857;БаночкиДоПятисот;https://t.me/bankido500;8000;1000;true;2023-12-29T11:11:27;2023-08-15T22:23:38;2053-08-15T22:23:38;null;false
3858;Бьютимафия;https://t.me/mafiabeau;7000;2000;true;2023-12-29T11:11:27;2023-08-15T22:23:38;2053-08-15T22:23:38;null;false
3859;Красавица и Уходище;https://t.me/beautybyliza;7000;2000;true;2023-12-29T11:11:27;2023-08-15T22:23:38;2053-08-15T22:23:38;null;false
3860;Блестеть не вредно;https://t.me/glittertea;6000;1000;true;2023-12-29T11:11:27;2023-08-15T22:23:38;2053-08-15T22:23:38;null;false
3861;Макияж | Makeup;https://t.me/makiyag;6000;1000;true;2023-12-29T11:11:27;2023-08-15T22:23:38;2053-08-15T22:23:38;null;false
3862;Dasha Lebedeva ✨ макияж/косметика/бьюти/скидки;https://t.me/lebedeva_dari_live;6000;2000;true;2023-12-29T11:11:27;2023-08-15T22:23:38;2053-08-15T22:23:38;null;false
3863;Beauty pleasure✨;https://t.me/beauty_pleasure;6000;2000;true;2023-12-29T11:11:27;2023-08-15T22:23:38;2053-08-15T22:23:38;null;false
3864;Вгоняю в краску;https://t.me/beautynachille;6000;2000;true;2023-12-29T11:11:27;2023-08-15T22:23:38;2053-08-15T22:23:38;null;false
3865;Патчи, джинсы и просекко;https://t.me/dobavit_v_wishlist;6000;2000;true;2023-12-29T11:11:27;2023-08-15T22:23:38;2053-08-15T22:23:38;null;false
3866;Заябанка;https://t.me/zaebanki;6000;2000;true;2023-12-29T11:11:27;2023-08-15T22:23:38;2053-08-15T22:23:38;null;false
3867;Косметический завод;https://t.me/DubrovinaVlada;6000;2000;true;2023-12-29T11:11:27;2023-08-15T22:23:38;2053-08-15T22:23:38;null;false
3868;what i love;https://t.me/whatilove;5000;2000;true;2023-12-29T11:11:27;2023-08-15T22:23:38;2053-08-15T22:23:38;null;false
3869;дневник визажидзе;https://t.me/irenmake;5000;1000;true;2023-12-29T11:11:27;2023-08-15T22:23:38;2053-08-15T22:23:38;null;false
3870;BEAUTYHOLIC;https://t.me/your_skin_care;5000;1000;true;2023-12-29T11:11:27;2023-08-15T22:23:38;2053-08-15T22:23:38;null;false
3871;Сделай мне красиво;https://t.me/beauty_noise;4000;1000;true;2023-12-29T11:11:27;2023-08-15T22:23:38;2053-08-15T22:23:38;null;false
3872;Zabava из глянца;https://t.me/zabavaruss;4000;1000;true;2023-12-29T11:11:27;2023-08-15T22:23:38;2053-08-15T22:23:38;null;false
3873;Make routine great again;https://t.me/helloitsme_ann;2000;2000;true;2023-12-29T11:11:27;2023-08-15T22:23:38;2053-08-15T22:23:38;null;false
3874;СПОРТШИК;https://t.me/sportyandshik;2000;1000;true;2023-12-29T11:11:27;2023-08-15T22:23:38;2053-08-15T22:23:38;null;false
3875;Бьюти без мути;https://t.me/netmonetki;2000;1000;true;2023-12-29T11:11:27;2023-08-15T22:23:38;2053-08-15T22:23:38;null;false
3876;душное бьюти;https://t.me/Itsmybeauty;2000;1000;true;2023-12-29T11:11:27;2023-08-15T22:23:38;2053-08-15T22:23:38;null;false
3877;Меняю лифчик на мэйкап;https://t.me/alla_krasit;1000;1000;true;2023-12-29T11:11:27;2023-08-15T22:23:38;2053-08-15T22:23:38;null;false
3878;ВБшница | Косметика и вещи с Wildberries;https://t.me/wbsnitsa;1000;1000;true;2023-12-29T11:11:27;2023-08-15T22:23:38;2053-08-15T22:23:38;null;false
3879;Послушаем или понюхаем?;https://t.me/parf_bardo;1000;1000;true;2023-12-29T11:11:27;2023-08-15T22:23:38;2053-08-15T22:23:38;null;false
3880;Сказки Снежной Королевы;https://t.me/holodskazki;1000;1000;true;2023-12-29T11:11:27;2023-08-15T22:23:38;2053-08-15T22:23:38;null;false
3881;Всемогущий макияж | SIDORA'S BEAUTY WORLD;https://t.me/sidoraek_world;1000;1000;true;2023-12-29T11:11:27;2023-08-15T22:23:38;2053-08-15T22:23:38;null;false
3882;Евгения. Алхимия Парфюма;https://t.me/alhimiaaromatov;1000;1000;true;2023-12-29T11:11:27;2023-08-15T22:23:38;2053-08-15T22:23:38;null;false
3883;ОП, МАНИКЮРЧИК | НОГТИ;https://t.me/op_manic;300000;36000;true;2023-12-29T11:11:27;2023-08-15T22:23:38;2053-08-15T22:23:38;null;false
3884;Nails | Маникюр на зиму ❄️;https://t.me/nailsluv;216000;13000;true;2023-12-29T11:11:27;2023-08-15T22:23:38;2053-08-15T22:23:38;null;false
3885;Маникюр | Ногти | Дизайн 2024;https://t.me/modnailru;198000;18000;true;2023-12-29T11:11:27;2023-08-15T22:23:38;2053-08-15T22:23:38;null;false
3886;Маникюр | Дизайн ногтей;https://t.me/nails_nogotki;196000;11000;true;2023-12-29T11:11:27;2023-08-15T22:23:38;2053-08-15T22:23:38;null;false
3887;МАНИКЮР💅НОГТИ;https://t.me/dizayn_nogtey_foto;93000;11000;true;2023-12-29T11:11:27;2023-08-15T22:23:38;2053-08-15T22:23:38;null;false
3888;IDEAL Маникюр | Ногти;https://t.me/manikyur_nogty;88000;16000;true;2023-12-29T11:11:27;2023-08-15T22:23:38;2053-08-15T22:23:38;null;false
3889;Поговорим о маникюре 💅🏻;https://t.me/+K3_SxwIGn0wzZTli;65000;7000;true;2023-12-29T11:11:27;2023-08-15T22:23:38;2053-08-15T22:23:38;null;false
3890;Оп, маникюр чик 💕| Маникюр на зиму;https://t.me/nogti_rrr;65000;7000;true;2023-12-29T11:11:27;2023-08-15T22:23:38;2053-08-15T22:23:38;null;false
3891;Маникюр | Дизайн ногтей;https://t.me/manikyurs;37000;10000;true;2023-12-29T11:11:27;2023-08-15T22:23:38;2053-08-15T22:23:38;null;false
3892;🔴 Дизайн ногтей | Маникюр;https://t.me/nogtibel;33000;4000;true;2023-12-29T11:11:27;2023-08-15T22:23:38;2053-08-15T22:23:38;null;false
3893;Дизайн ногтей | Маникюр;https://t.me/manickure;27000;2000;true;2023-12-29T11:11:27;2023-08-15T22:23:38;2053-08-15T22:23:38;null;false
3894;Маникюр;https://t.me/manik_styl;26000;2000;true;2023-12-29T11:11:27;2023-08-15T22:23:38;2053-08-15T22:23:38;null;false
3895;Маникюр и Дизайн ногтей 💅;https://t.me/manikyur_1;25000;1000;true;2023-12-29T11:11:27;2023-08-15T22:23:38;2053-08-15T22:23:38;null;false
3896;ИДЕИ ДЛЯ МАНИКЮРА;https://t.me/maaanic;18000;3000;true;2023-12-29T11:11:27;2023-08-15T22:23:38;2053-08-15T22:23:38;null;false
3897;Красота | Маникюр | Ногти;https://t.me/nailsac;17000;1000;true;2023-12-29T11:11:27;2023-08-15T22:23:38;2053-08-15T22:23:38;null;false
3898;Ноготки | Маникюр;https://t.me/norotki;16000;1000;true;2023-12-29T11:11:27;2023-08-15T22:23:38;2053-08-15T22:23:38;null;false
3899;Маникюр 💅🏻;https://t.me/nogotkkkii;15000;3000;true;2023-12-29T11:11:27;2023-08-15T22:23:38;2053-08-15T22:23:38;null;false
3900;эстетика маникюра;https://t.me/manikour;12000;2000;true;2023-12-29T11:11:27;2023-08-15T22:23:38;2053-08-15T22:23:38;null;false
3901;nerazocharuymenya;https://t.me/nerazocharuymenya1;8000;2000;true;2023-12-29T11:11:27;2023-08-15T22:23:38;2053-08-15T22:23:38;null;false
3902;Дизайн ногтей | Маникюр;https://t.me/uroknogotki;7000;1000;true;2023-12-29T11:11:27;2023-08-15T22:23:38;2053-08-15T22:23:38;null;false
3903;Маникюр для заек 🐰;https://t.me/manikzay;6000;1000;true;2023-12-29T11:11:27;2023-08-15T22:23:38;2053-08-15T22:23:38;null;false
3904;Маникюр Москва | Идеи маникюра;https://t.me/manikyur_moskvax;6000;1000;true;2023-12-29T11:11:27;2023-08-15T22:23:38;2053-08-15T22:23:38;null;false
3905;Нетипичный маникюр;https://t.me/fotonails;5000;1000;true;2023-12-29T11:11:27;2023-08-15T22:23:38;2053-08-15T22:23:38;null;false
3906;Дизайн ногтей / Маникюр;https://t.me/manicure753;4000;1000;true;2023-12-29T11:11:27;2023-08-15T22:23:38;2053-08-15T22:23:38;null;false
3907;ФОРУМ NAIL МАСТЕРОВ МАНИКЮРА ПЕДИКЮРА НАРАЩИВАНИЯ НОГТЕЙ КЛУБ ЧАТ СООБЩЕСТВО НЕИЛ НЭИЛ;https://t.me/nail_forum;4000;2000;true;2023-12-29T11:11:27;2023-08-15T22:23:38;2053-08-15T22:23:38;null;false
3908;маникюрчик;https://t.me/nailsour;3000;1000;true;2023-12-29T11:11:27;2023-08-15T22:23:38;2053-08-15T22:23:38;null;false
3909;Mononails - Топ идеи маникюра❤️;https://t.me/mononails;2000;1000;true;2023-12-29T11:11:27;2023-08-15T22:23:38;2053-08-15T22:23:38;null;false
3910;NAILS IDEAS | МАНИКЮР;https://t.me/nails_ideas_manicure;1000;1000;true;2023-12-29T11:11:27;2023-08-15T22:23:38;2053-08-15T22:23:38;null;false
3911;Дизайн-Телега 🔥;https://t.me/design_telega;113000;6000;true;2023-12-29T11:11:27;2023-08-15T22:23:38;2053-08-15T22:23:38;null;false
3912;Што такое фотошоп?;https://t.me/photosed;109000;5000;true;2023-12-29T11:11:27;2023-08-15T22:23:38;2053-08-15T22:23:38;null;false
3913;Учебник дизайнера;https://t.me/dsgn_tutorial;106000;6000;true;2023-12-29T11:11:27;2023-08-15T22:23:38;2053-08-15T22:23:38;null;false
3914;Designdealer;https://t.me/designdealer;101000;15000;true;2023-12-29T11:11:27;2023-08-15T22:23:38;2053-08-15T22:23:38;null;false
3915;Секси-шрифт. Кириллица;https://t.me/sexyfont;70000;10000;true;2023-12-29T11:11:27;2023-08-15T22:23:38;2053-08-15T22:23:38;null;false
3916;Мокапошная;https://t.me/mokaposhnaya;61000;10000;true;2023-12-29T11:11:27;2023-08-15T22:23:38;2053-08-15T22:23:38;null;false
3917;Premiere Pro | Motion Design;https://t.me/premiere_pro;58000;4000;true;2023-12-29T11:11:27;2023-08-15T22:23:38;2053-08-15T22:23:38;null;false
3918;After Effects | Motion Design;https://t.me/after_effects_motion;57000;3000;true;2023-12-29T11:11:27;2023-08-15T22:23:38;2053-08-15T22:23:38;null;false
3919;Приватка дизайнера;https://t.me/prvtdsgn;40000;1000;true;2023-12-29T11:11:27;2023-08-15T22:23:38;2053-08-15T22:23:38;null;false
3920;Design.RAR;https://t.me/designrar;39000;3000;true;2023-12-29T11:11:27;2023-08-15T22:23:38;2053-08-15T22:23:38;null;false
3921;Дизайн образование;https://t.me/dsgn_edu;39000;2000;true;2023-12-29T11:11:27;2023-08-15T22:23:38;2053-08-15T22:23:38;null;false
3922;Оди;https://t.me/awdee;34000;2000;true;2023-12-29T11:11:27;2023-08-15T22:23:38;2053-08-15T22:23:38;null;false
3923;СПNЗЖУ DESIGN;https://t.me/thedesigner;33000;2000;true;2023-12-29T11:11:27;2023-08-15T22:23:38;2053-08-15T22:23:38;null;false
3924;Шрифтач | Дизайн;https://t.me/shriftach;32000;3000;true;2023-12-29T11:11:27;2023-08-15T22:23:38;2053-08-15T22:23:38;null;false
3925;Дизайн-переводчик;https://t.me/design_translator;30000;2000;true;2023-12-29T11:11:27;2023-08-15T22:23:38;2053-08-15T22:23:38;null;false
3926;4Design;https://t.me/fourdesign;30000;1000;true;2023-12-29T11:11:27;2023-08-15T22:23:38;2053-08-15T22:23:38;null;false
3927;Макеты Figma;https://t.me/figma_maketss;30000;3000;true;2023-12-29T11:11:27;2023-08-15T22:23:38;2053-08-15T22:23:38;null;false
3928;Шрифтовик | Бесплатные шрифты;https://t.me/fontovik;25000;1000;true;2023-12-29T11:11:27;2023-08-15T22:23:38;2053-08-15T22:23:38;null;false
3929;Сейф Дизайнера;https://t.me/seif_designera;25000;1000;true;2023-12-29T11:11:27;2023-08-15T22:23:38;2053-08-15T22:23:38;null;false
3930;Секси-цвет. Твое вдохновение;https://t.me/sexycolors;25000;3000;true;2023-12-29T11:11:27;2023-08-15T22:23:38;2053-08-15T22:23:38;null;false
3931;design teacher | Туториалы для дизайнеров;https://t.me/dsgn_teacher;22000;1000;true;2023-12-29T11:11:27;2023-08-15T22:23:38;2053-08-15T22:23:38;null;false
3932;moCUPS | Мокапы для дизайнеров;https://t.me/moCUPS;19000;1000;true;2023-12-29T11:11:27;2023-08-15T22:23:38;2053-08-15T22:23:38;null;false
3933;Много дизайна;https://t.me/dsgn_tochka;18000;2000;true;2023-12-29T11:11:27;2023-08-15T22:23:38;2053-08-15T22:23:38;null;false
3934;Designer Notes;https://t.me/designwrite;16000;1000;true;2023-12-29T11:11:27;2023-08-15T22:23:38;2053-08-15T22:23:38;null;false
3935;Какой Шрифт?;https://t.me/font_abc;15000;2000;true;2023-12-29T11:11:27;2023-08-15T22:23:38;2053-08-15T22:23:38;null;false
3936;Palette Paradise | Дизайн;https://t.me/PaletteParadise;15000;1000;true;2023-12-29T11:11:27;2023-08-15T22:23:38;2053-08-15T22:23:38;null;false
3937;Уха дизайнера;https://t.me/uha_dsgn;14000;1000;true;2023-12-29T11:11:27;2023-08-15T22:23:38;2053-08-15T22:23:38;null;false
3938;Design Lessons;https://t.me/designlessons;14000;1000;true;2023-12-29T11:11:27;2023-08-15T22:23:38;2053-08-15T22:23:38;null;false
3939;Polygon Station | 3D | CG;https://t.me/polygonstation;14000;1000;true;2023-12-29T11:11:27;2023-08-15T22:23:38;2053-08-15T22:23:38;null;false
3940;Всё для UI дизайнера 📦;https://t.me/ui_tools;13000;1000;true;2023-12-29T11:11:27;2023-08-15T22:23:38;2053-08-15T22:23:38;null;false
3941;DESIGN WORLD;https://t.me/DesignWorld;13000;1000;true;2023-12-29T11:11:27;2023-08-15T22:23:38;2053-08-15T22:23:38;null;false
3942;Про дизайн – легко!;https://t.me/tutdesigner;13000;1000;true;2023-12-29T11:11:27;2023-08-15T22:23:38;2053-08-15T22:23:38;null;false
3943;Наука Дизайна;https://t.me/naukadsgn;13000;1000;true;2023-12-29T11:11:27;2023-08-15T22:23:38;2053-08-15T22:23:38;null;false
3944;After Effects Community;https://t.me/AEcomu;11000;2000;true;2023-12-29T11:11:27;2023-08-15T22:23:38;2053-08-15T22:23:38;null;false
3945;Dezzigners;https://t.me/dezzigners;11000;1000;true;2023-12-29T11:11:27;2023-08-15T22:23:38;2053-08-15T22:23:38;null;false
3946;Дизайн в карточках;https://t.me/descards;9000;1000;true;2023-12-29T11:11:27;2023-08-15T22:23:38;2053-08-15T22:23:38;null;false
3947;Fonts Best;https://t.me/fonts_best;9000;1000;true;2023-12-29T11:11:27;2023-08-15T22:23:38;2053-08-15T22:23:38;null;false
3948;3D Models Education;https://t.me/educ3ds;9000;1000;true;2023-12-29T11:11:27;2023-08-15T22:23:38;2053-08-15T22:23:38;null;false
3949;Hot Motion;https://t.me/hot_mtn;7000;1000;true;2023-12-29T11:11:27;2023-08-15T22:23:38;2053-08-15T22:23:38;null;false
3950;Подвинь пиксель;https://t.me/movepx;7000;1000;true;2023-12-29T11:11:27;2023-08-15T22:23:38;2053-08-15T22:23:38;null;false
3951;Lorem ipsum;https://t.me/ipsum;6000;1000;true;2023-12-29T11:11:27;2023-08-15T22:23:38;2053-08-15T22:23:38;null;false
3952;Мокапыч;https://t.me/mokapych;6000;1000;true;2023-12-29T11:11:27;2023-08-15T22:23:38;2053-08-15T22:23:38;null;false
3953;Hot Illustrator;https://t.me/hot_lustra;6000;1000;true;2023-12-29T11:11:27;2023-08-15T22:23:38;2053-08-15T22:23:38;null;false
3954;Вебдизайнерская;https://t.me/webdsgnsky;6000;1000;true;2023-12-29T11:11:27;2023-08-15T22:23:38;2053-08-15T22:23:38;null;false
3955;Hot Design;https://t.me/hot_dsgn;5000;1000;true;2023-12-29T11:11:27;2023-08-15T22:23:38;2053-08-15T22:23:38;null;false
3956;Дизайн Склад. Полезное дизайнерам;https://t.me/skladis;5000;1000;true;2023-12-29T11:11:27;2023-08-15T22:23:38;2053-08-15T22:23:38;null;false
3957;Безупречный цвет;https://t.me/colorpaletteandsheme;5000;1000;true;2023-12-29T11:11:27;2023-08-15T22:23:38;2053-08-15T22:23:38;null;false
3958;Hard Client • Daily;https://t.me/hardclient_daily;4000;1000;true;2023-12-29T11:11:27;2023-08-15T22:23:38;2053-08-15T22:23:38;null;false
3959;Всё для видеомонтажа;https://t.me/dzhmaterials;4000;1000;true;2023-12-29T11:11:27;2023-08-15T22:23:38;2053-08-15T22:23:38;null;false
3960;Vision Island. Инструменты для дизайнеров;https://t.me/visionislandinstruments;2000;1000;true;2023-12-29T11:11:27;2023-08-15T22:23:38;2053-08-15T22:23:38;null;false
3961;Дизайн Бухта;https://t.me/dsgnbay;2000;1000;true;2023-12-29T11:11:27;2023-08-15T22:23:38;2053-08-15T22:23:38;null;false
3962;20-й круг правок;https://t.me/krygpravok;2000;1000;true;2023-12-29T11:11:27;2023-08-15T22:23:38;2053-08-15T22:23:38;null;false
3963;Дизайн завтрак 🥪;https://t.me/ux_brunch;2000;1000;true;2023-12-29T11:11:27;2023-08-15T22:23:38;2053-08-15T22:23:38;null;false
3964;Дизайнерская;https://t.me/dsgnerskaya;2000;1000;true;2023-12-29T11:11:27;2023-08-15T22:23:38;2053-08-15T22:23:38;null;false
3965;Designstarz;https://t.me/designstarz;1000;1000;true;2023-12-29T11:11:27;2023-08-15T22:23:38;2053-08-15T22:23:38;null;false
3966;Digital Deer | UI-AI | Дизайн и нейросети;https://t.me/design_deer;1000;1000;true;2023-12-29T11:11:27;2023-08-15T22:23:38;2053-08-15T22:23:38;null;false
3967;ок, согласовано;https://t.me/notypicmarketing;209000;32000;true;2023-12-29T11:11:27;2023-08-15T22:23:38;2053-08-15T22:23:38;null;false
3968;кабачковая икра по акции;https://t.me/sale_caviar;182000;40000;true;2023-12-29T11:11:27;2023-08-15T22:23:38;2053-08-15T22:23:38;null;false
3969;Психология Маркетинга;https://t.me/marketpsy;180000;17000;true;2023-12-29T11:11:27;2023-08-15T22:23:38;2053-08-15T22:23:38;null;false
3970;олдскульный маркетинг;https://t.me/marketingold;169000;13000;true;2023-12-29T11:11:27;2023-08-15T22:23:38;2053-08-15T22:23:38;null;false
3971;Креатив со звездочкой;https://t.me/creative;143000;23000;true;2023-12-29T11:11:27;2023-08-15T22:23:38;2053-08-15T22:23:38;null;false
3972;Marketing Day;https://t.me/marketer_one;125000;9000;true;2023-12-29T11:11:27;2023-08-15T22:23:38;2053-08-15T22:23:38;null;false
3973;Русский маркетинг;https://t.me/smmrus;125000;13000;true;2023-12-29T11:11:27;2023-08-15T22:23:38;2053-08-15T22:23:38;null;false
3974;Передали коллегам;https://t.me/collegi;110000;20000;true;2023-12-29T11:11:27;2023-08-15T22:23:38;2053-08-15T22:23:38;null;false
3975;Передали коллегам📺 бумеры смотрят телек;https://t.me/boomers_TV;106000;13000;true;2023-12-29T11:11:27;2023-08-15T22:23:38;2053-08-15T22:23:38;null;false
3976;Маркетинговый ход;https://t.me/MarketingPloy;75000;4000;true;2023-12-29T11:11:27;2023-08-15T22:23:38;2053-08-15T22:23:38;null;false
3977;Партизанский Маркетинг;https://t.me/GuerrillaMarketing;70000;10000;true;2023-12-29T11:11:27;2023-08-15T22:23:38;2053-08-15T22:23:38;null;false
3978;Русский диджитал;https://t.me/rudigital;68000;7000;true;2023-12-29T11:11:27;2023-08-15T22:23:38;2053-08-15T22:23:38;null;false
3979;Главред Максим Ильяхов;https://t.me/glvrdru;63000;9000;true;2023-12-29T11:11:27;2023-08-15T22:23:38;2053-08-15T22:23:38;null;false
3980;Бескромный;https://t.me/dbeskromny;33000;6000;true;2023-12-29T11:11:27;2023-08-15T22:23:38;2053-08-15T22:23:38;null;false
3981;дедлайн вчера;https://t.me/skip_deadline;33000;3000;true;2023-12-29T11:11:27;2023-08-15T22:23:38;2053-08-15T22:23:38;null;false
3982;Gutnik Oleg · Digital Marketing;https://t.me/websstudio;32000;4000;true;2023-12-29T11:11:27;2023-08-15T22:23:38;2053-08-15T22:23:38;null;false
3983;UnderПяр;https://t.me/underpyar;31000;7000;true;2023-12-29T11:11:27;2023-08-15T22:23:38;2053-08-15T22:23:38;null;false
3984;Sostav;https://t.me/sostav;31000;8000;true;2023-12-29T11:11:27;2023-08-15T22:23:38;2053-08-15T22:23:38;null;false
3985;Авоська маркетинга;https://t.me/marketingfuture;24000;2000;true;2023-12-29T11:11:27;2023-08-15T22:23:38;2053-08-15T22:23:38;null;false
3986;Надо было вчера;https://t.me/nadobulovchera;21000;5000;true;2023-12-29T11:11:27;2023-08-15T22:23:38;2053-08-15T22:23:38;null;false
3987;O digital;https://t.me/odigital;14000;2000;true;2023-12-29T11:11:27;2023-08-15T22:23:38;2053-08-15T22:23:38;null;false
3988;Push Marketing;https://t.me/Push_Marketing;14000;1000;true;2023-12-29T11:11:27;2023-08-15T22:23:38;2053-08-15T22:23:38;null;false
3989;Digital Review;https://t.me/digital_review;13000;4000;true;2023-12-29T11:11:27;2023-08-15T22:23:38;2053-08-15T22:23:38;null;false
3990;Кладовая Маркетолога;https://t.me/marketklad;12000;1000;true;2023-12-29T11:11:27;2023-08-15T22:23:38;2053-08-15T22:23:38;null;false
3991;Нади про контент и продажи;https://t.me/nadyprokontent;11000;1000;true;2023-12-29T11:11:27;2023-08-15T22:23:38;2053-08-15T22:23:38;null;false
3992;TexTerra: всё про маркетинг;https://t.me/TexterraBlog;11000;1000;true;2023-12-29T11:11:27;2023-08-15T22:23:38;2053-08-15T22:23:38;null;false
3993;Шабаршин - Боги Маркетинга;https://t.me/bestadchannel;11000;1000;true;2023-12-29T11:11:27;2023-08-15T22:23:38;2053-08-15T22:23:38;null;false
3994;Дайджест копирайтера;https://t.me/copywritersdigest;9000;1000;true;2023-12-29T11:11:27;2023-08-15T22:23:38;2053-08-15T22:23:38;null;false
3995;Вот Ньювс ⚡️;https://t.me/news_vot;8000;2000;true;2023-12-29T11:11:27;2023-08-15T22:23:38;2053-08-15T22:23:38;null;false
3996;Александр Львов;https://t.me/boringmarketer;8000;1000;true;2023-12-29T11:11:27;2023-08-15T22:23:38;2053-08-15T22:23:38;null;false
3997;Умный маркетинг;https://t.me/umnyi_marketing;8000;1000;true;2023-12-29T11:11:27;2023-08-15T22:23:38;2053-08-15T22:23:38;null;false
3998;Маркетолог 2.0;https://t.me/marketolog_ukr;7000;1000;true;2023-12-29T11:11:27;2023-08-15T22:23:38;2053-08-15T22:23:38;null;false
3999;Nikita Petenko;https://t.me/prhype;7000;1000;true;2023-12-29T11:11:27;2023-08-15T22:23:38;2053-08-15T22:23:38;null;false
4000;Инфлюенсер +1 | Роман Абдуллин;https://t.me/roman_abdullin_plus;7000;1000;true;2023-12-29T11:11:27;2023-08-15T22:23:38;2053-08-15T22:23:38;null;false
4001;Ирина про Telegram и трафик;https://t.me/irina_trafik;6000;1000;true;2023-12-29T11:11:27;2023-08-15T22:23:38;2053-08-15T22:23:38;null;false
4002;Sosindex;https://t.me/sosindex;6000;2000;true;2023-12-29T11:11:27;2023-08-15T22:23:38;2053-08-15T22:23:38;null;false
4003;Берегулина Светлана про маркетинг и рост;https://t.me/marketingmass;6000;1000;true;2023-12-29T11:11:27;2023-08-15T22:23:38;2053-08-15T22:23:38;null;false
4004;Marketing Evangelist;https://t.me/marketingevangelist;5000;1000;true;2023-12-29T11:11:27;2023-08-15T22:23:38;2053-08-15T22:23:38;null;false
4005;Корбут и коллеги | Маркетинг;https://t.me/coreboot_marketing;5000;1000;true;2023-12-29T11:11:27;2023-08-15T22:23:38;2053-08-15T22:23:38;null;false
4006;Многогранный копирайтер | Тексты и рекомендации;https://t.me/mnogocopy;5000;1000;true;2023-12-29T11:11:27;2023-08-15T22:23:38;2053-08-15T22:23:38;null;false
4007;Продвижение экспертов в Telegram | Наталья Барвинская;https://t.me/expertpromotion;5000;1000;true;2023-12-29T11:11:27;2023-08-15T22:23:38;2053-08-15T22:23:38;null;false
4008;Максим Бондаренко о SMM, маркетинге и воронках;https://t.me/imasmm;5000;1000;true;2023-12-29T11:11:27;2023-08-15T22:23:38;2053-08-15T22:23:38;null;false
4009;Decoding Human — Роман Пустовойт;https://t.me/decodinghuman;4000;1000;true;2023-12-29T11:11:27;2023-08-15T22:23:38;2053-08-15T22:23:38;null;false
4010;ProDigital. Интернет маркетинг и SMM;https://t.me/prodigitalme;4000;1000;true;2023-12-29T11:11:27;2023-08-15T22:23:38;2053-08-15T22:23:38;null;false
4011;Осознанный маркетинг • Нина;https://t.me/ginger_content;4000;1000;true;2023-12-29T11:11:27;2023-08-15T22:23:38;2053-08-15T22:23:38;null;false
4012;Asia Pacific🇨🇳Маркетинг в Китае;https://t.me/as_pacific;3000;1000;true;2023-12-29T11:11:27;2023-08-15T22:23:38;2053-08-15T22:23:38;null;false
4013;Илья Еремин | Контент-маркетинг;https://t.me/bzdynko;3000;1000;true;2023-12-29T11:11:27;2023-08-15T22:23:38;2053-08-15T22:23:38;null;false
4014;Маркетинг CLUB;https://t.me/m_clab;3000;1000;true;2023-12-29T11:11:27;2023-08-15T22:23:38;2053-08-15T22:23:38;null;false
4015;Ooh ahh…;https://t.me/rgb_graphics;3000;1000;true;2023-12-29T11:11:27;2023-08-15T22:23:38;2053-08-15T22:23:38;null;false
4016;👨🏻‍💻/ Марат Юсупов;https://t.me/maratyus;3000;1000;true;2023-12-29T11:11:27;2023-08-15T22:23:38;2053-08-15T22:23:38;null;false
4017;Маркетолог Евгений Ванжула;https://t.me/vanzhula;3000;1000;true;2023-12-29T11:11:27;2023-08-15T22:23:38;2053-08-15T22:23:38;null;false
4018;Сибирцева про инфобиз!;https://t.me/av_sibirtseva;3000;1000;true;2023-12-29T11:11:27;2023-08-15T22:23:38;2053-08-15T22:23:38;null;false
4019;MEDIA RESEARCHES;https://t.me/mediaresearchesanalytics;3000;1000;true;2023-12-29T11:11:27;2023-08-15T22:23:38;2053-08-15T22:23:38;null;false
4020;Чертаринская про маркетинг и коммуникации;https://t.me/chertarinskaya;2000;1000;true;2023-12-29T11:11:27;2023-08-15T22:23:38;2053-08-15T22:23:38;null;false
4021;Контентная Мастерская YL: контент-маркетинг для бизнеса;https://t.me/kontent_marketing_YL;2000;1000;true;2023-12-29T11:11:27;2023-08-15T22:23:38;2053-08-15T22:23:38;null;false
4022;RE:source;https://t.me/resource6s;2000;1000;true;2023-12-29T11:11:27;2023-08-15T22:23:38;2053-08-15T22:23:38;null;false
4023;TenTen (Тендеры по маркетингу);https://t.me/adstender;2000;1000;true;2023-12-29T11:11:27;2023-08-15T22:23:38;2053-08-15T22:23:38;null;false
4024;Юля Тохтуева | Маркетинг и клиенты;https://t.me/personal_branding_experts;2000;1000;true;2023-12-29T11:11:27;2023-08-15T22:23:38;2053-08-15T22:23:38;null;false
4025;гура́;https://t.me/creativeee;2000;1000;true;2023-12-29T11:11:27;2023-08-15T22:23:38;2053-08-15T22:23:38;null;false
4026;Digital Strategy;https://t.me/digitalstrategy_agency;2000;1000;true;2023-12-29T11:11:27;2023-08-15T22:23:38;2053-08-15T22:23:38;null;false
4027;SAPE PRO;https://t.me/sapeseoteam;2000;1000;true;2023-12-29T11:11:27;2023-08-15T22:23:38;2053-08-15T22:23:38;null;false
4028;диджитал разнорабочий;https://t.me/sabinawrites;1000;1000;true;2023-12-29T11:11:27;2023-08-15T22:23:38;2053-08-15T22:23:38;null;false
4029;Культовый контентщик | Шарапов Артём;https://t.me/cult_content;1000;1000;true;2023-12-29T11:11:27;2023-08-15T22:23:38;2053-08-15T22:23:38;null;false
4030;Событийный маркетинг для бизнеса;https://t.me/Dmitrieva_eventmarketing;1000;1000;true;2023-12-29T11:11:27;2023-08-15T22:23:38;2053-08-15T22:23:38;null;false
4031;Вебер в деле;https://t.me/vebervdele;1000;1000;true;2023-12-29T11:11:27;2023-08-15T22:23:38;2053-08-15T22:23:38;null;false
4032;ШМОТ;https://t.me/zashmot;111000;24000;true;2023-12-29T11:11:27;2023-08-15T22:23:38;2053-08-15T22:23:38;null;false
4033;Раздетый стилист Лена Червова;https://t.me/elennne_style;75000;18000;true;2023-12-29T11:11:27;2023-08-15T22:23:38;2053-08-15T22:23:38;null;false
4034;Чувства Wearующих;https://t.me/wearfeelings;70000;11000;true;2023-12-29T11:11:27;2023-08-15T22:23:38;2053-08-15T22:23:38;null;false
4035;LOOKFINDER;https://t.me/lookfinder;65000;6000;true;2023-12-29T11:11:27;2023-08-15T22:23:38;2053-08-15T22:23:38;null;false
4036;Sale Me Please;https://t.me/Salemeplease;62000;11000;true;2023-12-29T11:11:27;2023-08-15T22:23:38;2053-08-15T22:23:38;null;false
4037;WYSH MODA;https://t.me/wyshmoda;59000;7000;true;2023-12-29T11:11:27;2023-08-15T22:23:38;2053-08-15T22:23:38;null;false
4038;the girl who;https://t.me/girl_who;59000;16000;true;2023-12-29T11:11:27;2023-08-15T22:23:38;2053-08-15T22:23:38;null;false
4039;Fak Fashion Fair;https://t.me/FakFashion;52000;4000;true;2023-12-29T11:11:27;2023-08-15T22:23:38;2053-08-15T22:23:38;null;false
4040;ШопагоLee;https://t.me/ShopahoLee;50000;5000;true;2023-12-29T11:11:27;2023-08-15T22:23:38;2053-08-15T22:23:38;null;false
4041;Dressed to Kill;https://t.me/dressedto;47000;10000;true;2023-12-29T11:11:27;2023-08-15T22:23:38;2053-08-15T22:23:38;null;false
4042;Не бьюти единым;https://t.me/nebeauty_blog;40000;8000;true;2023-12-29T11:11:27;2023-08-15T22:23:38;2053-08-15T22:23:38;null;false
4043;Будь фэшнбл;https://t.me/be_fashion;37000;3000;true;2023-12-29T11:11:27;2023-08-15T22:23:38;2053-08-15T22:23:38;null;false
4044;ФРОНТ РОУ;https://t.me/frontroww;30000;2000;true;2023-12-29T11:11:27;2023-08-15T22:23:38;2053-08-15T22:23:38;null;false
4045;На примерке;https://t.me/lowfashion;29000;5000;true;2023-12-29T11:11:27;2023-08-15T22:23:38;2053-08-15T22:23:38;null;false
4046;Мамкина модница;https://t.me/mamkina;27000;3000;true;2023-12-29T11:11:27;2023-08-15T22:23:38;2053-08-15T22:23:38;null;false
4047;Шмоточная;https://t.me/clothernaya;26000;5000;true;2023-12-29T11:11:27;2023-08-15T22:23:38;2053-08-15T22:23:38;null;false
4048;Надеть или одеть?;https://t.me/localdress;24000;6000;true;2023-12-29T11:11:27;2023-08-15T22:23:38;2053-08-15T22:23:38;null;false
4049;Beauty телеграммы;https://t.me/beauty_goldman;24000;4000;true;2023-12-29T11:11:27;2023-08-15T22:23:38;2053-08-15T22:23:38;null;false
4050;Купи, молись, люби;https://t.me/buy_pray_love;24000;5000;true;2023-12-29T11:11:27;2023-08-15T22:23:38;2053-08-15T22:23:38;null;false
4051;Shnurok;https://t.me/shnurokotbalenciaga;22000;2000;true;2023-12-29T11:11:27;2023-08-15T22:23:38;2053-08-15T22:23:38;null;false
4052;Шопоголик из Москвы;https://t.me/promo_queen;21000;5000;true;2023-12-29T11:11:27;2023-08-15T22:23:38;2053-08-15T22:23:38;null;false
4053;Шопинг-терапия;https://t.me/shopotherapy;21000;5000;true;2023-12-29T11:11:27;2023-08-15T22:23:38;2053-08-15T22:23:38;null;false
4054;WZR;https://t.me/WZReveryday;19000;3000;true;2023-12-29T11:11:27;2023-08-15T22:23:38;2053-08-15T22:23:38;null;false
4055;Из Милана, с любовью;https://t.me/ismilanasluboviu;18000;3000;true;2023-12-29T11:11:27;2023-08-15T22:23:38;2053-08-15T22:23:38;null;false
4056;НечегоНадеть - Стиль | Одежда | Платья + Wildberries;https://t.me/net5style;17000;1000;true;2023-12-29T11:11:27;2023-08-15T22:23:38;2053-08-15T22:23:38;null;false
4057;Clothes Hunter;https://t.me/Clotheshunter;17000;4000;true;2023-12-29T11:11:27;2023-08-15T22:23:38;2053-08-15T22:23:38;null;false
4058;Стилист София Потапова;https://t.me/zametkimoegostilista;17000;5000;true;2023-12-29T11:11:27;2023-08-15T22:23:38;2053-08-15T22:23:38;null;false
4059;Эля ПроШоппинг;https://t.me/elyaproshopping;15000;3000;true;2023-12-29T11:11:27;2023-08-15T22:23:38;2053-08-15T22:23:38;null;false
4060;Модная Курочка;https://t.me/ya_b_kupila;15000;3000;true;2023-12-29T11:11:27;2023-08-15T22:23:38;2053-08-15T22:23:38;null;false
4061;Арин, где купила?;https://t.me/arinashopogolic;14000;4000;true;2023-12-29T11:11:27;2023-08-15T22:23:38;2053-08-15T22:23:38;null;false
4062;SportChic Виктория Давыдова;https://t.me/sportchic;14000;3000;true;2023-12-29T11:11:27;2023-08-15T22:23:38;2053-08-15T22:23:38;null;false
4063;Make Your Style;https://t.me/make_your_style;14000;2000;true;2023-12-29T11:11:27;2023-08-15T22:23:38;2053-08-15T22:23:38;null;false
4064;Боттега надета;https://t.me/bottega_nadeta;13000;3000;true;2023-12-29T11:11:27;2023-08-15T22:23:38;2053-08-15T22:23:38;null;false
4065;Fashion Inn | Dasha Frenklakh;https://t.me/fashioninn;13000;2000;true;2023-12-29T11:11:27;2023-08-15T22:23:38;2053-08-15T22:23:38;null;false
4066;MZR;https://t.me/mzreveryday;13000;3000;true;2023-12-29T11:11:27;2023-08-15T22:23:38;2053-08-15T22:23:38;null;false
4067;В твоем шкафчике Мода| Стиль| Образы;https://t.me/ModaMari;13000;2000;true;2023-12-29T11:11:27;2023-08-15T22:23:38;2053-08-15T22:23:38;null;false
4068;КАПСУЛЬНЫЙ ГАРДЕРОБ;https://t.me/your_capsule_wardrobe;13000;5000;true;2023-12-29T11:11:27;2023-08-15T22:23:38;2053-08-15T22:23:38;null;false
4069;Хот Кутюр;https://t.me/hotcouture;11000;2000;true;2023-12-29T11:11:27;2023-08-15T22:23:38;2053-08-15T22:23:38;null;false
4070;Дом стиля | образы;https://t.me/domstilya;11000;1000;true;2023-12-29T11:11:27;2023-08-15T22:23:38;2053-08-15T22:23:38;null;false
4071;Pastila🍭;https://t.me/pastilamode;11000;2000;true;2023-12-29T11:11:27;2023-08-15T22:23:38;2053-08-15T22:23:38;null;false
4072;SNEAKERMANIA;https://t.me/sneakermania;10000;1000;true;2023-12-29T11:11:27;2023-08-15T22:23:38;2053-08-15T22:23:38;null;false
4073;Чё по стилю?;https://t.me/marusia_stile;10000;6000;true;2023-12-29T11:11:27;2023-08-15T22:23:38;2053-08-15T22:23:38;null;false
4074;Коплю на Биркин;https://t.me/partiastylia;9000;1000;true;2023-12-29T11:11:27;2023-08-15T22:23:38;2053-08-15T22:23:38;null;false
4075;(Не)компульсивные покупки;https://t.me/femiskida;9000;3000;true;2023-12-29T11:11:27;2023-08-15T22:23:38;2053-08-15T22:23:38;null;false
4076;Модные образы на каждый день;https://t.me/obrazipovsednevni;9000;7000;true;2023-12-29T11:11:27;2023-08-15T22:23:38;2053-08-15T22:23:38;null;false
4077;Зара не с базара;https://t.me/necbazara;8000;4000;true;2023-12-29T11:11:27;2023-08-15T22:23:38;2053-08-15T22:23:38;null;false
4078;Modnaya Kontora;https://t.me/modnayakontora;7000;1000;true;2023-12-29T11:11:27;2023-08-15T22:23:38;2053-08-15T22:23:38;null;false
4079;Бегущая за трендами;https://t.me/runtobuy;7000;2000;true;2023-12-29T11:11:27;2023-08-15T22:23:38;2053-08-15T22:23:38;null;false
4080;Фэшнспазм;https://t.me/fashionspazm;7000;2000;true;2023-12-29T11:11:27;2023-08-15T22:23:38;2053-08-15T22:23:38;null;false
4081;ОКТЯБРЬ;https://t.me/oktyabrskateshop;6000;2000;true;2023-12-29T11:11:27;2023-08-15T22:23:38;2053-08-15T22:23:38;null;false
4082;Патчи, джинсы и просекко;https://t.me/dobavit_v_wishlist;6000;2000;true;2023-12-29T11:11:27;2023-08-15T22:23:38;2053-08-15T22:23:38;null;false
4083;бисерная сумочка;https://t.me/biserbag;6000;1000;true;2023-12-29T11:11:27;2023-08-15T22:23:38;2053-08-15T22:23:38;null;false
4084;Вроде по моде | Обзоры и подборки;https://t.me/lika_pro_ali;5000;1000;true;2023-12-29T11:11:27;2023-08-15T22:23:38;2053-08-15T22:23:38;null;false
4085;𝟑𝟔𝟓 𝐝𝐚𝐲𝐬 𝐨𝐟 𝐅𝐚𝐬𝐡𝐢𝐨𝐧;https://t.me/fashion365days;5000;1000;true;2023-12-29T11:11:27;2023-08-15T22:23:38;2053-08-15T22:23:38;null;false
4086;Блог в стиле Vogue;https://t.me/lifestyleandme;5000;1000;true;2023-12-29T11:11:27;2023-08-15T22:23:38;2053-08-15T22:23:38;null;false
4087;TRIMPOL;https://t.me/fashionfornication;5000;1000;true;2023-12-29T11:11:27;2023-08-15T22:23:38;2053-08-15T22:23:38;null;false
4088;Шмотки и цацки;https://t.me/shmotcacki;4000;1000;true;2023-12-29T11:11:27;2023-08-15T22:23:38;2053-08-15T22:23:38;null;false
4089;ежедневник стилиста;https://t.me/stylistsdiary;3000;1000;true;2023-12-29T11:11:27;2023-08-15T22:23:38;2053-08-15T22:23:38;null;false
4090;Fashionista's Corner;https://t.me/fashionistas_corner;3000;2000;true;2023-12-29T11:11:27;2023-08-15T22:23:38;2053-08-15T22:23:38;null;false
4091;С тусовки на Патрики;https://t.me/tusovkiipatriki;3000;1000;true;2023-12-29T11:11:27;2023-08-15T22:23:38;2053-08-15T22:23:38;null;false
4092;LED ANNA - бренд премиальной одежды;https://t.me/ledanna86;2000;1000;true;2023-12-29T11:11:27;2023-08-15T22:23:38;2053-08-15T22:23:38;null;false
4093;Жить - Кружить;https://t.me/kru_zhit;1000;1000;true;2023-12-29T11:11:27;2023-08-15T22:23:38;2053-08-15T22:23:38;null;false
4094;УЛИЦА СТИЛЯ;https://t.me/UlitsaStilya;1000;1000;true;2023-12-29T11:11:27;2023-08-15T22:23:38;2053-08-15T22:23:38;null;false
4095;Кофе с Машей ☕️/ Wildberries;https://t.me/mycoffeewithmasha;1000;1000;true;2023-12-29T11:11:27;2023-08-15T22:23:38;2053-08-15T22:23:38;null;false
4096;CRIT.ERIUM;https://t.me/crit_erium;1000;1000;true;2023-12-29T11:11:27;2023-08-15T22:23:38;2053-08-15T22:23:38;null;false
4097;AgathaStyle;https://t.me/agatstyle;1000;1000;true;2023-12-29T11:11:27;2023-08-15T22:23:38;2053-08-15T22:23:38;null;false
4098;Bitter honey;https://t.me/stylebitterhoney;1000;1000;true;2023-12-29T11:11:27;2023-08-15T22:23:38;2053-08-15T22:23:38;null;false
4099;Fashion language;https://t.me/buywithdianee;1000;1000;true;2023-12-29T11:11:27;2023-08-15T22:23:38;2053-08-15T22:23:38;null;false
4100;Просто о моде;https://t.me/prostopromodu;1000;1000;true;2023-12-29T11:11:27;2023-08-15T22:23:38;2053-08-15T22:23:38;null;false
4101;ПроFashion;https://t.me/Ianakul_stylist;1000;1000;true;2023-12-29T11:11:27;2023-08-15T22:23:38;2053-08-15T22:23:38;null;false
4102;Элис not from Пэрис;https://t.me/alisa_arts;1000;1000;true;2023-12-29T11:11:27;2023-08-15T22:23:38;2053-08-15T22:23:38;null;false
4103;Парниковые попсы;https://t.me/parnikpops;1000;1000;true;2023-12-29T11:11:27;2023-08-15T22:23:38;2053-08-15T22:23:38;null;false
4104;Ручки вяжут | Вязание;https://t.me/hand_knit;275000;42000;true;2023-12-29T11:11:27;2023-08-15T22:23:38;2053-08-15T22:23:38;null;false
4105;Вязание спицами и крючком;https://t.me/spize25;67000;10000;true;2023-12-29T11:11:27;2023-08-15T22:23:38;2053-08-15T22:23:38;null;false
4106;Вязание схемы, описание, пряжа;https://t.me/vataknit;50000;7000;true;2023-12-29T11:11:27;2023-08-15T22:23:38;2053-08-15T22:23:38;null;false
4107;Ольга Кондратьева. Вяжем с WickedLynx;https://t.me/ok_wickedlynx;32000;13000;true;2023-12-29T11:11:27;2023-08-15T22:23:38;2053-08-15T22:23:38;null;false
4108;Вязаные Идеи. Вязание;https://t.me/knitideas;24000;3000;true;2023-12-29T11:11:27;2023-08-15T22:23:38;2053-08-15T22:23:38;null;false
4109;Стильное вязание;https://t.me/magicneedle;21000;1000;true;2023-12-29T11:11:27;2023-08-15T22:23:38;2053-08-15T22:23:38;null;false
4110;Запрещёнка/Двач;https://t.me/ru2ch_ban;547000;200000;true;2023-12-29T11:11:27;2023-08-15T22:23:38;2053-08-15T22:23:38;null;false
4111;Cum Sluts Facial & Creampie;https://t.me/cumfetish;402000;210000;true;2023-12-29T11:11:27;2023-08-15T22:23:38;2053-08-15T22:23:38;null;false
4112;BIG ASS MILF 🔞;https://t.me/bigassmilf;254000;60000;true;2023-12-29T11:11:27;2023-08-15T22:23:38;2053-08-15T22:23:38;null;false
4113;Eva Elfie;https://t.me/evaelfie_life;242000;172000;true;2023-12-29T11:11:27;2023-08-15T22:23:38;2053-08-15T22:23:38;null;false
4114;CHANNELsex;https://t.me/channelsex;240000;83000;true;2023-12-29T11:11:27;2023-08-15T22:23:38;2053-08-15T22:23:38;null;false
4115;Чисто с пацанами 🍏;https://t.me/chsptg;166000;50000;true;2023-12-29T11:11:27;2023-08-15T22:23:38;2053-08-15T22:23:38;null;false
4116;PornHub Premium;https://t.me/pornhubtgpron;145000;4000;true;2023-12-29T11:11:27;2023-08-15T22:23:38;2053-08-15T22:23:38;null;false
4117;𝐁 𝐁 𝐂;https://t.me/BBCFWC;122000;9000;true;2023-12-29T11:11:27;2023-08-15T22:23:38;2053-08-15T22:23:38;null;false
4118;Porn for you;https://t.me/random_porn;122000;22000;true;2023-12-29T11:11:27;2023-08-15T22:23:38;2053-08-15T22:23:38;null;false
4119;Celebrity Nude;https://t.me/CelebrityNude;105000;9000;true;2023-12-29T11:11:27;2023-08-15T22:23:38;2053-08-15T22:23:38;null;false
4120;Porn Asia+;https://t.me/pornchannel_2;101000;2000;true;2023-12-29T11:11:27;2023-08-15T22:23:38;2053-08-15T22:23:38;null;false
4121;🔥Humor 18+;https://t.me/humor18;91000;3000;true;2023-12-29T11:11:27;2023-08-15T22:23:38;2053-08-15T22:23:38;null;false
4122;BraZZers Premium;https://t.me/Play_boy_home_video;91000;25000;true;2023-12-29T11:11:27;2023-08-15T22:23:38;2053-08-15T22:23:38;null;false
4123;Хентай Игры 2;https://t.me/brawlstarsshen;90000;1000;true;2023-12-29T11:11:27;2023-08-15T22:23:38;2053-08-15T22:23:38;null;false
4124;COSPLAY PORNO;https://t.me/porno_telegram3;82000;10000;true;2023-12-29T11:11:27;2023-08-15T22:23:38;2053-08-15T22:23:38;null;false
4125;Reality Kings;https://t.me/realitykingsfake;81000;1000;true;2023-12-29T11:11:27;2023-08-15T22:23:38;2053-08-15T22:23:38;null;false
4126;Luxury Girl | Лакшери Герл 🇷🇺;https://t.me/luxurygirl_tg;80000;4000;true;2023-12-29T11:11:27;2023-08-15T22:23:38;2053-08-15T22:23:38;null;false
4127;🔞 Селфи | Selfie;https://t.me/luxurygirl_tg;80000;4000;true;2023-12-29T11:11:27;2023-08-15T22:23:38;2053-08-15T22:23:38;null;false
4128;Please, daddy;https://t.me/butdaaady;80000;7000;true;2023-12-29T11:11:27;2023-08-15T22:23:38;2053-08-15T22:23:38;null;false
4129;🔞 SexWife Russia 🇷🇺;https://t.me/sexwiferussia;76000;26000;true;2023-12-29T11:11:27;2023-08-15T22:23:38;2053-08-15T22:23:38;null;false
4130;ХЕНТАЙ КОСПЛЕЙ АНИМЕ;https://t.me/KHENTAY_KOSPLEY;75000;12000;true;2023-12-29T11:11:27;2023-08-15T22:23:38;2053-08-15T22:23:38;null;false
4131;🔞Squirt Pussy;https://t.me/SquirtPussy;73000;21000;true;2023-12-29T11:11:27;2023-08-15T22:23:38;2053-08-15T22:23:38;null;false
4132;Twitch.tv 18+;https://t.me/home_pornom;73000;13000;true;2023-12-29T11:11:27;2023-08-15T22:23:38;2053-08-15T22:23:38;null;false
4133;🔞 Благотворительность 18+;https://t.me/porncharity;73000;22000;true;2023-12-29T11:11:27;2023-08-15T22:23:38;2053-08-15T22:23:38;null;false
4134;ХЕНТАЙЧИК;https://t.me/smotretanimecomicsi;70000;3000;true;2023-12-29T11:11:27;2023-08-15T22:23:38;2053-08-15T22:23:38;null;false
4135;Sweet anal;https://t.me/sweetanal;68000;6000;true;2023-12-29T11:11:27;2023-08-15T22:23:38;2053-08-15T22:23:38;null;false
4136;⚠️CaserosCOL⚠️;https://t.me/OnlyfansCOLOMBIIA;67000;2000;true;2023-12-29T11:11:27;2023-08-15T22:23:38;2053-08-15T22:23:38;null;false
4137;Hent Every Day HD | Хентай каждый день;https://t.me/henteverydayhd;62000;10000;true;2023-12-29T11:11:27;2023-08-15T22:23:38;2053-08-15T22:23:38;null;false
4138;🇷🇺HENTAI 2023🇬🇧;https://t.me/hentai_tgg;56000;2000;true;2023-12-29T11:11:27;2023-08-15T22:23:38;2053-08-15T22:23:38;null;false
4139;🇨 🇺 🇲 🇪 🇬 🇷 🇦 🇲;https://t.me/cumegram;56000;9000;true;2023-12-29T11:11:27;2023-08-15T22:23:38;2053-08-15T22:23:38;null;false
4140;Web Girls;https://t.me/WEBGIRLS;56000;1000;true;2023-12-29T11:11:27;2023-08-15T22:23:38;2053-08-15T22:23:38;null;false
4141;Comics+🤩;https://t.me/comixfan_plus;56000;20000;true;2023-12-29T11:11:27;2023-08-15T22:23:38;2053-08-15T22:23:38;null;false
4142;Запрещенка;https://t.me/tvoy_zapret;55000;6000;true;2023-12-29T11:11:27;2023-08-15T22:23:38;2053-08-15T22:23:38;null;false
4143;Бронтозябра 😍🍑🍒👀;https://t.me/brontozyabra05;55000;190000;true;2023-12-29T11:11:27;2023-08-15T22:23:38;2053-08-15T22:23:38;null;false
4144;Belle Delphine;https://t.me/BelleDelphine_T;52000;3000;true;2023-12-29T11:11:27;2023-08-15T22:23:38;2053-08-15T22:23:38;null;false
4145;ТВОЯ НЕВЕРНАЯ ЖЕНА ❤️;https://t.me/Cuckoldvideosss;50000;2000;true;2023-12-29T11:11:27;2023-08-15T22:23:38;2053-08-15T22:23:38;null;false
4146;нюдсы на ночь;https://t.me/nyudsye;50000;11000;true;2023-12-29T11:11:27;2023-08-15T22:23:38;2053-08-15T22:23:38;null;false
4147;Flash the public;https://t.me/FlashThePublic;48000;1000;true;2023-12-29T11:11:27;2023-08-15T22:23:38;2053-08-15T22:23:38;null;false
4148;🔞 БДСМ | BDSM;https://t.me/bdsmrus;46000;9000;true;2023-12-29T11:11:27;2023-08-15T22:23:38;2053-08-15T22:23:38;null;false
4149;Cum in face 💦;https://t.me/cum_inface;46000;2000;true;2023-12-29T11:11:27;2023-08-15T22:23:38;2053-08-15T22:23:38;null;false
4150;亚洲色情 OnlyFans Asian;https://t.me/asianprn;46000;8000;true;2023-12-29T11:11:27;2023-08-15T22:23:38;2053-08-15T22:23:38;null;false
4151;Beautiful Natural Bodies;https://t.me/makesmehard;46000;1000;true;2023-12-29T11:11:27;2023-08-15T22:23:38;2053-08-15T22:23:38;null;false
4152;Devochka scandal👠;https://t.me/devochka_scandall;45000;2000;true;2023-12-29T11:11:27;2023-08-15T22:23:38;2053-08-15T22:23:38;null;false
4153;Ai Porn Videos | Vr | Deepfake porn | Henai free;https://t.me/onlyfans_girls_vid;44000;26000;true;2023-12-29T11:11:27;2023-08-15T22:23:38;2053-08-15T22:23:38;null;false
4154;💦 CUM SLUT 💦;https://t.me/cum_universe;44000;1000;true;2023-12-29T11:11:27;2023-08-15T22:23:38;2053-08-15T22:23:38;null;false
4155;💦 SQUIRT SLUT 💦;https://t.me/squirt_universe;44000;2000;true;2023-12-29T11:11:27;2023-08-15T22:23:38;2053-08-15T22:23:38;null;false
4156;Beebly Boobs;https://t.me/beeblyboobs;44000;4000;true;2023-12-29T11:11:27;2023-08-15T22:23:38;2053-08-15T22:23:38;null;false
4157;🤍🌸 6YOSHI9 🌸🤍 18+;https://t.me/yooshi69;44000;59000;true;2023-12-29T11:11:27;2023-08-15T22:23:38;2053-08-15T22:23:38;null;false
4158;🅥🅐 🅛🅞🅥🅔🅧;https://t.me/VaLovex;43000;2000;true;2023-12-29T11:11:27;2023-08-15T22:23:38;2053-08-15T22:23:38;null;false
4159;Yamete -Asmr-;https://t.me/yameteAsmr;43000;21000;true;2023-12-29T11:11:27;2023-08-15T22:23:38;2053-08-15T22:23:38;null;false
4160;All you need is sex;https://t.me/allyouneedissexxx;43000;1000;true;2023-12-29T11:11:27;2023-08-15T22:23:38;2053-08-15T22:23:38;null;false
4161;✨️Взрослый мир хентая️️✨;https://t.me/mirhentaya;42000;3000;true;2023-12-29T11:11:27;2023-08-15T22:23:38;2053-08-15T22:23:38;null;false
4162;Хентай игры на андроид Hentai game for android;https://t.me/HGameAPK;42000;20000;true;2023-12-29T11:11:27;2023-08-15T22:23:38;2053-08-15T22:23:38;null;false
4163;🔞 PR∅HIBID∅S 🔞;https://t.me/AsianPorn;42000;1000;true;2023-12-29T11:11:27;2023-08-15T22:23:38;2053-08-15T22:23:38;null;false
4164;VEXSO;https://t.me/vexsoxo;41000;8000;true;2023-12-29T11:11:27;2023-08-15T22:23:38;2053-08-15T22:23:38;null;false
4165;Snuggery🔞;https://t.me/snuggery_room;40000;1000;true;2023-12-29T11:11:27;2023-08-15T22:23:38;2053-08-15T22:23:38;null;false
4166;LOKOPORN;https://t.me/upsssxx;41000;28000;true;2023-12-29T11:11:27;2023-08-15T22:23:38;2053-08-15T22:23:38;null;false
4167;Twerk_poll1na 🍑;https://t.me/twerk_poll1naa;40000;26000;true;2023-12-29T11:11:27;2023-08-15T22:23:38;2053-08-15T22:23:38;null;false
4168;Мне пожалуйста пожестче спасибо;https://t.me/yatisexseichasda;40000;3000;true;2023-12-29T11:11:27;2023-08-15T22:23:38;2053-08-15T22:23:38;null;false
4169;Porn In A Minute;https://t.me/porn_in_a_minute;40000;3000;true;2023-12-29T11:11:27;2023-08-15T22:23:38;2053-08-15T22:23:38;null;false
4170;🔞 Куколд | Cuckold;https://t.me/cuckoldrussia;40000;8000;true;2023-12-29T11:11:27;2023-08-15T22:23:38;2053-08-15T22:23:38;null;false
4171;🍓Моя Жена 👍;https://t.me/enjoymywife;40000;8000;true;2023-12-29T11:11:27;2023-08-15T22:23:38;2053-08-15T22:23:38;null;false
4172;Cum and Cum;https://t.me/bestofcumshots;39000;2000;true;2023-12-29T11:11:27;2023-08-15T22:23:38;2053-08-15T22:23:38;null;false
4173;Porno Gif 🍓🔞;https://t.me/gif_wow;38000;2000;true;2023-12-29T11:11:27;2023-08-15T22:23:38;2053-08-15T22:23:38;null;false
4174;«SEX-ШОУ» Тейвата;https://t.me/teyvatshow;38000;7000;true;2023-12-29T11:11:27;2023-08-15T22:23:38;2053-08-15T22:23:38;null;false
4175;Milfs Moms Onlyfans;https://t.me/milfsonl;38000;10000;true;2023-12-29T11:11:27;2023-08-15T22:23:38;2053-08-15T22:23:38;null;false
4176;ALLINIKA;https://t.me/allinika_ph;38000;42000;true;2023-12-29T11:11:27;2023-08-15T22:23:38;2053-08-15T22:23:38;null;false
4177;🍑 ANAL SLUT 🍑;https://t.me/anal_universe;38000;2000;true;2023-12-29T11:11:27;2023-08-15T22:23:38;2053-08-15T22:23:38;null;false
4178;🔞 Фемдом | Femdom;https://t.me/femdomru;38000;9000;true;2023-12-29T11:11:27;2023-08-15T22:23:38;2053-08-15T22:23:38;null;false
4179;CumOnFace 18+💦👩🏼;https://t.me/cumoffface;36000;4000;true;2023-12-29T11:11:27;2023-08-15T22:23:38;2053-08-15T22:23:38;null;false
4180;Horny🏼;https://t.me/hornycosplay69;36000;2000;true;2023-12-29T11:11:27;2023-08-15T22:23:38;2053-08-15T22:23:38;null;false
4181;Porneon;https://t.me/leepoyeeg;36000;2000;true;2023-12-29T11:11:27;2023-08-15T22:23:38;2053-08-15T22:23:38;null;false
4182;Домашние Сливы;https://t.me/gruppovux;36000;9000;true;2023-12-29T11:11:27;2023-08-15T22:23:38;2053-08-15T22:23:38;null;false
4183;MilfLandia;https://t.me/milflandia;35000;7000;true;2023-12-29T11:11:27;2023-08-15T22:23:38;2053-08-15T22:23:38;null;false
4184;На меня смотри;https://t.me/na_menya_smotri;35000;3000;true;2023-12-29T11:11:27;2023-08-15T22:23:38;2053-08-15T22:23:38;null;false
4185;Be Fucking Awesome ❤️;https://t.me/awesome_natio;34000;1000;true;2023-12-29T11:11:27;2023-08-15T22:23:38;2053-08-15T22:23:38;null;false
4186;ᴛᴏʀɪ ᴀsᴍʀ 🌀;https://t.me/toriasmr;34000;6000;true;2023-12-29T11:11:27;2023-08-15T22:23:38;2053-08-15T22:23:38;null;false
4187;Girl Masturbating OnlyFans Porno;https://t.me/pornogirlmasturbation;34000;7000;true;2023-12-29T11:11:27;2023-08-15T22:23:38;2053-08-15T22:23:38;null;false
4188;Психология Отношений * Мудрый Сексолог;https://t.me/mudrisex;33000;19000;true;2023-12-29T11:11:27;2023-08-15T22:23:38;2053-08-15T22:23:38;null;false
4189;Секс в Браке. Как сохранить страсть;https://t.me/sex_brak;32000;17000;true;2023-12-29T11:11:27;2023-08-15T22:23:38;2053-08-15T22:23:38;null;false
4190;Антиваниль: Товарищи, трахайтесь!;https://t.me/antivanil;31000;2000;true;2023-12-29T11:11:27;2023-08-15T22:23:38;2053-08-15T22:23:38;null;false
4191;РУССКОЕ ВИДЕО🔞❤️‍🔥;https://t.me/russian_videos7;31000;6000;true;2023-12-29T11:11:27;2023-08-15T22:23:38;2053-08-15T22:23:38;null;false
4192;🍑Anals Paradise 💦;https://t.me/CumAnal_Paradise;30000;3000;true;2023-12-29T11:11:27;2023-08-15T22:23:38;2053-08-15T22:23:38;null;false
4193;OnlyFans For Free – Сливы Онлифанс;https://t.me/onlyfans_4_free;30000;1000;true;2023-12-29T11:11:27;2023-08-15T22:23:38;2053-08-15T22:23:38;null;false
4194;ＯＲＧＡＺＭ 🍒;https://t.me/OORGAASM;30000;1000;true;2023-12-29T11:11:27;2023-08-15T22:23:38;2053-08-15T22:23:38;null;false
4195;WEBLOVE 18+ 💋;https://t.me/weblove5;30000;3000;true;2023-12-29T11:11:27;2023-08-15T22:23:38;2053-08-15T22:23:38;null;false
4196;🍓 Аниме | Хентай;https://t.me/hentaime;29000;10000;true;2023-12-29T11:11:27;2023-08-15T22:23:38;2053-08-15T22:23:38;null;false
4197;Новая папка(2);https://t.me/artporncom;29000;3000;true;2023-12-29T11:11:27;2023-08-15T22:23:38;2053-08-15T22:23:38;null;false
4198;Aesthetic Porn;https://t.me/AestheticsPorn;29000;3000;true;2023-12-29T11:11:27;2023-08-15T22:23:38;2053-08-15T22:23:38;null;false
4199;Masturbarium;https://t.me/mstrbrm;29000;3000;true;2023-12-29T11:11:27;2023-08-15T22:23:38;2053-08-15T22:23:38;null;false
4200;👩‍⚕️Orgasm;https://t.me/orgasmme;28000;14000;true;2023-12-29T11:11:27;2023-08-15T22:23:38;2053-08-15T22:23:38;null;false
4201;Хочу тебя безумно 😉;https://t.me/hochu_tebya_bezumno;28000;1000;true;2023-12-29T11:11:27;2023-08-15T22:23:38;2053-08-15T22:23:38;null;false
4202;18+ Подсмотрел | Upskirt;https://t.me/podsmotrel;28000;6000;true;2023-12-29T11:11:27;2023-08-15T22:23:38;2053-08-15T22:23:38;null;false
4203;Oggi_ASMR;https://t.me/oggi_asmr;28000;5000;true;2023-12-29T11:11:27;2023-08-15T22:23:38;2053-08-15T22:23:38;null;false
4204;Ero Girls🔞;https://t.me/sticker_erotik;28000;1000;true;2023-12-29T11:11:27;2023-08-15T22:23:38;2053-08-15T22:23:38;null;false
4205;ГПЗ • Naked Guys Celebrity • Голые Парни Знаменитости;https://t.me/ngc_celebrity;27000;7000;true;2023-12-29T11:11:27;2023-08-15T22:23:38;2053-08-15T22:23:38;null;false
4206;The Office 👔;https://t.me/TheOfficeBruh;27000;1000;true;2023-12-29T11:11:27;2023-08-15T22:23:38;2053-08-15T22:23:38;null;false
4207;Big Ass Women🔥 B.A.W.;https://t.me/bigasswomenxxx;27000;1000;true;2023-12-29T11:11:27;2023-08-15T22:23:38;2053-08-15T22:23:38;null;false
4208;AliceBong;https://t.me/alicebong_official;26000;7000;true;2023-12-29T11:11:27;2023-08-15T22:23:38;2053-08-15T22:23:38;null;false
4209;BDSM❦𝕂𝔸;https://t.me/bdsm_k4;26000;1000;true;2023-12-29T11:11:27;2023-08-15T22:23:38;2053-08-15T22:23:38;null;false
4210;Папины истории 18+;https://t.me/daddysstories;26000;1000;true;2023-12-29T11:11:27;2023-08-15T22:23:38;2053-08-15T22:23:38;null;false
4211;ТИК-ТОК 18+;https://t.me/pornh6;26000;3000;true;2023-12-29T11:11:27;2023-08-15T22:23:38;2053-08-15T22:23:38;null;false
4212;🔥 PornLab 🔥;https://t.me/pornlab_hd;25000;1000;true;2023-12-29T11:11:27;2023-08-15T22:23:38;2053-08-15T22:23:38;null;false
4213;Retro Harbor 📺🍓;https://t.me/retroharbor;25000;2000;true;2023-12-29T11:11:27;2023-08-15T22:23:38;2053-08-15T22:23:38;null;false
4214;Hot Live Instagram;https://t.me/iglive1;25000;5000;true;2023-12-29T11:11:27;2023-08-15T22:23:38;2053-08-15T22:23:38;null;false
4215;HD SEX;https://t.me/gruppovuh;25000;3000;true;2023-12-29T11:11:27;2023-08-15T22:23:38;2053-08-15T22:23:38;null;false
4216;💕 Лeсби | Lesbos;https://t.me/Lesbos;25000;8000;true;2023-12-29T11:11:27;2023-08-15T22:23:38;2053-08-15T22:23:38;null;false
4217;Девушки Перископа;https://t.me/periscope_girl;25000;2000;true;2023-12-29T11:11:27;2023-08-15T22:23:38;2053-08-15T22:23:38;null;false
4218;Русское домашнее порно;https://t.me/randomsexa;25000;8000;true;2023-12-29T11:11:27;2023-08-15T22:23:38;2053-08-15T22:23:38;null;false
4219;✎ Christa ASMR;https://t.me/christasmr;25000;9000;true;2023-12-29T11:11:27;2023-08-15T22:23:38;2053-08-15T22:23:38;null;false
4220;ХЕНТАЙ КОМИКСЫ АНИМЕ МАНГА;https://t.me/hentaicomicsianime;25000;4000;true;2023-12-29T11:11:27;2023-08-15T22:23:38;2053-08-15T22:23:38;null;false
4221;PORNHUB;https://t.me/pornhubr;25000;4000;true;2023-12-29T11:11:27;2023-08-15T22:23:38;2053-08-15T22:23:38;null;false
4222;Porn 24 🔞;https://t.me/wow_24video;25000;1000;true;2023-12-29T11:11:27;2023-08-15T22:23:38;2053-08-15T22:23:38;null;false
4223;I want to be a lesbian 18+;https://t.me/iwanttobealesbian;25000;1000;true;2023-12-29T11:11:27;2023-08-15T22:23:38;2053-08-15T22:23:38;null;false
4224;TOP SexWife;https://t.me/sexwifs;25000;4000;true;2023-12-29T11:11:27;2023-08-15T22:23:38;2053-08-15T22:23:38;null;false
4225;🇯🇵 Hot asian girls | Asian porn | Горячие азиатки;https://t.me/so_hot_asian;24000;1000;true;2023-12-29T11:11:27;2023-08-15T22:23:38;2053-08-15T22:23:38;null;false
4226;🔥 Over The Clouds;https://t.me/OverTheCloudsTg;24000;1000;true;2023-12-29T11:11:27;2023-08-15T22:23:38;2053-08-15T22:23:38;null;false
4227;horny girls vibe 💜;https://t.me/hornygirlsvibe;24000;2000;true;2023-12-29T11:11:27;2023-08-15T22:23:38;2053-08-15T22:23:38;null;false
4228;Your pain is my pleasure (femdom) 18+;https://t.me/fem_pisp;24000;1000;true;2023-12-29T11:11:27;2023-08-15T22:23:38;2053-08-15T22:23:38;null;false
4229;Голые на пляже - nude on beach 👍😜🌴🌞🔥☀️;https://t.me/golienaplaje;23000;2000;true;2023-12-29T11:11:27;2023-08-15T22:23:38;2053-08-15T22:23:38;null;false
4230;horny trendy🐸;https://t.me/h_trendy;23000;1000;true;2023-12-29T11:11:27;2023-08-15T22:23:38;2053-08-15T22:23:38;null;false
4231;VOYEURS CLUB;https://t.me/voyeursclub;23000;1000;true;2023-12-29T11:11:27;2023-08-15T22:23:38;2053-08-15T22:23:38;null;false
4232;Лучшее Видео Недели;https://t.me/lvnprn;22000;6000;true;2023-12-29T11:11:27;2023-08-15T22:23:38;2053-08-15T22:23:38;null;false
4233;BRAZZERS;https://t.me/slilivtg;23000;3000;true;2023-12-29T11:11:27;2023-08-15T22:23:38;2053-08-15T22:23:38;null;false
4234;Wet Stuffs 💦;https://t.me/wetstuffs;23000;3000;true;2023-12-29T11:11:27;2023-08-15T22:23:38;2053-08-15T22:23:38;null;false
4235;🌺HentaiGames | Хентай игры | Android;https://t.me/hentaigamess;22000;9000;true;2023-12-29T11:11:27;2023-08-15T22:23:38;2053-08-15T22:23:38;null;false
4236;🌈Lesbians Paradise 💦;https://t.me/Lesbi_Paradise_Cum;22000;3000;true;2023-12-29T11:11:27;2023-08-15T22:23:38;2053-08-15T22:23:38;null;false
4237;Осторожно, сосульки!;https://t.me/Beware_of_icicles;22000;2000;true;2023-12-29T11:11:27;2023-08-15T22:23:38;2053-08-15T22:23:38;null;false
4238;真实反差精选分享地🥵;https://t.me/fancha45;22000;1000;true;2023-12-29T11:11:27;2023-08-15T22:23:38;2053-08-15T22:23:38;null;false
4239;Porno Italiano Italy OnlyFans;https://t.me/fancha45;22000;6000;true;2023-12-29T11:11:27;2023-08-15T22:23:38;2053-08-15T22:23:38;null;false
4240;MELLSTROY - ССЫЛКИ ДЕВУШЕК;https://t.me/mellstroyscam;22000;6000;true;2023-12-29T11:11:27;2023-08-15T22:23:38;2053-08-15T22:23:38;null;false
4241;BAD GIRL 💥;https://t.me/baaaadgirls;22000;1000;true;2023-12-29T11:11:27;2023-08-15T22:23:38;2053-08-15T22:23:38;null;false
4242;Azeru Asmr;https://t.me/azeruasmr;22000;6000;true;2023-12-29T11:11:27;2023-08-15T22:23:38;2053-08-15T22:23:38;null;false
4243;Altar of Elders;https://t.me/altar_of_elders;22000;3000;true;2023-12-29T11:11:27;2023-08-15T22:23:38;2053-08-15T22:23:38;null;false
4244;𝐀𝐒𝐌𝐑 𝐃𝐢𝐞𝐥 🎧;https://t.me/asmrdiel;21000;7000;true;2023-12-29T11:11:27;2023-08-15T22:23:38;2053-08-15T22:23:38;null;false
4245;Слив KERONKES;https://t.me/privat_keronkes;21000;6000;true;2023-12-29T11:11:27;2023-08-15T22:23:38;2053-08-15T22:23:38;null;false
4246;ДРОЧИЛКА💦;https://t.me/drochiilka;21000;3000;true;2023-12-29T11:11:27;2023-08-15T22:23:38;2053-08-15T22:23:38;null;false
4247;Подвал Бокса;https://t.me/boxnudeimpact;21000;19000;true;2023-12-29T11:11:27;2023-08-15T22:23:38;2053-08-15T22:23:38;null;false
4248;Lesbian Stuffs;https://t.me/Lesbian_stuffs;21000;2000;true;2023-12-29T11:11:27;2023-08-15T22:23:38;2053-08-15T22:23:38;null;false
4249;Девочки с Pornhub 18+;https://t.me/pornhub_babes;20000;3000;true;2023-12-29T11:11:27;2023-08-15T22:23:38;2053-08-15T22:23:38;null;false
4250;Hot Girls💦;https://t.me/Hot_23Girls;20000;1000;true;2023-12-29T11:11:27;2023-08-15T22:23:38;2053-08-15T22:23:38;null;false
4251;Me and my fetish 🍑;https://t.me/meandmyfetishh;20000;1000;true;2023-12-29T11:11:27;2023-08-15T22:23:38;2053-08-15T22:23:38;null;false
4252;ДВАЧ ⚡️;https://t.me/dvachv;20000;2000;true;2023-12-29T11:11:27;2023-08-15T22:23:38;2053-08-15T22:23:38;null;false
4253;🫦 LESBIAN SLUT 🫦;https://t.me/lesbian_universe;20000;2000;true;2023-12-29T11:11:27;2023-08-15T22:23:38;2053-08-15T22:23:38;null;false
4254;Кружки 18+;https://t.me/kruzhki18plus;20000;7000;true;2023-12-29T11:11:27;2023-08-15T22:23:38;2053-08-15T22:23:38;null;false
4255;TgPorn.ru | ШКУРЫ 18+;https://t.me/tgporn18;20000;3000;true;2023-12-29T11:11:27;2023-08-15T22:23:38;2053-08-15T22:23:38;null;false
4256;NIGHT CLASSES 🔞;https://t.me/Science2_0;20000;1000;true;2023-12-29T11:11:27;2023-08-15T22:23:38;2053-08-15T22:23:38;null;false
4257;𝘽𝙞•𝙡𝙤𝙫𝙚;https://t.me/love_tranny;20000;1000;true;2023-12-29T11:11:27;2023-08-15T22:23:38;2053-08-15T22:23:38;null;false
4258;СЕКС СТИКЕРЫ | Смешные стикеры | Анимированные стикеры;https://t.me/sekstick;20000;2000;true;2023-12-29T11:11:27;2023-08-15T22:23:38;2053-08-15T22:23:38;null;false
4259;Femdomania & Latex 🖤;https://t.me/fetmistress;20000;1000;true;2023-12-29T11:11:27;2023-08-15T22:23:38;2053-08-15T22:23:38;null;false
4260;❤️Аморальная Штучка❤️;https://t.me/amoralnell;20000;3000;true;2023-12-29T11:11:27;2023-08-15T22:23:38;2053-08-15T22:23:38;null;false
4261;Фабрика Порнухи;https://t.me/fabrikap;20000;3000;true;2023-12-29T11:11:27;2023-08-15T22:23:38;2053-08-15T22:23:38;null;false
4262;Дверь закрой 18+;https://t.me/zakoi_dver;20000;2000;true;2023-12-29T11:11:27;2023-08-15T22:23:38;2053-08-15T22:23:38;null;false
4263;√ЕхЕ;https://t.me/neryouu;20000;2000;true;2023-12-29T11:11:27;2023-08-15T22:23:38;2053-08-15T22:23:38;null;false
4264;BDSM | Hardcore| Gangbang;https://t.me/bdsmhardv;20000;2000;true;2023-12-29T11:11:27;2023-08-15T22:23:38;2053-08-15T22:23:38;null;false
4265;💦NEW PORN🔞;https://t.me/new_porn_2020;19000;3000;true;2023-12-29T11:11:27;2023-08-15T22:23:38;2053-08-15T22:23:38;null;false
4266;СЛИВ WB / СТУДЕНТКИ / МОЛОДЫЕ;https://t.me/one_fap;19000;1000;true;2023-12-29T11:11:27;2023-08-15T22:23:38;2053-08-15T22:23:38;null;false
4267;Домашние Любовницы | ДругВокруг 18+ | Мамба 18+ | Сливы | Порно | Секс;https://t.me/domashnie_lyubovnitsy;19000;7000;true;2023-12-29T11:11:27;2023-08-15T22:23:38;2053-08-15T22:23:38;null;false
4268;ASS Passion / Лучшие ПОПКИ;https://t.me/ass_passion;19000;1000;true;2023-12-29T11:11:27;2023-08-15T22:23:38;2053-08-15T22:23:38;null;false
4269;Blacked Russia;https://t.me/sexdreams_18;19000;1000;true;2023-12-29T11:11:27;2023-08-15T22:23:38;2053-08-15T22:23:38;null;false
4270;SEXY BUTT 🔞;https://t.me/buttsexy;19000;4000;true;2023-12-29T11:11:27;2023-08-15T22:23:38;2053-08-15T22:23:38;null;false
4271;UNITED COLORS OF PORN;https://t.me/iloveIRporn;19000;4000;true;2023-12-29T11:11:27;2023-08-15T22:23:38;2053-08-15T22:23:38;null;false
4272;She likes It - Ей Нравится;https://t.me/misogyny_light;19000;1000;true;2023-12-29T11:11:27;2023-08-15T22:23:38;2053-08-15T22:23:38;null;false
4273;𝒥𝓊𝒾𝒸𝓎 𝐀𝐄𝐒𝐓𝐇𝐄𝐓𝐈𝐂𝐒💋;https://t.me/juicy_aesthetics;19000;2000;true;2023-12-29T11:11:27;2023-08-15T22:23:38;2053-08-15T22:23:38;null;false
4274;Сливы OnlyFans 🍑;https://t.me/onlyfans_sliv_free;19000;4000;true;2023-12-29T11:11:27;2023-08-15T22:23:38;2053-08-15T22:23:38;null;false
4275;Фликия;https://t.me/flickia;18000;17000;true;2023-12-29T11:11:27;2023-08-15T22:23:38;2053-08-15T22:23:38;null;false
4276;Leecherxxx;https://t.me/leecherxxx;18000;3000;true;2023-12-29T11:11:27;2023-08-15T22:23:38;2053-08-15T22:23:38;null;false
4277;Homemade Домашнее Porn Порно Amateur Любительское;https://t.me/homemade_xxx;18000;1000;true;2023-12-29T11:11:27;2023-08-15T22:23:38;2053-08-15T22:23:38;null;false
4278;СЛИВ WB / СТУДЕНТКИ / МОЛОДЫЕ;https://t.me/one_fap;18000;1000;true;2023-12-29T11:11:27;2023-08-15T22:23:38;2053-08-15T22:23:38;null;false
4279;Nakedbodies (18+);https://t.me/nakedbodies;18000;1000;true;2023-12-29T11:11:27;2023-08-15T22:23:38;2053-08-15T22:23:38;null;false
4280;Pumpkin;https://t.me/pumkin122;18000;1000;true;2023-12-29T11:11:27;2023-08-15T22:23:38;2053-08-15T22:23:38;null;false
4281;личка➡️ @wild_milana;https://t.me/wildchildmilana;18000;5000;true;2023-12-29T11:11:27;2023-08-15T22:23:38;2053-08-15T22:23:38;null;false
4282;Adult Games (Machine & Toys) 18+;https://t.me/adult_games_sex;18000;5000;true;2023-12-29T11:11:27;2023-08-15T22:23:38;2053-08-15T22:23:38;null;false
4283;BIG ASS BBC 🔞;https://t.me/bigassbbc;18000;6000;true;2023-12-29T11:11:27;2023-08-15T22:23:38;2053-08-15T22:23:38;null;false
4284;Porn Stream - Порно Поток;https://t.me/porn_stream;18000;1000;true;2023-12-29T11:11:27;2023-08-15T22:23:38;2053-08-15T22:23:38;null;false
4285;Берлога прелюбодеяний;https://t.me/CaveOfFornication;18000;1000;true;2023-12-29T11:11:27;2023-08-15T22:23:38;2053-08-15T22:23:38;null;false
4286;😍 Show yourself to the world 😍;https://t.me/showing_in_public;18000;1000;true;2023-12-29T11:11:27;2023-08-15T22:23:38;2053-08-15T22:23:38;null;false
4287;Админ любит тян без цензуры ❤️ 18+;https://t.me/tyannocenz;17000;1000;true;2023-12-29T11:11:27;2023-08-15T22:23:38;2053-08-15T22:23:38;null;false
4288;Classic Porn 18+;https://t.me/classic_adult_films;17000;1000;true;2023-12-29T11:11:27;2023-08-15T22:23:38;2053-08-15T22:23:38;null;false
4289;Сливы OnlyFans 🍑;https://t.me/onlyfans_sliv_free;18000;4000;true;2023-12-29T11:11:27;2023-08-15T22:23:38;2053-08-15T22:23:38;null;false
4290;подкаты.;https://t.me/podkadtvirttt;196000;20000;true;2023-12-29T11:11:27;2023-08-15T22:23:38;2053-08-15T22:23:38;null;false
4291;SEX/LIFE;https://t.me/keks_life;181000;56000;true;2023-12-29T11:11:27;2023-08-15T22:23:38;2053-08-15T22:23:38;null;false
4292;Тянач/Двач;https://t.me/dvach18;154000;48000;true;2023-12-29T11:11:27;2023-08-15T22:23:38;2053-08-15T22:23:38;null;false
4293;Интимный Дневник;https://t.me/dnevnikhot;120000;30000;true;2023-12-29T11:11:27;2023-08-15T22:23:38;2053-08-15T22:23:38;null;false
4294;Прямой Эфир;https://t.me/novosti_efir;3861000;600000;true;2023-12-29T11:11:27;2023-08-15T22:23:38;2053-08-15T22:23:38;null;false
4295;Новости Москвы;https://t.me/moscowmap;1916000;570000;true;2023-12-29T11:11:27;2023-08-15T22:23:38;2053-08-15T22:23:38;null;false
4296;Госуслуги;https://t.me/gosuslugi;1069000;328000;true;2023-12-29T11:11:27;2023-08-15T22:23:38;2053-08-15T22:23:38;null;false
4297;КОНТЕКСТ;https://t.me/kontext_channel;1069000;328000;true;2023-12-29T11:11:27;2023-08-15T22:23:38;2053-08-15T22:23:38;null;false
4298;Новости Блогеров | ТикТок Сливы;https://t.me/novostiblogerovslivi;843000;25000;true;2023-12-29T11:11:27;2023-08-15T22:23:38;2053-08-15T22:23:38;null;false
4299;Объясняет Readovka;https://t.me/readovkaru;664000;201000;true;2023-12-29T11:11:27;2023-08-15T22:23:38;2053-08-15T22:23:38;null;false
4300;Жесть Белгород;https://t.me/zhest_belgorod;627000;317000;true;2023-12-29T11:11:27;2023-08-15T22:23:38;2053-08-15T22:23:38;null;false
4301;Два майора;https://t.me/dva_majors;616000;204000;true;2023-12-29T11:11:27;2023-08-15T22:23:38;2053-08-15T22:23:38;null;false
4302;Kotsnews;https://t.me/sashakots;573000;143000;true;2023-12-29T11:11:27;2023-08-15T22:23:38;2053-08-15T22:23:38;null;false
4303;Ateo Breaking;https://t.me/Ateobreaking;530000;260000;true;2023-12-29T11:11:27;2023-08-15T22:23:38;2053-08-15T22:23:38;null;false
4304;GREY ZONE;https://t.me/grey_zone;523000;122000;true;2023-12-29T11:11:27;2023-08-15T22:23:38;2053-08-15T22:23:38;null;false
4305;КК;https://t.me/petrovtel;516000;101000;true;2023-12-29T11:11:27;2023-08-15T22:23:38;2053-08-15T22:23:38;null;false
4306;SHTOLL NEWS💋;https://t.me/SHTOLLNEWS;516000;83000;true;2023-12-29T11:11:27;2023-08-15T22:23:38;2053-08-15T22:23:38;null;false
4307;СИГНАЛ;https://t.me/ssigny;505000;47000;true;2023-12-29T11:11:27;2023-08-15T22:23:38;2053-08-15T22:23:38;null;false
4308;#МОНТЯН!;https://t.me/montyan2;505000;234000;true;2023-12-29T11:11:27;2023-08-15T22:23:38;2053-08-15T22:23:38;null;false
4309;KOSTI;https://t.me/kosti;501000;174000;true;2023-12-29T11:11:27;2023-08-15T22:23:38;2053-08-15T22:23:38;null;false
4310;Big Geek;https://t.me/biggeekru;499000;66000;true;2023-12-29T11:11:27;2023-08-15T22:23:38;2053-08-15T22:23:38;null;false
4311;Можем объяснить;https://t.me/mozhemobyasnit;472000;129000;true;2023-12-29T11:11:27;2023-08-15T22:23:38;2053-08-15T22:23:38;null;false
4312;ЧТД;https://t.me/chtddd;459000;88000;true;2023-12-29T11:11:27;2023-08-15T22:23:38;2053-08-15T22:23:38;null;false
4313;Zлой Пруф️;https://t.me/proofzzz;423000;156000;true;2023-12-29T11:11:27;2023-08-15T22:23:38;2053-08-15T22:23:38;null;false
4314;Голос страны️;https://t.me/russianonwars;412000;107000;true;2023-12-29T11:11:27;2023-08-15T22:23:38;2053-08-15T22:23:38;null;false
4315;Добрые новости 📰;https://t.me/NiceJournal;386000;10000;true;2023-12-29T11:11:27;2023-08-15T22:23:38;2053-08-15T22:23:38;null;false
4316;Осташко! Важное;https://t.me/OstashkoNews;374000;99000;true;2023-12-29T11:11:27;2023-08-15T22:23:38;2053-08-15T22:23:38;null;false
4317;Иван Утенков;https://t.me/ivan_utenkov13;360000;104000;true;2023-12-29T11:11:27;2023-08-15T22:23:38;2053-08-15T22:23:38;null;false
4318;СКВЕР;https://t.me/skverlive;334000;65000;true;2023-12-29T11:11:27;2023-08-15T22:23:38;2053-08-15T22:23:38;null;false
4319;Новостной Кролик;https://t.me/kroliknews;310000;53000;true;2023-12-29T11:11:27;2023-08-15T22:23:38;2053-08-15T22:23:38;null;false
4320;Новостной Агрегатор;https://t.me/NovostAgro;310000;53000;true;2023-12-29T11:11:27;2023-08-15T22:23:38;2053-08-15T22:23:38;null;false
4321;Информатор;https://t.me/informatornew;297000;45000;true;2023-12-29T11:11:27;2023-08-15T22:23:38;2053-08-15T22:23:38;null;false
4322;Голос Дагестана / новости Дагестана;https://t.me/golosdagestana05;293000;113000;true;2023-12-29T11:11:27;2023-08-15T22:23:38;2053-08-15T22:23:38;null;false
4323;ND - Новости Дня;https://t.me/ndnews24;282000;85000;true;2023-12-29T11:11:27;2023-08-15T22:23:38;2053-08-15T22:23:38;null;false
4324;Объясняем.рф;https://t.me/obyasnayemrf;280000;43000;true;2023-12-29T11:11:27;2023-08-15T22:23:38;2053-08-15T22:23:38;null;false
4325;ЗАРУБИН;https://t.me/zarubinreporter;273000;309000;true;2023-12-29T11:11:27;2023-08-15T22:23:38;2053-08-15T22:23:38;null;false
4326;Евгений Пригожин в Telegram🇷🇺;https://t.me/chvk_wagnerr;270000;31000;true;2023-12-29T11:11:27;2023-08-15T22:23:38;2053-08-15T22:23:38;null;false
4327;Пригожин 2023;https://t.me/prigozhin_2023_tg;262000;45000;true;2023-12-29T11:11:27;2023-08-15T22:23:38;2053-08-15T22:23:38;null;false
4328;🇷🇺 DONTSTOPWAR;https://t.me/dontstopwar;259000;212000;true;2023-12-29T11:11:27;2023-08-15T22:23:38;2053-08-15T22:23:38;null;false
4329;Дурка;https://t.me/durkatrash;259000;6000;true;2023-12-29T11:11:27;2023-08-15T22:23:38;2053-08-15T22:23:38;null;false
4330;Fucking English | Английский 18+;https://t.me/fuckingenglish;357000;30000;true;2023-12-29T11:11:27;2023-08-15T22:23:38;2053-08-15T22:23:38;null;false
4331;State-English;https://t.me/state_english;200000;9000;true;2023-12-29T11:11:27;2023-08-15T22:23:38;2053-08-15T22:23:38;null;false
4332;Skyeng: Английский для жизни;https://t.me/skyengweekly;200000;9000;true;2023-12-29T11:11:27;2023-08-15T22:23:38;2053-08-15T22:23:38;null;false
4333;Английский язык;https://t.me/englishtg1;69000;3000;true;2023-12-29T11:11:27;2023-08-15T22:23:38;2053-08-15T22:23:38;null;false
4334;Hot Idioms;https://t.me/hot_idioms;67000;4000;true;2023-12-29T11:11:27;2023-08-15T22:23:38;2053-08-15T22:23:38;null;false
4335;🇬🇧 Learn English 🇬🇧;https://t.me/ieltstoeflcefrr;65000;4000;true;2023-12-29T11:11:27;2023-08-15T22:23:38;2053-08-15T22:23:38;null;false
4336;Английский в картинках;https://t.me/anglysky_yazyki;64000;3000;true;2023-12-29T11:11:27;2023-08-15T22:23:38;2053-08-15T22:23:38;null;false
4337;Английский для программиста | EnglishScript;https://t.me/EnglishScript;64000;3000;true;2023-12-29T11:11:27;2023-08-15T22:23:38;2053-08-15T22:23:38;null;false
4338;Movies & Books in English;https://t.me/i_love_english_online;56000;2000;true;2023-12-29T11:11:27;2023-08-15T22:23:38;2053-08-15T22:23:38;null;false
4339;Викторины на Английском;https://t.me/spaceofeng;55000;3000;true;2023-12-29T11:11:27;2023-08-15T22:23:38;2053-08-15T22:23:38;null;false
4340;One Minute English;https://t.me/One_M1nute_English;55000;3000;true;2023-12-29T11:11:27;2023-08-15T22:23:38;2053-08-15T22:23:38;null;false
4341;Как Я учу английский|Ассоциации;https://t.me/mnemo_english1;49000;9000;true;2023-12-29T11:11:27;2023-08-15T22:23:38;2053-08-15T22:23:38;null;false
4342;IELTSC🔎PE | Английский язык;https://t.me/ieltscope;44000;2000;true;2023-12-29T11:11:27;2023-08-15T22:23:38;2053-08-15T22:23:38;null;false
4343;Инглекс | Заряжаемся английским;https://t.me/englex_school;44000;4000;true;2023-12-29T11:11:27;2023-08-15T22:23:38;2053-08-15T22:23:38;null;false
4344;Книги на Английском | Аудиокниги;https://t.me/English_Books_TG;41000;3000;true;2023-12-29T11:11:27;2023-08-15T22:23:38;2053-08-15T22:23:38;null;false
4345;КЛУБ | ENGLISH GALAXY | АНГЛИЙСКИЙ ЯЗЫК ПО ПЛЕЙЛИСТАМ;https://t.me/englishgalaxy_school;38000;5000;true;2023-12-29T11:11:27;2023-08-15T22:23:38;2053-08-15T22:23:38;null;false
4346;Английский язык;https://t.me/Angliyskiy_yaziki;38000;2000;true;2023-12-29T11:11:27;2023-08-15T22:23:38;2053-08-15T22:23:38;null;false
4347;Archi.English;https://t.me/archienglish;36000;3000;true;2023-12-29T11:11:27;2023-08-15T22:23:38;2053-08-15T22:23:38;null;false
4348;English Store;https://t.me/not_the_english_you_might_know;30000;2000;true;2023-12-29T11:11:27;2023-08-15T22:23:38;2053-08-15T22:23:38;null;false
4349;ЯжеРЫБАК |Только рыбалка и точка!;https://t.me/yazherybak_rus;22000;4000;true;2023-12-29T11:11:27;2023-08-15T22:23:38;2053-08-15T22:23:38;null;false
4350;🎣 Рыбалка;https://t.me/telefishing;20000;3000;true;2023-12-29T11:11:27;2023-08-15T22:23:38;2053-08-15T22:23:38;null;false
4351;Удачная рыбалка;https://t.me/rybalkaudachnaya;17000;2000;true;2023-12-29T11:11:27;2023-08-15T22:23:38;2053-08-15T22:23:38;null;false
4352;Рыбалка - Рыбанутые | Охота;https://t.me/rybalkaudachnaya;17000;5000;true;2023-12-29T11:11:27;2023-08-15T22:23:38;2053-08-15T22:23:38;null;false
4353;Немецкий язык с юмором;https://t.me/deutschmithumor;20000;3000;true;2023-12-29T11:11:27;2023-08-15T22:23:38;2053-08-15T22:23:38;null;false
4354;deutsch.mit 🇩🇪 Немецкий язык;https://t.me/sonjadeutschmit;15000;6000;true;2023-12-29T11:11:27;2023-08-15T22:23:38;2053-08-15T22:23:38;null;false
4355;Немецкий с Deutschspot💡;https://t.me/deutschspot;6000;1000;true;2023-12-29T11:11:27;2023-08-15T22:23:38;2053-08-15T22:23:38;null;false
4356;Москвач • Новости Москвы;https://t.me/moscowach;1300000;265000;true;2023-12-29T11:11:27;2023-08-15T22:23:38;2053-08-15T22:23:38;null;false
4357;Москва Live;https://t.me/msk_live;1000000;160000;true;2023-12-29T11:11:27;2023-08-15T22:23:38;2053-08-15T22:23:38;null;false
4358;Новости Москвы / Молния;https://t.me/mskmolnia;402000;70000;true;2023-12-29T11:11:27;2023-08-15T22:23:38;2053-08-15T22:23:38;null;false
4359;Москва News;https://t.me/moskva_only;374000;62000;true;2023-12-29T11:11:27;2023-08-15T22:23:38;2053-08-15T22:23:38;null;false
4360;Москва 24;https://t.me/infomoscow24;356000;90000;true;2023-12-29T11:11:27;2023-08-15T22:23:38;2053-08-15T22:23:38;null;false
4361;Москва с огоньком;https://t.me/moscowtop;356000;90000;true;2023-12-29T11:11:27;2023-08-15T22:23:38;2053-08-15T22:23:38;null;false
4362;Новости Москвы;https://t.me/moskvir;283000;185000;true;2023-12-29T11:11:27;2023-08-15T22:23:38;2053-08-15T22:23:38;null;false
4363;Москва на максималках;https://t.me/mosjournal;225000;38000;true;2023-12-29T11:11:27;2023-08-15T22:23:38;2053-08-15T22:23:38;null;false
4364;Москва Онлайн | Новости;https://t.me/onlinemsk2024;213000;83000;true;2023-12-29T11:11:27;2023-08-15T22:23:38;2053-08-15T22:23:38;null;false
4365;Московские новости;https://t.me/mnews_ru;180000;23000;true;2023-12-29T11:11:27;2023-08-15T22:23:38;2053-08-15T22:23:38;null;false
4366;Moscow Digest;https://t.me/MoscowDigest;169000;21000;true;2023-12-29T11:11:27;2023-08-15T22:23:38;2053-08-15T22:23:38;null;false
4367;ЫЫХУ Москвы;https://t.me/iikhu;165000;42000;true;2023-12-29T11:11:27;2023-08-15T22:23:38;2053-08-15T22:23:38;null;false
4368;Эй, Москва!;https://t.me/msk_state;154000;31000;true;2023-12-29T11:11:27;2023-08-15T22:23:38;2053-08-15T22:23:38;null;false
4369;Мой город — Москва;https://t.me/mskmycity;147000;22000;true;2023-12-29T11:11:27;2023-08-15T22:23:38;2053-08-15T22:23:38;null;false
4370;PRO Москву;https://t.me/moscoww_pro;128000;21000;true;2023-12-29T11:11:27;2023-08-15T22:23:38;2053-08-15T22:23:38;null;false
4371;Молния | Москва;https://t.me/mln_msk;125000;34000;true;2023-12-29T11:11:27;2023-08-15T22:23:38;2053-08-15T22:23:38;null;false
4372;Дептранс Москвы;https://t.me/DtRoad;120000;16000;true;2023-12-29T11:11:27;2023-08-15T22:23:38;2053-08-15T22:23:38;null;false
4373;Москва для детей • Афиша;https://t.me/detstvo_msk;128000;23000;true;2023-12-29T11:11:27;2023-08-15T22:23:38;2053-08-15T22:23:38;null;false
4374;Куда сходить в Москве;https://t.me/mscculture;116000;12000;true;2023-12-29T11:11:27;2023-08-15T22:23:38;2053-08-15T22:23:38;null;false
4375;ЧП / Москва;https://t.me/chpmoscow1;111000;31000;true;2023-12-29T11:11:27;2023-08-15T22:23:38;2053-08-15T22:23:38;null;false
4376;MosTrips 🔸Афиша Москва🔸Интересные места Москвы и Подмосковья;https://t.me/mostrips;111000;12000;true;2023-12-29T11:11:27;2023-08-15T22:23:38;2053-08-15T22:23:38;null;false
4377;Московская птичка;https://t.me/mosptichka;101000;28000;true;2023-12-29T11:11:27;2023-08-15T22:23:38;2053-08-15T22:23:38;null;false
4378;Московский зоопарк;https://t.me/Moscowzoo_official;101000;31000;true;2023-12-29T11:11:27;2023-08-15T22:23:38;2053-08-15T22:23:38;null;false
4379;Москва Life • Новости Москвы;https://t.me/moskwa_life;100000;35000;true;2023-12-29T11:11:27;2023-08-15T22:23:38;2053-08-15T22:23:38;null;false
4380;Куда пойти в Москве;https://t.me/go_moskva;92000;17000;true;2023-12-29T11:11:27;2023-08-15T22:23:38;2053-08-15T22:23:38;null;false
4381;МоскваДА | Новости Москвы;https://t.me/moskvaz;92000;50000;true;2023-12-29T11:11:27;2023-08-15T22:23:38;2053-08-15T22:23:38;null;false
4382;Актуальная Москва;https://t.me/actualmck;85000;46000;true;2023-12-29T11:11:27;2023-08-15T22:23:38;2053-08-15T22:23:38;null;false
4383;Особенный Наполеон МСК;https://t.me/varlamovanapoleon_msk;84000;12000;true;2023-12-29T11:11:27;2023-08-15T22:23:38;2053-08-15T22:23:38;null;false
4384;История Москвы;https://t.me/moshistory;79000;15000;true;2023-12-29T11:11:27;2023-08-15T22:23:38;2053-08-15T22:23:38;null;false
4385;Аренда жилья • Снять квартиру Москва;https://t.me/CKM0CK8A;77000;1000;true;2023-12-29T11:11:27;2023-08-15T22:23:38;2053-08-15T22:23:38;null;false
4386;Дептранс. Оперативно;https://t.me/DtOperativno;72000;27000;true;2023-12-29T11:11:27;2023-08-15T22:23:38;2053-08-15T22:23:38;null;false
4387;MSK1.RU | Новости Москвы | Россия;https://t.me/msk1_news;72000;22000;true;2023-12-29T11:11:27;2023-08-15T22:23:38;2053-08-15T22:23:38;null;false
4388;Юрий Долгорукий;https://t.me/yuradolgoruk;72000;22000;true;2023-12-29T11:11:27;2023-08-15T22:23:38;2053-08-15T22:23:38;null;false
4389;Бульварное кольцо;https://t.me/boulevard_ring;71000;5000;true;2023-12-29T11:11:27;2023-08-15T22:23:38;2053-08-15T22:23:38;null;false
4390;Мослента;https://t.me/moscowlenta;70000;5000;true;2023-12-29T11:11:27;2023-08-15T22:23:38;2053-08-15T22:23:38;null;false
4391;ДТП и ЧП МОСКВА и МО;https://t.me/dtp777;70000;40000;true;2023-12-29T11:11:27;2023-08-15T22:23:38;2053-08-15T22:23:38;null;false
4392;Молния. Москва;https://t.me/MolniaChannel;69000;14000;true;2023-12-29T11:11:27;2023-08-15T22:23:38;2053-08-15T22:23:38;null;false
4393;Слесарь;https://t.me/slesar_msk;68000;12000;true;2023-12-29T11:11:27;2023-08-15T22:23:38;2053-08-15T22:23:38;null;false
4394;Москва - новостная;https://t.me/moskva_tretiy_rim;66000;23000;true;2023-12-29T11:11:27;2023-08-15T22:23:38;2053-08-15T22:23:38;null;false
4395;Афиша Москва | Скидки;https://t.me/moscow_kuda;63000;18000;true;2023-12-29T11:11:27;2023-08-15T22:23:38;2053-08-15T22:23:38;null;false
4396;Москва;https://t.me/official_moscow;61000;12000;true;2023-12-29T11:11:27;2023-08-15T22:23:38;2053-08-15T22:23:38;null;false
4397;Night2Day;https://t.me/night2daymoscow;59000;5000;true;2023-12-29T11:11:27;2023-08-15T22:23:38;2053-08-15T22:23:38;null;false
4398;Экономика Москвы;https://t.me/MoscowEcon;52000;4000;true;2023-12-29T11:11:27;2023-08-15T22:23:38;2053-08-15T22:23:38;null;false
4399;Москва | афиша, досуг;https://t.me/moscowsee;51000;9000;true;2023-12-29T11:11:27;2023-08-15T22:23:38;2053-08-15T22:23:38;null;false
4400;✨ Огни Москвы ✨ Афиша Москва;https://t.me/lightMoscow;50000;7000;true;2023-12-29T11:11:27;2023-08-15T22:23:38;2053-08-15T22:23:38;null;false
4401;Москва 2024;https://t.me/Moscow_00;49000;16000;true;2023-12-29T11:11:27;2023-08-15T22:23:38;2053-08-15T22:23:38;null;false
4402;Моя Москва;https://t.me/moscow_smi;50000;18000;true;2023-12-29T11:11:27;2023-08-15T22:23:38;2053-08-15T22:23:38;null;false
4403;ВКУСОНОМИКА | Москва | Рестораны, бары, кафе и кофейни города;https://t.me/vkusonomika;47000;6000;true;2023-12-29T11:11:27;2023-08-15T22:23:38;2053-08-15T22:23:38;null;false
4404;Нетипичная Москва;https://t.me/netipichnayamoskva;47000;23000;true;2023-12-29T11:11:27;2023-08-15T22:23:38;2053-08-15T22:23:38;null;false
4405;Novostroyman. Москва. Недвижимость;https://t.me/novostroyman;45000;11000;true;2023-12-29T11:11:27;2023-08-15T22:23:38;2053-08-15T22:23:38;null;false
4406;Говорит Москва;https://t.me/radiogovoritmsk;44000;10000;true;2023-12-29T11:11:27;2023-08-15T22:23:38;2053-08-15T22:23:38;null;false
4407;Красивые места Москвы и Подмосковья;https://t.me/viewmoscow;41000;7000;true;2023-12-29T11:11:27;2023-08-15T22:23:38;2053-08-15T22:23:38;null;false
4408;МОСКВОВЕДЕНИЕ | Афиша, рестораны и секретные места Москвы;https://t.me/mskvedenie;40000;5000;true;2023-12-29T11:11:27;2023-08-15T22:23:38;2053-08-15T22:23:38;null;false
4409;Сигнал Москва;https://t.me/mskcentral;40000;3000;true;2023-12-29T11:11:27;2023-08-15T22:23:38;2053-08-15T22:23:38;null;false
4410;В Москве;https://t.me/moskva_club;40000;15000;true;2023-12-29T11:11:27;2023-08-15T22:23:38;2053-08-15T22:23:38;null;false
4411;Москва Лайв;https://t.me/moskva_club;39000;29000;true;2023-12-29T11:11:27;2023-08-15T22:23:38;2053-08-15T22:23:38;null;false
4412;Мостуризм;https://t.me/moscomtourism;39000;5000;true;2023-12-29T11:11:27;2023-08-15T22:23:38;2053-08-15T22:23:38;null;false
4413;Московская Щука;https://t.me/moscow_pike;38000;7000;true;2023-12-29T11:11:27;2023-08-15T22:23:38;2053-08-15T22:23:38;null;false
4414;Куда пойти в Москве с детьми;https://t.me/gokids_moskva;37000;8000;true;2023-12-29T11:11:27;2023-08-15T22:23:38;2053-08-15T22:23:38;null;false
4415;Сергей Собянин. Личный блог;https://t.me/blogsobyanin;37000;21000;true;2023-12-29T11:11:27;2023-08-15T22:23:38;2053-08-15T22:23:38;null;false
4416;АФИША | МОСКВА | СКИДКИ;https://t.me/afishavmoskva;36000;10000;true;2023-12-29T11:11:27;2023-08-15T22:23:38;2053-08-15T22:23:38;null;false
4417;Новости Москвы • Самое Важное!;https://t.me/go_msk;36000;21000;true;2023-12-29T11:11:27;2023-08-15T22:23:38;2053-08-15T22:23:38;null;false
4418;Первый ночной;https://t.me/napervom;36000;6000;true;2023-12-29T11:11:27;2023-08-15T22:23:38;2053-08-15T22:23:38;null;false
4419;две в Москве;https://t.me/dvevmoskve;35000;5000;true;2023-12-29T11:11:27;2023-08-15T22:23:38;2053-08-15T22:23:38;null;false
4420;Город Москва;https://t.me/mosrutop;35000;8000;true;2023-12-29T11:11:27;2023-08-15T22:23:38;2053-08-15T22:23:38;null;false
4421;Пойдем сегодня Москва;https://t.me/msk_go_today;35000;7000;true;2023-12-29T11:11:27;2023-08-15T22:23:38;2053-08-15T22:23:38;null;false
4422;Куда пойти в Москве;https://t.me/kudapoitivmoskve;34000;11000;true;2023-12-29T11:11:27;2023-08-15T22:23:38;2053-08-15T22:23:38;null;false
4423;Москва Новости;https://t.me/mos_novosti;34000;7000;true;2023-12-29T11:11:27;2023-08-15T22:23:38;2053-08-15T22:23:38;null;false
4424;Дешевые и горящие туры из Москвы;https://t.me/toursmsk;30000;3000;true;2023-12-29T11:11:27;2023-08-15T22:23:38;2053-08-15T22:23:38;null;false
4425;Вечерняя Москва • Новости;https://t.me/vmoskvanews;30000;1000;true;2023-12-29T11:11:27;2023-08-15T22:23:38;2053-08-15T22:23:38;null;false
4426;Метельский.Москва;https://t.me/metelskiy_moscow;30000;1000;true;2023-12-29T11:11:27;2023-08-15T22:23:38;2053-08-15T22:23:38;null;false
4427;Московское образование;https://t.me/depobr_mos;28000;6000;true;2023-12-29T11:11:27;2023-08-15T22:23:38;2053-08-15T22:23:38;null;false
4428;Москва сейчас;https://t.me/mos_now;28000;6000;true;2023-12-29T11:11:27;2023-08-15T22:23:38;2053-08-15T22:23:38;null;false
4429;Новострой-М. Москва и МО. Новостройки;https://t.me/NovostroyM;28000;4000;true;2023-12-29T11:11:27;2023-08-15T22:23:38;2053-08-15T22:23:38;null;false
4430;Москва. Детали;https://t.me/MoskvaDetaly;28000;5000;true;2023-12-29T11:11:27;2023-08-15T22:23:38;2053-08-15T22:23:38;null;false
4431;На МКАДе ДТП МОСКВА;https://t.me/namkade1;27000;12000;true;2023-12-29T11:11:27;2023-08-15T22:23:38;2053-08-15T22:23:38;null;false
4432;Москва.Культурная;https://t.me/culturalmsk;27000;7000;true;2023-12-29T11:11:27;2023-08-15T22:23:38;2053-08-15T22:23:38;null;false
4433;Концерты и Театры | Скидки | Афиша Москва;https://t.me/theater_msk;26000;6000;true;2023-12-29T11:11:27;2023-08-15T22:23:38;2053-08-15T22:23:38;null;false
4434;ЕРМосква;https://t.me/ermoscow;27000;1000;true;2023-12-29T11:11:27;2023-08-15T22:23:38;2053-08-15T22:23:38;null;false
4435;Бизнес Москва: мероприятия, конференции;https://t.me/moscowbiznes;27000;3000;true;2023-12-29T11:11:27;2023-08-15T22:23:38;2053-08-15T22:23:38;null;false
4436;Мослента;https://t.me/moslentaru;26000;9000;true;2023-12-29T11:11:27;2023-08-15T22:23:38;2053-08-15T22:23:38;null;false
4437;Кастинги Москва;https://t.me/castingmsk;26000;4000;true;2023-12-29T11:11:27;2023-08-15T22:23:38;2053-08-15T22:23:38;null;false
4438;#СтартПродаж - Недвижимость Москвы и Подмосковья;https://t.me/startyprodazh;26000;4000;true;2023-12-29T11:11:27;2023-08-15T22:23:38;2053-08-15T22:23:38;null;false
4439;Free4kids | СЕМЕЙНЫЙ ДОСУГ| МОСКВА;https://t.me/free4kids_official;26000;3000;true;2023-12-29T11:11:27;2023-08-15T22:23:38;2053-08-15T22:23:38;null;false
4440;🕊 НОВОСТИ - Родители Москвы 🕊;https://t.me/roditelimoskvynews;25000;2000;true;2023-12-29T11:11:27;2023-08-15T22:23:38;2053-08-15T22:23:38;null;false
4441;RUSSPASS.Москва;https://t.me/russpass_msk;25000;3000;true;2023-12-29T11:11:27;2023-08-15T22:23:38;2053-08-15T22:23:38;null;false
4442;STROI.MOS.RU;https://t.me/stroi_mos_ru;25000;4000;true;2023-12-29T11:11:27;2023-08-15T22:23:38;2053-08-15T22:23:38;null;false
4443;ПРОКУРАТУРА МОСКВЫ;https://t.me/moscowproc;24000;9000;true;2023-12-29T11:11:27;2023-08-15T22:23:38;2053-08-15T22:23:38;null;false
4444;Москвич Mag;https://t.me/moskvichmag;23000;10000;true;2023-12-29T11:11:27;2023-08-15T22:23:38;2053-08-15T22:23:38;null;false
4445;Москва;https://t.me/independent_moscow;23000;6000;true;2023-12-29T11:11:27;2023-08-15T22:23:38;2053-08-15T22:23:38;null;false
4446;Event hunter - вся творческая работа Москва;https://t.me/mskeventjob;23000;2000;true;2023-12-29T11:11:27;2023-08-15T22:23:38;2053-08-15T22:23:38;null;false
4447;Новости Москвы и МО;https://t.me/mosknovosti;22000;7000;true;2023-12-29T11:11:27;2023-08-15T22:23:38;2053-08-15T22:23:38;null;false
4448;Мама, я в Москве!;https://t.me/moscowcalling;22000;3000;true;2023-12-29T11:11:27;2023-08-15T22:23:38;2053-08-15T22:23:38;null;false
4449;FOODISCOVERY;https://t.me/foodiscovery;21000;2000;true;2023-12-29T11:11:27;2023-08-15T22:23:38;2053-08-15T22:23:38;null;false
4450;ДТП и ЧП Москва;https://t.me/msk_dtp;21000;14000;true;2023-12-29T11:11:27;2023-08-15T22:23:38;2053-08-15T22:23:38;null;false
4451;Скидки и акции. Москва;https://t.me/moskva_sale;21000;3000;true;2023-12-29T11:11:27;2023-08-15T22:23:38;2053-08-15T22:23:38;null;false
4452;Новости Москвы;https://t.me/nov_mos;21000;5000;true;2023-12-29T11:11:27;2023-08-15T22:23:38;2053-08-15T22:23:38;null;false
4453;Элитная недвижимость Москвы;https://t.me/eliterealestatemoscow;20000;1000;true;2023-12-29T11:11:27;2023-08-15T22:23:38;2053-08-15T22:23:38;null;false
4454;Из Москвы на выходные 🚂;https://t.me/izmoskvynavyhodnye;20000;6000;true;2023-12-29T11:11:27;2023-08-15T22:23:38;2053-08-15T22:23:38;null;false
4455;ДОСУГ С РЕБЁНКОМ * DOSUGSREBENKOM;https://t.me/Dosugsrebenkom;20000;2000;true;2023-12-29T11:11:27;2023-08-15T22:23:38;2053-08-15T22:23:38;null;false
4456;Отдам даром Москва;https://t.me/darom99;20000;5000;true;2023-12-29T11:11:27;2023-08-15T22:23:38;2053-08-15T22:23:38;null;false
4457;Актуально Москва;https://t.me/Moscowcurrent;20000;5000;true;2023-12-29T11:11:27;2023-08-15T22:23:38;2053-08-15T22:23:38;null;false
4458;Красная Москва NEW;https://t.me/redmskn;19000;2000;true;2023-12-29T11:11:27;2023-08-15T22:23:38;2053-08-15T22:23:38;null;false
4459;Сити x М24;https://t.me/thecity24;19000;2000;true;2023-12-29T11:11:27;2023-08-15T22:23:38;2053-08-15T22:23:38;null;false
4460;Городское хозяйство Москвы;https://t.me/kgh_moscow;19000;8000;true;2023-12-29T11:11:27;2023-08-15T22:23:38;2053-08-15T22:23:38;null;false
4461;Кудаеда;https://t.me/kudaeda;19000;4000;true;2023-12-29T11:11:27;2023-08-15T22:23:38;2053-08-15T22:23:38;null;false
4462;Inpsycho Media – Институт психоанализа;https://t.me/Inpsycho;19000;3000;true;2023-12-29T11:11:27;2023-08-15T22:23:38;2053-08-15T22:23:38;null;false
4463;Мероприятия Москва - Афиша;https://t.me/afishamoscva;19000;3000;true;2023-12-29T11:11:27;2023-08-15T22:23:38;2053-08-15T22:23:38;null;false
4464;Москва 360;https://t.me/msk_360;18000;8000;true;2023-12-29T11:11:27;2023-08-15T22:23:38;2053-08-15T22:23:38;null;false
4465;Дети в большом городе | Афиша Москва;https://t.me/mosdeti;17000;5000;true;2023-12-29T11:11:27;2023-08-15T22:23:38;2053-08-15T22:23:38;null;false
4466;The CALENDAR' Kids - семейный досуг в Москве;https://t.me/calendar_kids;17000;3000;true;2023-12-29T11:11:27;2023-08-15T22:23:38;2053-08-15T22:23:38;null;false
4467;Где поесть Москва? Рестораны и Кафе;https://t.me/mskrestfood;17000;6000;true;2023-12-29T11:11:27;2023-08-15T22:23:38;2053-08-15T22:23:38;null;false
4468;Новости Москвы Сегодня;https://t.me/mosnewstodey;17000;4000;true;2023-12-29T11:11:27;2023-08-15T22:23:38;2053-08-15T22:23:38;null;false
4469;МОСКВА БЕСПЛАТНАЯ;https://t.me/moscoww_free;17000;7000;true;2023-12-29T11:11:27;2023-08-15T22:23:38;2053-08-15T22:23:38;null;false
4470;Подешевело МСК;https://t.me/podeshevelo_msk;17000;6000;true;2023-12-29T11:11:27;2023-08-15T22:23:38;2053-08-15T22:23:38;null;false
4471;Новости Москвы;https://t.me/msk_in_the_lens;16000;5000;true;2023-12-29T11:11:27;2023-08-15T22:23:38;2053-08-15T22:23:38;null;false
4472;Москва. Было — стало;https://t.me/ecoyase;16000;5000;true;2023-12-29T11:11:27;2023-08-15T22:23:38;2053-08-15T22:23:38;null;false
4473;ОК! Москва;https://t.me/okey_moscow;16000;5000;true;2023-12-29T11:11:27;2023-08-15T22:23:38;2053-08-15T22:23:38;null;false
4474;Клубы бары и заведения Москва 💃🕺;https://t.me/club_moskva;16000;1000;true;2023-12-29T11:11:27;2023-08-15T22:23:38;2053-08-15T22:23:38;null;false
4475;MOSCOW XXI;https://t.me/moskva_000;16000;5000;true;2023-12-29T11:11:27;2023-08-15T22:23:38;2053-08-15T22:23:38;null;false
4476;Моя Москва;https://t.me/mycity_Moscow;16000;5000;true;2023-12-29T11:11:27;2023-08-15T22:23:38;2053-08-15T22:23:38;null;false
4477;Афиша для Мамы Москва;https://t.me/afishadetimoskva;16000;2000;true;2023-12-29T11:11:27;2023-08-15T22:23:38;2053-08-15T22:23:38;null;false
4478;KidsMapia Афиша Москва;https://t.me/kidsmapia;16000;2000;true;2023-12-29T11:11:27;2023-08-15T22:23:38;2053-08-15T22:23:38;null;false
4479;🕊 ОБРАЗЦЫ документов - Родители Москвы;https://t.me/odrm_doc;15000;8000;true;2023-12-29T11:11:27;2023-08-15T22:23:38;2053-08-15T22:23:38;null;false
4480;RestoRaids Москва;https://t.me/restoraids;15000;1000;true;2023-12-29T11:11:27;2023-08-15T22:23:38;2053-08-15T22:23:38;null;false
4481;Михаил Костин;https://t.me/mkostin_ru;15000;4000;true;2023-12-29T11:11:27;2023-08-15T22:23:38;2053-08-15T22:23:38;null;false
4482;Новости Москва;https://t.me/msk_nov;15000;5000;true;2023-12-29T11:11:27;2023-08-15T22:23:38;2053-08-15T22:23:38;null;false
4483;Москва, куда пойдем?;https://t.me/kuda_moskwa;15000;6000;true;2023-12-29T11:11:27;2023-08-15T22:23:38;2053-08-15T22:23:38;null;false
4484;Мои Документы Москва;https://t.me/MDMOS;15000;6000;true;2023-12-29T11:11:27;2023-08-15T22:23:38;2053-08-15T22:23:38;null;false
4485;Ресторатор Москва;https://t.me/restoratormsc;14000;3000;true;2023-12-29T11:11:27;2023-08-15T22:23:38;2053-08-15T22:23:38;null;false
4486;Московский новостной;https://t.me/moskva_nov;13000;5000;true;2023-12-29T11:11:27;2023-08-15T22:23:38;2053-08-15T22:23:38;null;false
4487;Stand Up в Москве | Афиша Стендап;https://t.me/standup_moskva;14000;3000;true;2023-12-29T11:11:27;2023-08-15T22:23:38;2053-08-15T22:23:38;null;false
4488;Москвач;https://t.me/moskwatch;13000;3000;true;2023-12-29T11:11:27;2023-08-15T22:23:38;2053-08-15T22:23:38;null;false
4489;О Москве с любовью;https://t.me/Moscow_with_love;13000;2000;true;2023-12-29T11:11:27;2023-08-15T22:23:38;2053-08-15T22:23:38;null;false
4490;AcePlace - Выгодная Москва;https://t.me/aceplace_one;13000;2000;true;2023-12-29T11:11:27;2023-08-15T22:23:38;2053-08-15T22:23:38;null;false
4491;Москва в объективе времени;https://t.me/moscow_in_time;13000;4000;true;2023-12-29T11:11:27;2023-08-15T22:23:38;2053-08-15T22:23:38;null;false
4492;restinmsk;https://t.me/restinmsk;12000;2000;true;2023-12-29T11:11:27;2023-08-15T22:23:38;2053-08-15T22:23:38;null;false
4493;Рестики Москвы;https://t.me/restikimoscow;13000;6000;true;2023-12-29T11:11:27;2023-08-15T22:23:38;2053-08-15T22:23:38;null;false
4494;Massovki.net - кастинги, съёмки, массовка. Москва;https://t.me/massovkinet;12000;1000;true;2023-12-29T11:11:27;2023-08-15T22:23:38;2053-08-15T22:23:38;null;false
4495;Тайны Москвы;https://t.me/MoscowSecrets;12000;3000;true;2023-12-29T11:11:27;2023-08-15T22:23:38;2053-08-15T22:23:38;null;false
4496;Агентство "Москва";https://t.me/moscownewsagency;12000;6000;true;2023-12-29T11:11:27;2023-08-15T22:23:38;2053-08-15T22:23:38;null;false
4497;Москва до 500;https://t.me/moskvado500;12000;4000;true;2023-12-29T11:11:27;2023-08-15T22:23:38;2053-08-15T22:23:38;null;false
4498;Происшествия и новости Москвы;https://t.me/novostimskv;12000;5000;true;2023-12-29T11:11:27;2023-08-15T22:23:38;2053-08-15T22:23:38;null;false
4499;Неcобянин Москва, новости, урбанистика, транспорт, архитектура;https://t.me/novostimskv;12000;5000;true;2023-12-29T11:11:27;2023-08-15T22:23:38;2053-08-15T22:23:38;null;false
4500;Московский Политех;https://t.me/mospolytech;12000;6000;true;2023-12-29T11:11:27;2023-08-15T22:23:38;2053-08-15T22:23:38;null;false
4501;Музеи Московского Кремля;https://t.me/kremlinmuseums;12000;4000;true;2023-12-29T11:11:27;2023-08-15T22:23:38;2053-08-15T22:23:38;null;false
4502;Суды общей юрисдикции города Москвы;https://t.me/moscowcourts;12000;3000;true;2023-12-29T11:11:27;2023-08-15T22:23:38;2053-08-15T22:23:38;null;false
4503;Книжный магазин «Фаланстер»;https://t.me/falanster_books;12000;2000;true;2023-12-29T11:11:27;2023-08-15T22:23:38;2053-08-15T22:23:38;null;false
4504;Открытия и закрытия ресторанов Москвы;https://t.me/raidedrests;12000;4000;true;2023-12-29T11:11:27;2023-08-15T22:23:38;2053-08-15T22:23:38;null;false
4505;MoscowWalks: прогулки по Москве;https://t.me/moscowwalks;11000;4000;true;2023-12-29T11:11:27;2023-08-15T22:23:38;2053-08-15T22:23:38;null;false
4506;Госавтоинспекция Москвы;https://t.me/mosgibdd77;11000;4000;true;2023-12-29T11:11:27;2023-08-15T22:23:38;2053-08-15T22:23:38;null;false
4507;Мой Питер;https://t.me/piter_city;275000;75000;true;2023-12-29T11:11:27;2023-08-15T22:23:38;2053-08-15T22:23:38;null;false
4508;Mash на Мойке;https://t.me/mashmoyka;258000;101000;true;2023-12-29T11:11:27;2023-08-15T22:23:38;2053-08-15T22:23:38;null;false
4509;True Питер;https://t.me/true_piter;249000;139000;true;2023-12-29T11:11:27;2023-08-15T22:23:38;2053-08-15T22:23:38;null;false
4510;Питерач • Новости Питера;https://t.me/piterach;245000;145000;true;2023-12-29T11:11:27;2023-08-15T22:23:38;2053-08-15T22:23:38;null;false
4511;Фонтанка SPB Online;https://t.me/fontankaspb;237000;101000;true;2023-12-29T11:11:27;2023-08-15T22:23:38;2053-08-15T22:23:38;null;false
4512;Питерская Хроника;https://t.me/piterburg;176000;79000;true;2023-12-29T11:11:27;2023-08-15T22:23:38;2053-08-15T22:23:38;null;false
4513;Piter_map;https://t.me/map_piter;135000;50000;true;2023-12-29T11:11:27;2023-08-15T22:23:38;2053-08-15T22:23:38;null;false
4514;Петербург с огоньком;https://t.me/pitertop;123000;50000;true;2023-12-29T11:11:27;2023-08-15T22:23:38;2053-08-15T22:23:38;null;false
4515;Мой город — Питер;https://t.me/spbmycity;108000;27000;true;2023-12-29T11:11:27;2023-08-15T22:23:38;2053-08-15T22:23:38;null;false
4516;Александр Беглов;https://t.me/a_beglov;100000;38000;true;2023-12-29T11:11:27;2023-08-15T22:23:38;2053-08-15T22:23:38;null;false
4517;В Питере — жить!;https://t.me/piter_club;99000;35000;true;2023-12-29T11:11:27;2023-08-15T22:23:38;2053-08-15T22:23:38;null;false
4518;Кофе и билеты (в Петербурге);https://t.me/v_poiskax_chuda;94000;12000;true;2023-12-29T11:11:27;2023-08-15T22:23:38;2053-08-15T22:23:38;null;false
4519;Эй, Питер!;https://t.me/spb_state;87000;30000;true;2023-12-29T11:11:27;2023-08-15T22:23:38;2053-08-15T22:23:38;null;false
4520;Метро Петербурга;https://t.me/spbmetro;80000;37000;true;2023-12-29T11:11:27;2023-08-15T22:23:38;2053-08-15T22:23:38;null;false
4521;Афиша бесплатных событий Петербурга;https://t.me/afishapeterburga;79000;20000;true;2023-12-29T11:11:27;2023-08-15T22:23:38;2053-08-15T22:23:38;null;false
4522;Петербург 1703;https://t.me/town1703;76000;10000;true;2023-12-29T11:11:27;2023-08-15T22:23:38;2053-08-15T22:23:38;null;false
4523;Бумага: всё о Петербурге;https://t.me/paperpaper_ru;75000;36000;true;2023-12-29T11:11:27;2023-08-15T22:23:38;2053-08-15T22:23:38;null;false
4524;Футбольный клуб «Зенит»;https://t.me/fczenit;73000;45000;true;2023-12-29T11:11:27;2023-08-15T22:23:38;2053-08-15T22:23:38;null;false
4525;Записки декабриста;https://t.me/decembrist_spb;68000;12000;true;2023-12-29T11:11:27;2023-08-15T22:23:38;2053-08-15T22:23:38;null;false
4526;ДТП И ЧП СПб;https://t.me/dtp_spb78;65000;34000;true;2023-12-29T11:11:27;2023-08-15T22:23:38;2053-08-15T22:23:38;null;false
4527;Легендарный Петербург;https://t.me/legendary_piter;64000;16000;true;2023-12-29T11:11:27;2023-08-15T22:23:38;2053-08-15T22:23:38;null;false
4528;Питер для детей • Афиша;https://t.me/detstvo_spb;58000;13000;true;2023-12-29T11:11:27;2023-08-15T22:23:38;2053-08-15T22:23:38;null;false
4529;ТУР СКАНЕР для МСК и СПБ;https://t.me/luckywings;58000;13000;true;2023-12-29T11:11:27;2023-08-15T22:23:38;2053-08-15T22:23:38;null;false
4530;Мегаполис | ДТП и ЧП | Санкт-Петербург | Питер;https://t.me/Megapolisonline;58000;16000;true;2023-12-29T11:11:27;2023-08-15T22:23:38;2053-08-15T22:23:38;null;false
4531;GradSPb | Санкт-Петербург;https://t.me/gradspb;55000;6000;true;2023-12-29T11:11:27;2023-08-15T22:23:38;2053-08-15T22:23:38;null;false
4532;Горбилет Петербург – билеты со скидкой;https://t.me/gorbilet;53000;13000;true;2023-12-29T11:11:27;2023-08-15T22:23:38;2053-08-15T22:23:38;null;false
4533;KudaGo: Петербург;https://t.me/kudagospb;52000;3000;true;2023-12-29T11:11:27;2023-08-15T22:23:38;2053-08-15T22:23:38;null;false
4534;Петербург сейчас;https://t.me/nowspb;49000;14000;true;2023-12-29T11:11:27;2023-08-15T22:23:38;2053-08-15T22:23:38;null;false
4535;Петербургские истории 🎞;https://t.me/piter_places;48000;9000;true;2023-12-29T11:11:27;2023-08-15T22:23:38;2053-08-15T22:23:38;null;false
4536;В Питере есть;https://t.me/spb_rest;48000;11000;true;2023-12-29T11:11:27;2023-08-15T22:23:38;2053-08-15T22:23:38;null;false
4537;Загадочный Петербург;https://t.me/PiterUnique;47000;10000;true;2023-12-29T11:11:27;2023-08-15T22:23:38;2053-08-15T22:23:38;null;false
4538;78 | НОВОСТИ;https://t.me/good78news;47000;16000;true;2023-12-29T11:11:27;2023-08-15T22:23:38;2053-08-15T22:23:38;null;false
4539;Кто со Мной?! Питер;https://t.me/KtoSpb;44000;12000;true;2023-12-29T11:11:27;2023-08-15T22:23:38;2053-08-15T22:23:38;null;false
4540;Питер Первый;https://t.me/piter_perv;42000;8000;true;2023-12-29T11:11:27;2023-08-15T22:23:38;2053-08-15T22:23:38;null;false
4541;По ресторанам Санкт-Петербург;https://t.me/porest_spb;42000;10000;true;2023-12-29T11:11:27;2023-08-15T22:23:38;2053-08-15T22:23:38;null;false
4542;Ливингрум: Квартиры со вкусом, Санкт-Петербург;https://t.me/lvngrm;35000;14000;true;2023-12-29T11:11:27;2023-08-15T22:23:38;2053-08-15T22:23:38;null;false
4543;Афиша Питер | Скидки;https://t.me/peterburg_afisha;33000;10000;true;2023-12-29T11:11:27;2023-08-15T22:23:38;2053-08-15T22:23:38;null;false
4544;1703;https://t.me/sp_1703;32000;24000;true;2023-12-29T11:11:27;2023-08-15T22:23:38;2053-08-15T22:23:38;null;false
4545;Новости Санкт-Петербурга;https://t.me/novostisanktpeterburg;32000;8000;true;2023-12-29T11:11:27;2023-08-15T22:23:38;2053-08-15T22:23:38;null;false
4546;MDK Петербург;https://t.me/MDK_SaintPetersburg;31000;7000;true;2023-12-29T11:11:27;2023-08-15T22:23:38;2053-08-15T22:23:38;null;false
4547;Пойдем сегодня Петербург;https://t.me/infopeterburg;30000;9000;true;2023-12-29T11:11:27;2023-08-15T22:23:38;2053-08-15T22:23:38;null;false
4548;47news🔥;https://t.me/allnews47;30000;10000;true;2023-12-29T11:11:27;2023-08-15T22:23:38;2053-08-15T22:23:38;null;false
4549;Ротонда;https://t.me/rotondamedia;29000;12000;true;2023-12-29T11:11:27;2023-08-15T22:23:38;2053-08-15T22:23:38;null;false
4550;Собака.ru;https://t.me/sobaka_ru;29000;8000;true;2023-12-29T11:11:27;2023-08-15T22:23:38;2053-08-15T22:23:38;null;false
4551;ГЛАВНОЕ / Санкт-Петербург;https://t.me/topspb_tv;28000;2000;true;2023-12-29T11:11:27;2023-08-15T22:23:38;2053-08-15T22:23:38;null;false
4552;Сакура 🍣 Секретные промокоды для Санкт-Петербурга!;https://t.me/ilovesakura_ru;28000;8000;true;2023-12-29T11:11:27;2023-08-15T22:23:38;2053-08-15T22:23:38;null;false
4553;Схожу, пожалуй;https://t.me/shozhu;28000;7000;true;2023-12-29T11:11:27;2023-08-15T22:23:38;2053-08-15T22:23:38;null;false
4554;Night2day СПб: новые места, открытия, афиши;https://t.me/night2day_spb;27000;2000;true;2023-12-29T11:11:27;2023-08-15T22:23:38;2053-08-15T22:23:38;null;false
4555;Куда пойти в Питере с детьми;https://t.me/gokidspeterburg;27000;9000;true;2023-12-29T11:11:27;2023-08-15T22:23:38;2053-08-15T22:23:38;null;false
4556;Питер в голове!;https://t.me/piter_v_golove;27000;7000;true;2023-12-29T11:11:27;2023-08-15T22:23:38;2053-08-15T22:23:38;null;false
4557;Кастинги Спб;https://t.me/castingspb;27000;4000;true;2023-12-29T11:11:27;2023-08-15T22:23:38;2053-08-15T22:23:38;null;false
4558;Театральная Вешалка;https://t.me/teatralnayaveshalka;25000;9000;true;2023-12-29T11:11:27;2023-08-15T22:23:38;2053-08-15T22:23:38;null;false
4559;Что Где Есть в Петербурге;https://t.me/chtogdeestvpeterburge;22000;11000;true;2023-12-29T11:11:27;2023-08-15T22:23:38;2053-08-15T22:23:38;null;false
4560;Концерты и Театры | Скидки | Афиша в СПБ;https://t.me/theater_spb;22000;5000;true;2023-12-29T11:11:27;2023-08-15T22:23:38;2053-08-15T22:23:38;null;false
4561;Piter never sleeps ❤️ Питер;https://t.me/piter_never_sleeps1;22000;7000;true;2023-12-29T11:11:27;2023-08-15T22:23:38;2053-08-15T22:23:38;null;false
4562;По поребрику в парадную;https://t.me/spbporebrik;22000;5000;true;2023-12-29T11:11:27;2023-08-15T22:23:38;2053-08-15T22:23:38;null;false
4563;TripSoup про Питер;https://t.me/tripsoup;20000;5000;true;2023-12-29T11:11:27;2023-08-15T22:23:38;2053-08-15T22:23:38;null;false
4564;Санкт-Петербург;https://t.me/official_spb;20000;4000;true;2023-12-29T11:11:27;2023-08-15T22:23:38;2053-08-15T22:23:38;null;false
4565;Петербург Ньюс (Peterburg News);https://t.me/peterburgnovosti;20000;5000;true;2023-12-29T11:11:27;2023-08-15T22:23:38;2053-08-15T22:23:38;null;false
4566;Как бы Mikhail Vinogradov;https://t.me/Vinogradov74;20000;10000;true;2023-12-29T11:11:27;2023-08-15T22:23:38;2053-08-15T22:23:38;null;false
4567;Объединённая пресс-служба судов Санкт-Петербурга;https://t.me/SPbGS;19000;4000;true;2023-12-29T11:11:27;2023-08-15T22:23:38;2053-08-15T22:23:38;null;false
4568;а что делать (?);https://t.me/doing_spb;19000;5000;true;2023-12-29T11:11:27;2023-08-15T22:23:38;2053-08-15T22:23:38;null;false
4569;БОГЕМА ПИТЕРСКАЯ;https://t.me/bogemasranaya;19000;4000;true;2023-12-29T11:11:27;2023-08-15T22:23:38;2053-08-15T22:23:38;null;false
4570;Бесплатный Питер;https://t.me/spbfree24;19000;6000;true;2023-12-29T11:11:27;2023-08-15T22:23:38;2053-08-15T22:23:38;null;false
4571;Правительство Санкт-Петербурга;https://t.me/spbprav;19000;6000;true;2023-12-29T11:11:27;2023-08-15T22:23:38;2053-08-15T22:23:38;null;false
4572;Открытая Парадная;https://t.me/openparad;18000;3000;true;2023-12-29T11:11:27;2023-08-15T22:23:38;2053-08-15T22:23:38;null;false
4573;Петербургская Недвижимость;https://t.me/Spb3355555;18000;4000;true;2023-12-29T11:11:27;2023-08-15T22:23:38;2053-08-15T22:23:38;null;false
4574;СысоевFM в Петербурге;https://t.me/sysoevfmspb;16000;3000;true;2023-12-29T11:11:27;2023-08-15T22:23:38;2053-08-15T22:23:38;null;false
4575;Начальник транспортного цеха;https://t.me/transportniytseh;16000;8000;true;2023-12-29T11:11:27;2023-08-15T22:23:38;2053-08-15T22:23:38;null;false
4576;Пойдем со мной | СПб;https://t.me/poidemspb;16000;3000;true;2023-12-29T11:11:27;2023-08-15T22:23:38;2053-08-15T22:23:38;null;false
4577;Вся творческая работа. Event hunter. Петербург;https://t.me/spbeventjob;15000;2000;true;2023-12-29T11:11:27;2023-08-15T22:23:38;2053-08-15T22:23:38;null;false
4578;Скидки и акции. Питер;https://t.me/salepiter;15000;3000;true;2023-12-29T11:11:27;2023-08-15T22:23:38;2053-08-15T22:23:38;null;false
4579;Пойдем выпьем;https://t.me/peopledrink;15000;3000;true;2023-12-29T11:11:27;2023-08-15T22:23:38;2053-08-15T22:23:38;null;false
4580;Госуслуги Санкт-Петербурга;https://t.me/gosuslugispb;15000;6000;true;2023-12-29T11:11:27;2023-08-15T22:23:38;2053-08-15T22:23:38;null;false
4581;Новости Санкт-Петербурга;https://t.me/sanktpeterburgnovosty;15000;6000;true;2023-12-29T11:11:27;2023-08-15T22:23:38;2053-08-15T22:23:38;null;false
4582;Девяткино online | Мурино 😎;https://t.me/news9online;15000;8000;true;2023-12-29T11:11:27;2023-08-15T22:23:38;2053-08-15T22:23:38;null;false
4583;Это Питер, детка!;https://t.me/piter_online1;15000;6000;true;2023-12-29T11:11:27;2023-08-15T22:23:38;2053-08-15T22:23:38;null;false
4584;i_love_Piter;https://t.me/spb_peterburg;15000;5000;true;2023-12-29T11:11:27;2023-08-15T22:23:38;2053-08-15T22:23:38;null;false
4585;По Неве и с пышкой;https://t.me/fivecorner;15000;3000;true;2023-12-29T11:11:27;2023-08-15T22:23:38;2053-08-15T22:23:38;null;false
4586;Петербургский дневник;https://t.me/dnevspb;15000;3000;true;2023-12-29T11:11:27;2023-08-15T22:23:38;2053-08-15T22:23:38;null;false
4587;Питер | Санкт-Петербург;https://t.me/nash_Piter;14000;1000;true;2023-12-29T11:11:27;2023-08-15T22:23:38;2053-08-15T22:23:38;null;false
4588;Петербургские Вести;https://t.me/gtrkSpb;15000;4000;true;2023-12-29T11:11:27;2023-08-15T22:23:38;2053-08-15T22:23:38;null;false
4589;Деловой Петербург;https://t.me/dprunews;14000;5000;true;2023-12-29T11:11:27;2023-08-15T22:23:38;2053-08-15T22:23:38;null;false
4590;Раньше всех. Петербург;https://t.me/breaking_spb;14000;3000;true;2023-12-29T11:11:27;2023-08-15T22:23:38;2053-08-15T22:23:38;null;false
4591;Stand Up в Питере | Афиша Стендап;https://t.me/standupspb;14000;2000;true;2023-12-29T11:11:27;2023-08-15T22:23:38;2053-08-15T22:23:38;null;false
4592;Новые рестораны, кафе и кофейни СПб;https://t.me/newinspb;14000;2000;true;2023-12-29T11:11:27;2023-08-15T22:23:38;2053-08-15T22:23:38;null;false
4593;kolos;https://t.me/kolos_vladimir;13000;4000;true;2023-12-29T11:11:27;2023-08-15T22:23:38;2053-08-15T22:23:38;null;false
4594;Патрульный СПб;https://t.me/patrol_spb;13000;2000;true;2023-12-29T11:11:27;2023-08-15T22:23:38;2053-08-15T22:23:38;null;false
4595;Протестный Петербург;https://t.me/nedimonspbinf;13000;3000;true;2023-12-29T11:11:27;2023-08-15T22:23:38;2053-08-15T22:23:38;null;false
4596;Нева Таймс (Neva Times);https://t.me/TheNevaTimes;13000;1000;true;2023-12-29T11:11:27;2023-08-15T22:23:38;2053-08-15T22:23:38;null;false
4597;У Петра за пазухой | Питер;https://t.me/nocommentsrussia1703;13000;3000;true;2023-12-29T11:11:27;2023-08-15T22:23:38;2053-08-15T22:23:38;null;false
4598;VyborgGo;https://t.me/vyborggo;13000;6000;true;2023-12-29T11:11:27;2023-08-15T22:23:38;2053-08-15T22:23:38;null;false
4599;DANCE W!TH US;https://t.me/dancewithus;13000;3000;true;2023-12-29T11:11:27;2023-08-15T22:23:38;2053-08-15T22:23:38;null;false
4600;⚡️ДТП и ЧП | Ленинградская область Он-Лайн | СПб🇷🇺;https://t.me/dtp47rus;13000;6000;true;2023-12-29T11:11:27;2023-08-15T22:23:38;2053-08-15T22:23:38;null;false
4601;Дом культуры Льва Лурье;https://t.me/dklurie;13000;2000;true;2023-12-29T11:11:27;2023-08-15T22:23:38;2053-08-15T22:23:38;null;false
4602;Погода в Санкт-Петербурге;https://t.me/spbpogoda;12000;2000;true;2023-12-29T11:11:27;2023-08-15T22:23:38;2053-08-15T22:23:38;null;false
4603;Санкт-Петербург | Питер | СПБ;https://t.me/SPBv_pitere;12000;5000;true;2023-12-29T11:11:27;2023-08-15T22:23:38;2053-08-15T22:23:38;null;false
4604;#ПолитехПетра на связи;https://t.me/polytech_petra;12000;9000;true;2023-12-29T11:11:27;2023-08-15T22:23:38;2053-08-15T22:23:38;null;false
4605;Непарадный Петербург ❤️;https://t.me/vladislavkarpyuk;11000;1000;true;2023-12-29T11:11:27;2023-08-15T22:23:38;2053-08-15T22:23:38;null;false
4606;ВишНевскоеВремя;https://t.me/visboris;11000;4000;true;2023-12-29T11:11:27;2023-08-15T22:23:38;2053-08-15T22:23:38;null;false
4607;Уютное гнездышко|СПБ|поиск жилья и соседей;https://t.me/ugnest_spb;11000;2000;true;2023-12-29T11:11:27;2023-08-15T22:23:38;2053-08-15T22:23:38;null;false
4608;Кастинги для детей Спб;https://t.me/kastingspbdeti;10000;3000;true;2023-12-29T11:11:27;2023-08-15T22:23:38;2053-08-15T22:23:38;null;false
4609;Новый Петербург;https://t.me/novyy_peterburg;11000;3000;true;2023-12-29T11:11:27;2023-08-15T22:23:38;2053-08-15T22:23:38;null;false
4610;Нерубинштейна;https://t.me/nerubin;10000;2000;true;2023-12-29T11:11:27;2023-08-15T22:23:38;2053-08-15T22:23:38;null;false
4611;Мария Тарасова | Недвижимость;https://t.me/ANMariiaTarasova;10000;3000;true;2023-12-29T11:11:27;2023-08-15T22:23:38;2053-08-15T22:23:38;null;false
4612;Интересный Питер;https://t.me/interestpiter;10000;2000;true;2023-12-29T11:11:27;2023-08-15T22:23:38;2053-08-15T22:23:38;null;false
4613;Жизнь в Кудрово;https://t.me/telekudrovo;10000;5000;true;2023-12-29T11:11:27;2023-08-15T22:23:38;2053-08-15T22:23:38;null;false
4614;Петербургский «Зенит»;https://t.me/zenitspb;10000;5000;true;2023-12-29T11:11:27;2023-08-15T22:23:38;2053-08-15T22:23:38;null;false
4615;Петербург - Город перемен;https://t.me/gorodperemen_spb;10000;3000;true;2023-12-29T11:11:27;2023-08-15T22:23:38;2053-08-15T22:23:38;null;false
4616;Вкусный Питер;https://t.me/vkusnypiter;10000;2000;true;2023-12-29T11:11:27;2023-08-15T22:23:38;2053-08-15T22:23:38;null;false
4617;PITER by Irina;https://t.me/piter_by_irina;9000;2000;true;2023-12-29T11:11:27;2023-08-15T22:23:38;2053-08-15T22:23:38;null;false
4618;Flash Питер | Новости;https://t.me/flashpiter;9000;3000;true;2023-12-29T11:11:27;2023-08-15T22:23:38;2053-08-15T22:23:38;null;false
4619;Приморский район Спб;https://t.me/primorsky_spb;9000;4000;true;2023-12-29T11:11:27;2023-08-15T22:23:38;2053-08-15T22:23:38;null;false
4620;Воробьёв LIVE;https://t.me/vorobiev_live;104000;200000;true;2023-12-29T11:11:27;2023-08-15T22:23:38;2053-08-15T22:23:38;null;false
4621;Типичный Королев;https://t.me/tg_korolev;73000;33000;true;2023-12-29T11:11:27;2023-08-15T22:23:38;2053-08-15T22:23:38;null;false
4622;Мои Люберцы ®️;https://t.me/myluber;55000;26000;true;2023-12-29T11:11:27;2023-08-15T22:23:38;2053-08-15T22:23:38;null;false
4623;Типичное Одинцово;https://t.me/odi_city;52000;29000;true;2023-12-29T11:11:27;2023-08-15T22:23:38;2053-08-15T22:23:38;null;false
4624;Подмосковье;https://t.me/podmoskovie;50000;2000;true;2023-12-29T11:11:27;2023-08-15T22:23:38;2053-08-15T22:23:38;null;false
4625;💣Реутов SOS Новости;https://t.me/reutovsos;40000;10000;true;2023-12-29T11:11:27;2023-08-15T22:23:38;2053-08-15T22:23:38;null;false
4626;Отдых в Подмосковье 🏡;https://t.me/msk_rest;38000;11000;true;2023-12-29T11:11:27;2023-08-15T22:23:38;2053-08-15T22:23:38;null;false
4627;Вокруг Москвы;https://t.me/vokrug_msk;37000;9000;true;2023-12-29T11:11:27;2023-08-15T22:23:38;2053-08-15T22:23:38;null;false
4628;Сергиев Посад Life🇷🇺;https://t.me/life_sergiev_posad;36000;23000;true;2023-12-29T11:11:27;2023-08-15T22:23:38;2053-08-15T22:23:38;null;false
4629;Раменское;https://t.me/ramenskoe24;34000;35000;true;2023-12-29T11:11:27;2023-08-15T22:23:38;2053-08-15T22:23:38;null;false
4630;💢МЫТИЩИ.LIVE • НОВОСТИ;https://t.me/mytischi_live;34000;17000;true;2023-12-29T11:11:27;2023-08-15T22:23:38;2053-08-15T22:23:38;null;false
4631;Типичные Химки;https://t.me/tipkhimki;30000;18000;true;2023-12-29T11:11:27;2023-08-15T22:23:38;2053-08-15T22:23:38;null;false
4632;Подмосковье №1;https://t.me/podmsk01;28000;16000;true;2023-12-29T11:11:27;2023-08-15T22:23:38;2053-08-15T22:23:38;null;false
4633;Подмосква;https://t.me/podmoskow;24000;12000;true;2023-12-29T11:11:27;2023-08-15T22:23:38;2053-08-15T22:23:38;null;false
4634;⚡️Репортёр Андрей Трофимов;https://t.me/trofimovonline;23000;19000;true;2023-12-29T11:11:27;2023-08-15T22:23:38;2053-08-15T22:23:38;null;false
4635;Из Москвы на выходные 🚂;https://t.me/izmoskvynavyhodnye;20000;7000;true;2023-12-29T11:11:27;2023-08-15T22:23:38;2053-08-15T22:23:38;null;false
4636;Химки;https://t.me/himki24;20000;12000;true;2023-12-29T11:11:27;2023-08-15T22:23:38;2053-08-15T22:23:38;null;false
4637;Здесь вам не Москва;https://t.me/etonemsk;18000;2000;true;2023-12-29T11:11:27;2023-08-15T22:23:38;2053-08-15T22:23:38;null;false
4638;Истра - городской информационный канал;https://t.me/istra_gorod;18000;6000;true;2023-12-29T11:11:27;2023-08-15T22:23:38;2053-08-15T22:23:38;null;false
4639;Серпухов | Новости, Подслушано, самое интересное;https://t.me/serpukhov;17000;9000;true;2023-12-29T11:11:27;2023-08-15T22:23:38;2053-08-15T22:23:38;null;false
4640;Типичный Ногинск;https://t.me/Tipichniy_Noginsk;16000;6000;true;2023-12-29T11:11:27;2023-08-15T22:23:38;2053-08-15T22:23:38;null;false
4641;Это Дмитров, детка!;https://t.me/dmitrov_detka;16000;8000;true;2023-12-29T11:11:27;2023-08-15T22:23:38;2053-08-15T22:23:38;null;false
4642;Zelenograd.ru - Новости Зеленограда;https://t.me/zelenogradru;15000;8000;true;2023-12-29T11:11:27;2023-08-15T22:23:38;2053-08-15T22:23:38;null;false
4643;ЧП Серпухов;https://t.me/chpserpuhov;15000;9000;true;2023-12-29T11:11:27;2023-08-15T22:23:38;2053-08-15T22:23:38;null;false
4644;Разборчивым почерком;https://t.me/minzdravmosreg;15000;5000;true;2023-12-29T11:11:27;2023-08-15T22:23:38;2053-08-15T22:23:38;null;false
4645;Наш Сергиев Посад;https://t.me/oursergievposad;14000;6000;true;2023-12-29T11:11:27;2023-08-15T22:23:38;2053-08-15T22:23:38;null;false
4646;Образовательный центр «Взлёт»;https://t.me/vzletolympmo;13000;7000;true;2023-12-29T11:11:27;2023-08-15T22:23:38;2053-08-15T22:23:38;null;false
4647;Лобня;https://t.me/lobnya;12000;7000;true;2023-12-29T11:11:27;2023-08-15T22:23:38;2053-08-15T22:23:38;null;false
4648;Чехов Вид;https://t.me/chehovvid;12000;6000;true;2023-12-29T11:11:27;2023-08-15T22:23:38;2053-08-15T22:23:38;null;false
4649;Красногорск;https://t.me/k_online24;12000;7000;true;2023-12-29T11:11:27;2023-08-15T22:23:38;2053-08-15T22:23:38;null;false
4650;Подслушано | Видное (18+);https://t.me/Podslushano_Vidnoe;12000;4000;true;2023-12-29T11:11:27;2023-08-15T22:23:38;2053-08-15T22:23:38;null;false
4651;Активное Долголетие в Подмосковье;https://t.me/dolgoletieMO;11000;1000;true;2023-12-29T11:11:27;2023-08-15T22:23:38;2053-08-15T22:23:38;null;false
4652;Pushkino_official | НОВОСТИ;https://t.me/pushkino_official;11000;6000;true;2023-12-29T11:11:27;2023-08-15T22:23:38;2053-08-15T22:23:38;null;false
4653;ОИНФО: Одинцово, Звенигород, Голицыно, Кубинка;https://t.me/odintsovo_info;11000;6000;true;2023-12-29T11:11:27;2023-08-15T22:23:38;2053-08-15T22:23:38;null;false
4654;Красноармейский Крафт;https://t.me/kraftyou;11000;6000;true;2023-12-29T11:11:27;2023-08-15T22:23:38;2053-08-15T22:23:38;null;false
4655;Бутово Парк 2 (Дрожжино);https://t.me/butovo2;10000;6000;true;2023-12-29T11:11:27;2023-08-15T22:23:38;2053-08-15T22:23:38;null;false
4656;Воскресенск - городские новости и афиша;https://t.me/voskresensk_today;10000;5000;true;2023-12-29T11:11:27;2023-08-15T22:23:38;2053-08-15T22:23:38;null;false
4657;ЖК Люберцы | Новости;https://t.me/samolet_feed;10000;5000;true;2023-12-29T11:11:27;2023-08-15T22:23:38;2053-08-15T22:23:38;null;false
4658;СоцLIFE;https://t.me/soclifeMO;10000;1000;true;2023-12-29T11:11:27;2023-08-15T22:23:38;2053-08-15T22:23:38;null;false
4659;Жильё Москва и МО 🏘;https://t.me/arendamsk_mo;10000;1000;true;2023-12-29T11:11:27;2023-08-15T22:23:38;2053-08-15T22:23:38;null;false
4660;Подслушано Домодедово;https://t.me/Domodedovo_Podslusha;9000;2000;true;2023-12-29T11:11:27;2023-08-15T22:23:38;2053-08-15T22:23:38;null;false
4661;Живу в Подмосковье;https://t.me/mo_now;9000;4000;true;2023-12-29T11:11:27;2023-08-15T22:23:38;2053-08-15T22:23:38;null;false
4662;Жк Самолет Люберцы;https://t.me/gksamolet;9000;5000;true;2023-12-29T11:11:27;2023-08-15T22:23:38;2053-08-15T22:23:38;null;false
4663;Аэропорт Домодедово;https://t.me/dmepress;9000;3000;true;2023-12-29T11:11:27;2023-08-15T22:23:38;2053-08-15T22:23:38;null;false
4664;Mytischi_Official | НОВОСТИ;https://t.me/mytischi_official;9000;4000;true;2023-12-29T11:11:27;2023-08-15T22:23:38;2053-08-15T22:23:38;null;false
4665;Дороги и транспорт МО;https://t.me/dorogitransport;9000;2000;true;2023-12-29T11:11:27;2023-08-15T22:23:38;2053-08-15T22:23:38;null;false
4666;Рай и МКАД | Подмосковье;https://t.me/podmoskvi4;9000;4000;true;2023-12-29T11:11:27;2023-08-15T22:23:38;2053-08-15T22:23:38;null;false
4667;Подслушано Балашиха;https://t.me/Balashiha_Podslushan;8000;1000;true;2023-12-29T11:11:27;2023-08-15T22:23:38;2053-08-15T22:23:38;null;false
4668;Свято-Троицкая Сергиева Лавра;https://t.me/sts_lavra;8000;3000;true;2023-12-29T11:11:27;2023-08-15T22:23:38;2053-08-15T22:23:38;null;false
4669;Красногорск Live®️;https://t.me/krasnogorsk_live;8000;4000;true;2023-12-29T11:11:27;2023-08-15T22:23:38;2053-08-15T22:23:38;null;false
4670;Домодедово Онлайн;https://t.me/dmdonline;7000;3000;true;2023-12-29T11:11:27;2023-08-15T22:23:38;2053-08-15T22:23:38;null;false
4671;Я ❤️ Подольск;https://t.me/Gorod_Podolsk;7000;1000;true;2023-12-29T11:11:27;2023-08-15T22:23:38;2053-08-15T22:23:38;null;false
4672;Подслушано Жуковский™;https://t.me/Podslushano_Zhukovskiy;7000;1000;true;2023-12-29T11:11:27;2023-08-15T22:23:38;2053-08-15T22:23:38;null;false
4673;360tv Истра;https://t.me/istra360;7000;4000;true;2023-12-29T11:11:27;2023-08-15T22:23:38;2053-08-15T22:23:38;null;false
4674;КРАСНОГОРСК.НОВОСТИ;https://t.me/krasnogorsk_official;7000;4000;true;2023-12-29T11:11:27;2023-08-15T22:23:38;2053-08-15T22:23:38;null;false
4675;Электросталь;https://t.me/estal24;7000;3000;true;2023-12-29T11:11:27;2023-08-15T22:23:38;2053-08-15T22:23:38;null;false
4676;360tv Богородский округ;https://t.me/bogorodskiy360;7000;3000;true;2023-12-29T11:11:27;2023-08-15T22:23:38;2053-08-15T22:23:38;null;false
4677;Новости Подмосковья | NewsPDM;https://t.me/NewsPDM;6000;2000;true;2023-12-29T11:11:27;2023-08-15T22:23:38;2053-08-15T22:23:38;null;false
4678;Радио 1;https://t.me/radio1_ru;6000;1000;true;2023-12-29T11:11:27;2023-08-15T22:23:38;2053-08-15T22:23:38;null;false
4679;360tv Балашиха;https://t.me/BalashikhaTV360;6000;2000;true;2023-12-29T11:11:27;2023-08-15T22:23:38;2053-08-15T22:23:38;null;false
4680;Щёлково LIVE;https://t.me/Schelkovo_Live;6000;1000;true;2023-12-29T11:11:27;2023-08-15T22:23:38;2053-08-15T22:23:38;null;false
4681;Егорьевск Journal;https://t.me/Schelkovo_Live;5000;4000;true;2023-12-29T11:11:27;2023-08-15T22:23:38;2053-08-15T22:23:38;null;false
4682;Новости ЖК Люберецкий;https://t.me/luberecki;5000;6000;true;2023-12-29T11:11:27;2023-08-15T22:23:38;2053-08-15T22:23:38;null;false
4683;под100личка;https://t.me/pod100lichka;5000;2000;true;2023-12-29T11:11:27;2023-08-15T22:23:38;2053-08-15T22:23:38;null;false
4684;Привет, Долгопрудный;https://t.me/privet_dolgoprudny;4000;2000;true;2023-12-29T11:11:27;2023-08-15T22:23:38;2053-08-15T22:23:38;null;false
4685;Выхино-Жулебино Некрасовка Люберцы;https://t.me/zhulebeeno;4000;1000;true;2023-12-29T11:11:27;2023-08-15T22:23:38;2053-08-15T22:23:38;null;false
4686;360tv Химки;https://t.me/himki360;4000;1000;true;2023-12-29T11:11:27;2023-08-15T22:23:38;2053-08-15T22:23:38;null;false
4687;Город Электросталь 🌇;https://t.me/gorodelektrostal;4000;2000;true;2023-12-29T11:11:27;2023-08-15T22:23:38;2053-08-15T22:23:38;null;false
4688;Мособлдума;https://t.me/pressamod72;4000;1000;true;2023-12-29T11:11:27;2023-08-15T22:23:38;2053-08-15T22:23:38;null;false
4689;Предприниматель Подмосковья;https://t.me/sybsidiiMO;4000;1000;true;2023-12-29T11:11:27;2023-08-15T22:23:38;2053-08-15T22:23:38;null;false
4690;МФЦ Подмосковья;https://t.me/mfcmo;4000;2000;true;2023-12-29T11:11:27;2023-08-15T22:23:38;2053-08-15T22:23:38;null;false
4691;Краснознаменск 🔥 новости;https://t.me/news_vkrasnoznamenske_ru;4000;2000;true;2023-12-29T11:11:27;2023-08-15T22:23:38;2053-08-15T22:23:38;null;false
4692;Людмила Болатаева;https://t.me/bolataevaludmila;4000;2000;true;2023-12-29T11:11:27;2023-08-15T22:23:38;2053-08-15T22:23:38;null;false
4693;Иванов LIVE;https://t.me/ivanov_live;4000;1000;true;2023-12-29T11:11:27;2023-08-15T22:23:38;2053-08-15T22:23:38;null;false
4694;Новости Дмитровского округа;https://t.me/dmitrovreg;4000;1000;true;2023-12-29T11:11:27;2023-08-15T22:23:38;2053-08-15T22:23:38;null;false
4695;Игорь Сухин;https://t.me/igorvasilevichsuhin;4000;1000;true;2023-12-29T11:11:27;2023-08-15T22:23:38;2053-08-15T22:23:38;null;false
4696;Подслушано в Электростали;https://t.me/Elektrostal_podslushano;3000;1000;true;2023-12-29T11:11:27;2023-08-15T22:23:38;2053-08-15T22:23:38;null;false
4697;Химки Live;https://t.me/khimki_live;3000;1000;true;2023-12-29T11:11:27;2023-08-15T22:23:38;2053-08-15T22:23:38;null;false
4698;Мособлархитектура;https://t.me/mosoblarch;3000;1000;true;2023-12-29T11:11:27;2023-08-15T22:23:38;2053-08-15T22:23:38;null;false
4699;Жуковский.Online;https://t.me/ZhukovskiyOnline;3000;1000;true;2023-12-29T11:11:27;2023-08-15T22:23:38;2053-08-15T22:23:38;null;false
4700;Опека Подмосковья;https://t.me/OpekaMO;3000;1000;true;2023-12-29T11:11:27;2023-08-15T22:23:38;2053-08-15T22:23:38;null;false
4701;Мострансавто;https://t.me/mostransavto_info;3000;1000;true;2023-12-29T11:11:27;2023-08-15T22:23:38;2053-08-15T22:23:38;null;false
4702;Всему земля МО;https://t.me/mio_mo;3000;1000;true;2023-12-29T11:11:27;2023-08-15T22:23:38;2053-08-15T22:23:38;null;false
4703;Живой Сокол (инфоканал);https://t.me/livesokol;3000;1000;true;2023-12-29T11:11:27;2023-08-15T22:23:38;2053-08-15T22:23:38;null;false
4704;Люберцы парк_УК;https://t.me/lubertsy_park_uk;2000;1000;true;2023-12-29T11:11:27;2023-08-15T22:23:38;2053-08-15T22:23:38;null;false
4705;Чехов News Official;https://t.me/newschehov;2000;1000;true;2023-12-29T11:11:27;2023-08-15T22:23:38;2053-08-15T22:23:38;null;false
4706;Домодедово online;https://t.me/domodedovonline;2000;2000;true;2023-12-29T11:11:27;2023-08-15T22:23:38;2053-08-15T22:23:38;null;false
4707;ДоМоДетство;https://t.me/domodetstvo;2000;1000;true;2023-12-29T11:11:27;2023-08-15T22:23:38;2053-08-15T22:23:38;null;false
4708;Такой Можайск;https://t.me/tmmedia;2000;1000;true;2023-12-29T11:11:27;2023-08-15T22:23:38;2053-08-15T22:23:38;null;false
4709;•Пушистые Новости Москвы! | Москва животные | Pets;https://t.me/pusmoskva_4043;2000;1000;true;2023-12-29T11:11:27;2023-08-15T22:23:38;2053-08-15T22:23:38;null;false
4710;Егорьевск мой город;https://t.me/Only_in_Yegoryevsk;2000;1000;true;2023-12-29T11:11:27;2023-08-15T22:23:38;2053-08-15T22:23:38;null;false
4711;Нахабино Live®️;https://t.me/nakhabino_live;2000;1000;true;2023-12-29T11:11:27;2023-08-15T22:23:38;2053-08-15T22:23:38;null;false
4712;Люберецкий_УК;https://t.me/lubereckii;2000;1000;true;2023-12-29T11:11:27;2023-08-15T22:23:38;2053-08-15T22:23:38;null;false
4713;Путеводитель по Подмосковью;https://t.me/welcomemosreg;2000;1000;true;2023-12-29T11:11:27;2023-08-15T22:23:38;2053-08-15T22:23:38;null;false
4714;360tv Одинцово;https://t.me/tv360odincovo;2000;1000;true;2023-12-29T11:11:27;2023-08-15T22:23:38;2053-08-15T22:23:38;null;false
4715;КАНАЛ | Мамы Крылатского;https://t.me/krylat_mam;2000;1000;true;2023-12-29T11:11:27;2023-08-15T22:23:38;2053-08-15T22:23:38;null;false
4716;Жемчужина Зеленограда_УК;https://t.me/zhemchyzhinazelenograda_MoyDom;2000;1000;true;2023-12-29T11:11:27;2023-08-15T22:23:38;2053-08-15T22:23:38;null;false
4717;Официально.ФРЯЗИНО;https://t.me/oficialFryazino;2000;1000;true;2023-12-29T11:11:27;2023-08-15T22:23:38;2053-08-15T22:23:38;null;false
4718;Reposter50;https://t.me/Reposter50;2000;1000;true;2023-12-29T11:11:27;2023-08-15T22:23:38;2053-08-15T22:23:38;null;false
4719;РАММЕДИА;https://t.me/ramnovosti;2000;1000;true;2023-12-29T11:11:27;2023-08-15T22:23:38;2053-08-15T22:23:38;null;false
4720;Управа района Вешняки города Москвы;https://t.me/uprava_veshnyaki;2000;1000;true;2023-12-29T11:11:27;2023-08-15T22:23:38;2053-08-15T22:23:38;null;false
4721;Новости Жуковский.Life ✈️;https://t.me/ZhukovskyLife;2000;1000;true;2023-12-29T11:11:27;2023-08-15T22:23:38;2053-08-15T22:23:38;null;false
4722;Жемчужина Зеленограда;https://t.me/pearl_of_ze;2000;1000;true;2023-12-29T11:11:27;2023-08-15T22:23:38;2053-08-15T22:23:38;null;false
4723;Константин Кравцов;https://t.me/kravtsov_ka;2000;1000;true;2023-12-29T11:11:27;2023-08-15T22:23:38;2053-08-15T22:23:38;null;false
4724;ОГО! Свежак;https://t.me/pro_okrug;2000;1000;true;2023-12-29T11:11:27;2023-08-15T22:23:38;2053-08-15T22:23:38;null;false
4725;360tv Мытищи;https://t.me/myt360;2000;1000;true;2023-12-29T11:11:27;2023-08-15T22:23:38;2053-08-15T22:23:38;null;false
4726;Одинцовский округ;https://t.me/odin_ru;2000;1000;true;2023-12-29T11:11:27;2023-08-15T22:23:38;2053-08-15T22:23:38;null;false
4727;Команда Лыткарино;https://t.me/adm_lytkarino;2000;1000;true;2023-12-29T11:11:27;2023-08-15T22:23:38;2053-08-15T22:23:38;null;false
4728;КомТуризм МО;https://t.me/welcome_mosreg;1000;1000;true;2023-12-29T11:11:27;2023-08-15T22:23:38;2053-08-15T22:23:38;null;false
4729;Воскресенский компромат;https://t.me/voskom;1000;1000;true;2023-12-29T11:11:27;2023-08-15T22:23:38;2053-08-15T22:23:38;null;false
4730;Денис Карлов;https://t.me/D_Karlov;1000;1000;true;2023-12-29T11:11:27;2023-08-15T22:23:38;2053-08-15T22:23:38;null;false
4731;Мособлнаследие;https://t.me/GUKnMosreg;1000;1000;true;2023-12-29T11:11:27;2023-08-15T22:23:38;2053-08-15T22:23:38;null;false
4732;Барахолка Балашиха Железнодорожный;https://t.me/balachihazd;1000;1000;true;2023-12-29T11:11:27;2023-08-15T22:23:38;2053-08-15T22:23:38;null;false
4733;Наше Подмосковье;https://t.me/OurMosReg;1000;1000;true;2023-12-29T11:11:27;2023-08-15T22:23:38;2053-08-15T22:23:38;null;false
4734;Олег Балаев;https://t.me/olegbalaev;1000;1000;true;2023-12-29T11:11:27;2023-08-15T22:23:38;2053-08-15T22:23:38;null;false
4735;НОВЫЙ КОРОЛЁВ;https://t.me/KorolevNew;1000;1000;true;2023-12-29T11:11:27;2023-08-15T22:23:38;2053-08-15T22:23:38;null;false
4736;Управа района Северное Медведково города Москвы;https://t.me/uprava_sev_medvedkovo;1000;1000;true;2023-12-29T11:11:27;2023-08-15T22:23:38;2053-08-15T22:23:38;null;false
4737;Работа в Коломне;https://t.me/hantim;1000;1000;true;2023-12-29T11:11:27;2023-08-15T22:23:38;2053-08-15T22:23:38;null;false
4738;ТиНАО I Новая Москва;https://t.me/tinao_77;1000;1000;true;2023-12-29T11:11:27;2023-08-15T22:23:38;2053-08-15T22:23:38;null;false
4739;Воскресенск 24;https://t.me/voskresensk24_ru;1000;1000;true;2023-12-29T11:11:27;2023-08-15T22:23:38;2053-08-15T22:23:38;null;false
4740;Электросталь;https://t.me/elektrostal_elektrostal;1000;1000;true;2023-12-29T11:11:27;2023-08-15T22:23:38;2053-08-15T22:23:38;null;false
4741;Всегда Котов!;https://t.me/Vsegda_Kotov;1000;1000;true;2023-12-29T11:11:27;2023-08-15T22:23:38;2053-08-15T22:23:38;null;false
4742;Нет свалке Коломна;https://t.me/netsvalke;1000;1000;true;2023-12-29T11:11:27;2023-08-15T22:23:38;2053-08-15T22:23:38;null;false
4743;Секретные материалы Лотошино;https://t.me/secret_lotoshino;1000;1000;true;2023-12-29T11:11:27;2023-08-15T22:23:38;2053-08-15T22:23:38;null;false
4744;Одинцово Оперативно ⚡️;https://t.me/odi_oper;1000;1000;true;2023-12-29T11:11:27;2023-08-15T22:23:38;2053-08-15T22:23:38;null;false
4745;Подмосковный Сафари-парк;https://t.me/safaripark50ru;1000;1000;true;2023-12-29T11:11:27;2023-08-15T22:23:38;2053-08-15T22:23:38;null;false
4746;Воскресенское_УК;https://t.me/voskresenskoe_uk;1000;1000;true;2023-12-29T11:11:27;2023-08-15T22:23:38;2053-08-15T22:23:38;null;false
4747;Про Жуковский • МО • РФ;https://t.me/prozhuk;1000;1000;true;2023-12-29T11:11:27;2023-08-15T22:23:38;2053-08-15T22:23:38;null;false
4748;УК "В лесу";https://t.me/uk_vlesu;1000;1000;true;2023-12-29T11:11:27;2023-08-15T22:23:38;2053-08-15T22:23:38;null;false
4749;Единая Россия | Дзержинский;https://t.me/erdzrmo;1000;1000;true;2023-12-29T11:11:27;2023-08-15T22:23:38;2053-08-15T22:23:38;null;false
4750;Лига матерей. Ступино.;https://t.me/ligamaterey;1000;1000;true;2023-12-29T11:11:27;2023-08-15T22:23:38;2053-08-15T22:23:38;null;false
4751;50 Подмосковный ДНК;https://t.me/ru50_DNK;1000;1000;true;2023-12-29T11:11:27;2023-08-15T22:23:38;2053-08-15T22:23:38;null;false
4752;Инна Яковлева;https://t.me/iayakovleva;1000;1000;true;2023-12-29T11:11:27;2023-08-15T22:23:38;2053-08-15T22:23:38;null;false
4753;Домодедово LIVE✈️;https://t.me/Dmd_LIVE;1000;1000;true;2023-12-29T11:11:27;2023-08-15T22:23:38;2053-08-15T22:23:38;null;false
4754;Администрация г.о. Серебряные Пруды;https://t.me/spadm;1000;1000;true;2023-12-29T11:11:27;2023-08-15T22:23:38;2053-08-15T22:23:38;null;false
4755;Афанасьев Андрей LIVE;https://t.me/andriano_ru;1000;1000;true;2023-12-29T11:11:27;2023-08-15T22:23:38;2053-08-15T22:23:38;null;false
4756;Центральная библиотека Красногорска;https://t.me/bibliotekyKrasnogorska;1000;1000;true;2023-12-29T11:11:27;2023-08-15T22:23:38;2053-08-15T22:23:38;null;false
4757;Подмосковная прачка;https://t.me/moprachka;1000;1000;true;2023-12-29T11:11:27;2023-08-15T22:23:38;2053-08-15T22:23:38;null;false
4758;Олег Викторович Павлихин;https://t.me/OVPavlihin;1000;1000;true;2023-12-29T11:11:27;2023-08-15T22:23:38;2053-08-15T22:23:38;null;false
4759;Единая Россия | Химки;https://t.me/erkhimki;1000;1000;true;2023-12-29T11:11:27;2023-08-15T22:23:38;2053-08-15T22:23:38;null;false
4760;ЧулковоНеПолигон;https://t.me/chulkovo_eco;1000;1000;true;2023-12-29T11:11:27;2023-08-15T22:23:38;2053-08-15T22:23:38;null;false
4761;Детская школа искусств п. Ильинский;https://t.me/dshi_ilinskaya;1000;1000;true;2023-12-29T11:11:27;2023-08-15T22:23:38;2053-08-15T22:23:38;null;false
4762;Центр развития и поддержки семьи "Росток";https://t.me/rostok_pp;1000;1000;true;2023-12-29T11:11:27;2023-08-15T22:23:38;2053-08-15T22:23:38;null;false
4763;«Единая Россия» Воскресенск;https://t.me/ervosk;1000;1000;true;2023-12-29T11:11:27;2023-08-15T22:23:38;2053-08-15T22:23:38;null;false
4764;Архангельск №1;https://t.me/arkhangelsk01;28000;12000;true;2023-12-29T11:11:27;2023-08-15T22:23:38;2053-08-15T22:23:38;null;false
4765;Дед Помор;https://t.me/dedpomor;18000;3000;true;2023-12-29T11:11:27;2023-08-15T22:23:38;2053-08-15T22:23:38;null;false
4766;Цыбульский;https://t.me/Tsybulskiy_A;10000;3000;true;2023-12-29T11:11:27;2023-08-15T22:23:38;2053-08-15T22:23:38;null;false
4767;29.RU | Новости Архангельска;https://t.me/arh_29ru;10000;4000;true;2023-12-29T11:11:27;2023-08-15T22:23:38;2053-08-15T22:23:38;null;false
4768;Жесть Архангельска и Северодвинска;https://t.me/gest029;9000;2000;true;2023-12-29T11:11:27;2023-08-15T22:23:38;2053-08-15T22:23:38;null;false
4769;Короче, Архангельск;https://t.me/arhangelkoroche;7000;3000;true;2023-12-29T11:11:27;2023-08-15T22:23:38;2053-08-15T22:23:38;null;false
4770;Северодвинск Пруф;https://t.me/sevpruf;6000;2000;true;2023-12-29T11:11:27;2023-08-15T22:23:38;2053-08-15T22:23:38;null;false
4771;ЖЕСТЬ ПО-АРХАНГЕЛЬСКИ;https://t.me/zhest_29;5000;2000;true;2023-12-29T11:11:27;2023-08-15T22:23:38;2053-08-15T22:23:38;null;false
4772;Радар Поморья;https://t.me/radar29;3000;1000;true;2023-12-29T11:11:27;2023-08-15T22:23:38;2053-08-15T22:23:38;null;false
4773;Архангельск;https://t.me/sosedi_arkhangelsk;3000;1000;true;2023-12-29T11:11:27;2023-08-15T22:23:38;2053-08-15T22:23:38;null;false
4774;Регион 29;https://t.me/reg29;3000;1000;true;2023-12-29T11:11:27;2023-08-15T22:23:38;2053-08-15T22:23:38;null;false
4775;Архангельский Кот;https://t.me/nordcat;2000;1000;true;2023-12-29T11:11:27;2023-08-15T22:23:38;2053-08-15T22:23:38;null;false
4776;Северный взгляд;https://t.me/nordecon;2000;1000;true;2023-12-29T11:11:27;2023-08-15T22:23:38;2053-08-15T22:23:38;null;false
4777;Вести Поморде;https://t.me/vestipomorde;2000;1000;true;2023-12-29T11:11:27;2023-08-15T22:23:38;2053-08-15T22:23:38;null;false
4778;Архангельская область official;https://t.me/arkhangelsk_reg;2000;1000;true;2023-12-29T11:11:27;2023-08-15T22:23:38;2053-08-15T22:23:38;null;false
4779;Однажды в Вельске;https://t.me/podslushano_v_velske29;1000;1000;true;2023-12-29T11:11:27;2023-08-15T22:23:38;2053-08-15T22:23:38;null;false
4780;Коряжма лайв;https://t.me/koryazhma;2000;2000;true;2023-12-29T11:11:27;2023-08-15T22:23:38;2053-08-15T22:23:38;null;false
4781;"Билет в будущее" Архангельск;https://t.me/bvbarh;2000;1000;true;2023-12-29T11:11:27;2023-08-15T22:23:38;2053-08-15T22:23:38;null;false
4782;🅰️ Архангельск;https://t.me/infoarch;2000;1000;true;2023-12-29T11:11:27;2023-08-15T22:23:38;2053-08-15T22:23:38;null;false
4783;Савинов-медиа;https://t.me/Savinov_media;2000;3000;true;2023-12-29T11:11:27;2023-08-15T22:23:38;2053-08-15T22:23:38;null;false
4784;Встреча Руси и Чуди;https://t.me/rusichud;2000;1000;true;2023-12-29T11:11:27;2023-08-15T22:23:38;2053-08-15T22:23:38;null;false
4785;⚡️Сила Поморья;https://t.me/SilaPomorya;2000;1000;true;2023-12-29T11:11:27;2023-08-15T22:23:38;2053-08-15T22:23:38;null;false
4786;Сейчас | Архангельск;https://t.me/arhnow;2000;1000;true;2023-12-29T11:11:27;2023-08-15T22:23:38;2053-08-15T22:23:38;null;false
4787;Пока не уехал 💙 про Поморье;https://t.me/molod_29;2000;1000;true;2023-12-29T11:11:27;2023-08-15T22:23:38;2053-08-15T22:23:38;null;false
4788;Няндома 24/7;https://t.me/nyandoma24;2000;1000;true;2023-12-29T11:11:27;2023-08-15T22:23:38;2053-08-15T22:23:38;null;false
4789;ПРАВДА ПОМОРЬЯ Z;https://t.me/pravdapomor;1000;1000;true;2023-12-29T11:11:27;2023-08-15T22:23:38;2053-08-15T22:23:38;null;false
4790;Движение Первых | Архангельская область;https://t.me/mypervie29;1000;1000;true;2023-12-29T11:11:27;2023-08-15T22:23:38;2053-08-15T22:23:38;null;false
4791;Администрация Северодвинска;https://t.me/adm_severodvinsk;1000;1000;true;2023-12-29T11:11:27;2023-08-15T22:23:38;2053-08-15T22:23:38;null;false
4792;Архангельск Пруф;https://t.me/arhpruf;1000;1000;true;2023-12-29T11:11:27;2023-08-15T22:23:38;2053-08-15T22:23:38;null;false
4793;На Севере. Рыбалка, охота, туризм. Архангельская область;https://t.me/sanatatur;1000;1000;true;2023-12-29T11:11:27;2023-08-15T22:23:38;2053-08-15T22:23:38;null;false
4794;СоцЗащита29;https://t.me/sznao;1000;1000;true;2023-12-29T11:11:27;2023-08-15T22:23:38;2053-08-15T22:23:38;null;false
4795;Открытый Архангельск;https://t.me/mo_arhangel;1000;1000;true;2023-12-29T11:11:27;2023-08-15T22:23:38;2053-08-15T22:23:38;null;false
4796;Фонд Помощи СВОи Люди;https://t.me/Our_people_29;1000;1000;true;2023-12-29T11:11:27;2023-08-15T22:23:38;2053-08-15T22:23:38;null;false
4797;Северные моря и корабли;https://t.me/NorthMeasurement;1000;1000;true;2023-12-29T11:11:27;2023-08-15T22:23:38;2053-08-15T22:23:38;null;false
4798;Прокопьева;https://t.me/EkProkopeva;1000;1000;true;2023-12-29T11:11:27;2023-08-15T22:23:38;2053-08-15T22:23:38;null;false
4799;МЧС Архангельской области;https://t.me/mchs29;1000;1000;true;2023-12-29T11:11:27;2023-08-15T22:23:38;2053-08-15T22:23:38;null;false
4800;Эхо Севера;https://t.me/IAechosevera;1000;1000;true;2023-12-29T11:11:27;2023-08-15T22:23:38;2053-08-15T22:23:38;null;false
4801;Коряжма 24;https://t.me/kor24news;1000;1000;true;2023-12-29T11:11:27;2023-08-15T22:23:38;2053-08-15T22:23:38;null;false
4802;Объясняем.Архангельская область;https://t.me/o29rf;1000;1000;true;2023-12-29T11:11:27;2023-08-15T22:23:38;2053-08-15T22:23:38;null;false
4803;Северный спорт;https://t.me/northmpomor;1000;1000;true;2023-12-29T11:11:27;2023-08-15T22:23:38;2053-08-15T22:23:38;null;false
4804;АРСЕНТЬЕВ LIVE;https://t.me/igor_arsentyev;1000;1000;true;2023-12-29T11:11:27;2023-08-15T22:23:38;2053-08-15T22:23:38;null;false
4805;МЦАО;https://t.me/mc_ao;1000;1000;true;2023-12-29T11:11:27;2023-08-15T22:23:38;2053-08-15T22:23:38;null;false
4806;Нешиес;https://t.me/NoShiYes;1000;1000;true;2023-12-29T11:11:27;2023-08-15T22:23:38;2053-08-15T22:23:38;null;false
4807;САФУ — Арктический вектор;https://t.me/narfu_news;1000;1000;true;2023-12-29T11:11:27;2023-08-15T22:23:38;2053-08-15T22:23:38;null;false
4808;Минобр Архангельской области;https://t.me/minobrarh;1000;1000;true;2023-12-29T11:11:27;2023-08-15T22:23:38;2053-08-15T22:23:38;null;false
4809;Спиридонов - Первая Парта 🇷🇺;https://t.me/firstdesk;1000;1000;true;2023-12-29T11:11:27;2023-08-15T22:23:38;2053-08-15T22:23:38;null;false
4810;Спиридонов - Первая Парта 🇷🇺;https://t.me/firstdesk;1000;1000;true;2023-12-29T11:11:27;2023-08-15T22:23:38;2053-08-15T22:23:38;null;false
4811;Архангельск travel;https://t.me/opennorth;1000;1000;true;2023-12-29T11:11:27;2023-08-15T22:23:38;2053-08-15T22:23:38;null;false
4812;Коронавирус на Севере. Хроники спасения;https://t.me/COVID19north;1000;1000;true;2023-12-29T11:11:27;2023-08-15T22:23:38;2053-08-15T22:23:38;null;false
4813;Поморский взгляд;https://t.me/pomorvision;1000;1000;true;2023-12-29T11:11:27;2023-08-15T22:23:38;2053-08-15T22:23:38;null;false
4814;Мой бизнес | Архангельская область;https://t.me/Zabizness;1000;1000;true;2023-12-29T11:11:27;2023-08-15T22:23:38;2053-08-15T22:23:38;null;false
4815;КОТЛАС ГЛАВНЫЕ НОВОСТИ;https://t.me/kotlasnews_official;1000;1000;true;2023-12-29T11:11:27;2023-08-15T22:23:38;2053-08-15T22:23:38;null;false
4816;Образование и культура Севера;https://t.me/northm3;1000;1000;true;2023-12-29T11:11:27;2023-08-15T22:23:38;2053-08-15T22:23:38;null;false
4817;Штаб «Вместе мы сильнее»;https://t.me/vmeste29;1000;1000;true;2023-12-29T11:11:27;2023-08-15T22:23:38;2053-08-15T22:23:38;null;false
4818;Кенозерский национальный парк;https://t.me/kenozerolife;1000;1000;true;2023-12-29T11:11:27;2023-08-15T22:23:38;2053-08-15T22:23:38;null;false
4819;Михаил Шишов;https://t.me/bathett;1000;1000;true;2023-12-29T11:11:27;2023-08-15T22:23:38;2053-08-15T22:23:38;null;false
4820;Концерты в Архангельске | Афиша 29;https://t.me/afisha29;1000;1000;true;2023-12-29T11:11:27;2023-08-15T22:23:38;2053-08-15T22:23:38;null;false
4821;Дмитрий Морев;https://t.me/eto_morev;1000;1000;true;2023-12-29T11:11:27;2023-08-15T22:23:38;2053-08-15T22:23:38;null;false
4822;Минтруд Архангельской области;https://t.me/mintrudao;1000;1000;true;2023-12-29T11:11:27;2023-08-15T22:23:38;2053-08-15T22:23:38;null;false
4823;Едемский Live;https://t.me/s_edemsky;1000;1000;true;2023-12-29T11:11:27;2023-08-15T22:23:38;2053-08-15T22:23:38;null;false
4824;Сергей Пивков 🇷🇺;https://t.me/s_a_pivkov;1000;1000;true;2023-12-29T11:11:27;2023-08-15T22:23:38;2053-08-15T22:23:38;null;false
4825;Полезный Архангельск;https://t.me/usefularkh;1000;1000;true;2023-12-29T11:11:27;2023-08-15T22:23:38;2053-08-15T22:23:38;null;false
4826;Олеся Старжинская;https://t.me/StarzhinskayaOB;1000;1000;true;2023-12-29T11:11:27;2023-08-15T22:23:38;2053-08-15T22:23:38;null;false
4827;АО «СПО «Арктика»;https://t.me/ao_spo_arktika;1000;1000;true;2023-12-29T11:11:27;2023-08-15T22:23:38;2053-08-15T22:23:38;null;false
4828;СО АО | Студенческие отряды Архангельской области;https://t.me/soao29;1000;1000;true;2023-12-29T11:11:27;2023-08-15T22:23:38;2053-08-15T22:23:38;null;false
4829;Северный государственный медицинский университет Минздрава РФ;https://t.me/nsmu29;1000;1000;true;2023-12-29T11:11:27;2023-08-15T22:23:38;2053-08-15T22:23:38;null;false
4830;Центр карьеры и трудоустройства САФУ;https://t.me/career_narfu;1000;1000;true;2023-12-29T11:11:27;2023-08-15T22:23:38;2053-08-15T22:23:38;null;false
4831;Минстрой Архангельской области;https://t.me/minstroyAO;1000;1000;true;2023-12-29T11:11:27;2023-08-15T22:23:38;2053-08-15T22:23:38;null;false
4832;Вместе мы сильнее;https://t.me/gcao29_history;1000;1000;true;2023-12-29T11:11:27;2023-08-15T22:23:38;2053-08-15T22:23:38;null;false
4833;Минздрав Архангельской области;https://t.me/mzao29;1000;1000;true;2023-12-29T11:11:27;2023-08-15T22:23:38;2053-08-15T22:23:38;null;false
4834;iProduct ;https://t.me/iproduct_ru;1000;1000;true;2023-12-29T11:11:27;2023-08-15T22:23:38;2053-08-15T22:23:38;null;false
4835;Единый Лесопожарный центр Архангельск;https://t.me/AOELC;1000;1000;true;2023-12-29T11:11:27;2023-08-15T22:23:38;2053-08-15T22:23:38;null;false
4836;СУ СКР по Архангельской области и НАО;https://t.me/su_skr29;1000;1000;true;2023-12-29T11:11:27;2023-08-15T22:23:38;2053-08-15T22:23:38;null;false
4837;БИЗНЕС-КЛАСС Архангельск;https://t.me/bclassru;1000;1000;true;2023-12-29T11:11:27;2023-08-15T22:23:38;2053-08-15T22:23:38;null;false
4838;Северодвинск life;https://t.me/news_severodvinsk;1000;1000;true;2023-12-29T11:11:27;2023-08-15T22:23:38;2053-08-15T22:23:38;null;false
4839;О Поморье коротко!;https://t.me/arkhshot;1000;1000;true;2023-12-29T11:11:27;2023-08-15T22:23:38;2053-08-15T22:23:38;null;false
4840;Жесть Поморья;https://t.me/ghestarhangelska;1000;1000;true;2023-12-29T11:11:27;2023-08-15T22:23:38;2053-08-15T22:23:38;null;false
4841;Жесть Поморья Архангельск Северодвинск Котлас;https://t.me/ghest29;1000;1000;true;2023-12-29T11:11:27;2023-08-15T22:23:38;2053-08-15T22:23:38;null;false
4842;Ирина Чиркова;https://t.me/irina_chirkova_ao;1000;1000;true;2023-12-29T11:11:27;2023-08-15T22:23:38;2053-08-15T22:23:38;null;false
4843;Прокуратура Архангельской области;https://t.me/arhoblprok;1000;1000;true;2023-12-29T11:11:27;2023-08-15T22:23:38;2053-08-15T22:23:38;null;false
4844;СВЯЩЕННИК ИЗ СЕВЕРОДВИНСКА;https://t.me/vadik_poskotinov;1000;1000;true;2023-12-29T11:11:27;2023-08-15T22:23:38;2053-08-15T22:23:38;null;false
4845;РСМ | Архангельская область;https://t.me/ruy_29;1000;1000;true;2023-12-29T11:11:27;2023-08-15T22:23:38;2053-08-15T22:23:38;null;false
4846;Архангельск на ДВИНЕ;https://t.me/dvina29dom;1000;1000;true;2023-12-29T11:11:27;2023-08-15T22:23:38;2053-08-15T22:23:38;null;false
4847;Красное Поморье;https://t.me/kprf29;1000;1000;true;2023-12-29T11:11:27;2023-08-15T22:23:38;2053-08-15T22:23:38;null;false
4848;Народный Фронт | Архангельская область;https://t.me/onf29;1000;1000;true;2023-12-29T11:11:27;2023-08-15T22:23:38;2053-08-15T22:23:38;null;false
4849;Мнение Михаила Силантьева;https://t.me/MikleSilantev;1000;1000;true;2023-12-29T11:11:27;2023-08-15T22:23:38;2053-08-15T22:23:38;null;false
4850;Справедливый Архангельск;https://t.me/spravedlivo29;1000;1000;true;2023-12-29T11:11:27;2023-08-15T22:23:38;2053-08-15T22:23:38;null;false
4851;Jam «Поморье» Архангельск;https://t.me/improvteamspomorie;1000;1000;true;2023-12-29T11:11:27;2023-08-15T22:23:38;2053-08-15T22:23:38;null;false
4852;АрхДайджест;https://t.me/arhinovosti;1000;1000;true;2023-12-29T11:11:27;2023-08-15T22:23:38;2053-08-15T22:23:38;null;false
4853;Мониторинг 29 Архангельская область;https://t.me/monitoring_29;1000;1000;true;2023-12-29T11:11:27;2023-08-15T22:23:38;2053-08-15T22:23:38;null;false
4854;Коммунальный Архангельск;https://t.me/commarkh1;1000;1000;true;2023-12-29T11:11:27;2023-08-15T22:23:38;2053-08-15T22:23:38;null;false
4855;Агентство ГПС и ГЗ Архангельской области;https://t.me/agpsgz_ao;1000;1000;true;2023-12-29T11:11:27;2023-08-15T22:23:38;2053-08-15T22:23:38;null;false
4856;Пятихатка;https://t.me/vestisevera;1000;1000;true;2023-12-29T11:11:27;2023-08-15T22:23:38;2053-08-15T22:23:38;null;false
4857;ЧП Северодвинск;https://t.me/chp_severodvinsk;1000;1000;true;2023-12-29T11:11:27;2023-08-15T22:23:38;2053-08-15T22:23:38;null;false
4858;Инцидент Барнаул;https://t.me/incident22;159000;61000;true;2023-12-29T11:11:27;2023-08-15T22:23:38;2053-08-15T22:23:38;null;false
4859;В КУРСЕ 22 | Барнаул;https://t.me/vkurse22;92000;27000;true;2023-12-29T11:11:27;2023-08-15T22:23:38;2053-08-15T22:23:38;null;false
4860;Билеты из Сибири - Новосибирск, Томск, Омск, Кузбасс, Алтай, Красноярск, Иркутск;https://t.me/travel_from_siberia;50000;12000;true;2023-12-29T11:11:27;2023-08-15T22:23:38;2053-08-15T22:23:38;null;false
4861;Barnaul 22;https://t.me/barnaul22official;47000;15000;true;2023-12-29T11:11:27;2023-08-15T22:23:38;2053-08-15T22:23:38;null;false
4862;Подслушано Барнаул;https://t.me/pb_barnaul;33000;8000;true;2023-12-29T11:11:27;2023-08-15T22:23:38;2053-08-15T22:23:38;null;false
4863;Инцидент Рубцовск;https://t.me/rbk_inc;24000;9000;true;2023-12-29T11:11:27;2023-08-15T22:23:38;2053-08-15T22:23:38;null;false
4864;Виктор Томенко;https://t.me/tomenko_22;20000;8000;true;2023-12-29T11:11:27;2023-08-15T22:23:38;2053-08-15T22:23:38;null;false
4865;Новости Барнаула и не только;https://t.me/novosti_barnaul;20000;5000;true;2023-12-29T11:11:27;2023-08-15T22:23:38;2053-08-15T22:23:38;null;false
4866;Барнаул №1;https://t.me/brnl01;16000;5000;true;2023-12-29T11:11:27;2023-08-15T22:23:38;2053-08-15T22:23:38;null;false
4867;Светатерапия 🚀🌌;https://t.me/SvetaTherapy;15000;2000;true;2023-12-29T11:11:27;2023-08-15T22:23:38;2053-08-15T22:23:38;null;false
4868;ВЕСТИ АЛТАЙ;https://t.me/vestialtai;15000;4000;true;2023-12-29T11:11:27;2023-08-15T22:23:38;2053-08-15T22:23:38;null;false
4869;БЛОГЕРША Рубцовск;https://t.me/rubtsovskienovosti;15000;7000;true;2023-12-29T11:11:27;2023-08-15T22:23:38;2053-08-15T22:23:38;null;false
4870;Amic.ru | Новости Барнаула и Алтайского края;https://t.me/amic_ru;12000;3000;true;2023-12-29T11:11:27;2023-08-15T22:23:38;2053-08-15T22:23:38;null;false
4871;Алтапресс;https://t.me/altapress_ru;8000;1000;true;2023-12-29T11:11:27;2023-08-15T22:23:38;2053-08-15T22:23:38;null;false
4872;Через край;https://t.me/ch_krai;7000;4000;true;2023-12-29T11:11:27;2023-08-15T22:23:38;2053-08-15T22:23:38;null;false
4873;ТОЛК — новости Барнаула и Алтайского края;https://t.me/tolknews;7000;2000;true;2023-12-29T11:11:27;2023-08-15T22:23:38;2053-08-15T22:23:38;null;false
4874;Барнаулка 💦;https://t.me/brn_ka;7000;2000;true;2023-12-29T11:11:27;2023-08-15T22:23:38;2053-08-15T22:23:38;null;false
4875;Алтай: главные новости (тöс солундар);https://t.me/solundar;7000;2000;true;2023-12-29T11:11:27;2023-08-15T22:23:38;2053-08-15T22:23:38;null;false
4876;Барнаул и точка;https://t.me/barnaul_i_tochka;7000;1000;true;2023-12-29T11:11:27;2023-08-15T22:23:38;2053-08-15T22:23:38;null;false
4877;🚨 ИНЦИДЕНТ БИЙСК;https://t.me/incident_22;6000;2000;true;2023-12-29T11:11:27;2023-08-15T22:23:38;2053-08-15T22:23:38;null;false
4878;Это Алтай;https://t.me/this_is_Barnaul;5000;2000;true;2023-12-29T11:11:27;2023-08-15T22:23:38;2053-08-15T22:23:38;null;false
4879;Барнаул;https://t.me/barnaul_org;5000;1000;true;2023-12-29T11:11:27;2023-08-15T22:23:38;2053-08-15T22:23:38;null;false
4880;Правительство Алтайского края;https://t.me/altaigovernment;5000;1000;true;2023-12-29T11:11:27;2023-08-15T22:23:38;2053-08-15T22:23:38;null;false
4881;Вечерний Барнаул;https://t.me/barnaul_press;4000;1000;true;2023-12-29T11:11:27;2023-08-15T22:23:38;2053-08-15T22:23:38;null;false
4882;Дружный район Барнаул;https://t.me/druzhnyyrayon;4000;1000;true;2023-12-29T11:11:27;2023-08-15T22:23:38;2053-08-15T22:23:38;null;false
4883;Бийск - мой город;https://t.me/druzhnyyrayon;4000;1000;true;2023-12-29T11:11:27;2023-08-15T22:23:38;2053-08-15T22:23:38;null;false
4884;Про Барнаул;https://t.me/pro_barnaul;4000;1000;true;2023-12-29T11:11:27;2023-08-15T22:23:38;2053-08-15T22:23:38;null;false
4885;Деловой Бийск;https://t.me/dbiysk;4000;1000;true;2023-12-29T11:11:27;2023-08-15T22:23:38;2053-08-15T22:23:38;null;false
4886;Алтайские крайности;https://t.me/altaikrai;3000;1000;true;2023-12-29T11:11:27;2023-08-15T22:23:38;2053-08-15T22:23:38;null;false
4887;Влюбленный Бийск;https://t.me/love_bsk;2000;1000;true;2023-12-29T11:11:27;2023-08-15T22:23:38;2053-08-15T22:23:38;null;false
4888;Я живу в Барнауле | Алтай;https://t.me/barnaul;2000;1000;true;2023-12-29T11:11:27;2023-08-15T22:23:38;2053-08-15T22:23:38;null;false
4889;Ленина, 59;https://t.me/lenina59;2000;1000;true;2023-12-29T11:11:27;2023-08-15T22:23:38;2053-08-15T22:23:38;null;false
4890;Новости Горного;https://t.me/altainfonews;2000;1000;true;2023-12-29T11:11:27;2023-08-15T22:23:38;2053-08-15T22:23:38;null;false
4891;ЦУР Алтайского края;https://t.me/tsur22;2000;1000;true;2023-12-29T11:11:27;2023-08-15T22:23:38;2053-08-15T22:23:38;null;false
4892;Сибирский Налоговый Форум;https://t.me/SibTaxForum;1000;1000;true;2023-12-29T11:11:27;2023-08-15T22:23:38;2053-08-15T22:23:38;null;false
4893;Грифон видит ВСЁ!;https://t.me/vibaltay;1000;1000;true;2023-12-29T11:11:27;2023-08-15T22:23:38;2053-08-15T22:23:38;null;false
4894;НеКурасов;https://t.me/nekurasov;1000;1000;true;2023-12-29T11:11:27;2023-08-15T22:23:38;2053-08-15T22:23:38;null;false
4895;| Барнаул | Халтура | Подработка | Услуги | Работа |;https://t.me/PartTimeJobBrn;1000;1000;true;2023-12-29T11:11:27;2023-08-15T22:23:38;2053-08-15T22:23:38;null;false
4896;Куда Алтай | Места, Локации;https://t.me/Go_Altai;1000;1000;true;2023-12-29T11:11:27;2023-08-15T22:23:38;2053-08-15T22:23:38;null;false
4897;Томенко ньюс;https://t.me/tomenko_news;1000;1000;true;2023-12-29T11:11:27;2023-08-15T22:23:38;2053-08-15T22:23:38;null;false
4898;Объясняем.Алтайский край;https://t.me/orf_22;1000;1000;true;2023-12-29T11:11:27;2023-08-15T22:23:38;2053-08-15T22:23:38;null;false
4899;КПРФ Алтай official;https://t.me/kprfaltay;1000;1000;true;2023-12-29T11:11:27;2023-08-15T22:23:38;2053-08-15T22:23:38;null;false
4900;Алтайский валенок;https://t.me/altayvalenok;1000;1000;true;2023-12-29T11:11:27;2023-08-15T22:23:38;2053-08-15T22:23:38;null;false
4901;Единая Россия | Алтайский край;https://t.me/er_22;1000;1000;true;2023-12-29T11:11:27;2023-08-15T22:23:38;2053-08-15T22:23:38;null;false
4902;Алтайская правда;https://t.me/ap22ru;1000;1000;true;2023-12-29T11:11:27;2023-08-15T22:23:38;2053-08-15T22:23:38;null;false
4903;Михаил Беднаржевский;https://t.me/mihab;1000;1000;true;2023-12-29T11:11:27;2023-08-15T22:23:38;2053-08-15T22:23:38;null;false
4904;Алтай Z;https://t.me/molodezAltai;1000;1000;true;2023-12-29T11:11:27;2023-08-15T22:23:38;2053-08-15T22:23:38;null;false
4905;Алтайский портал недвижимости;https://t.me/altayrealtkanal;1000;1000;true;2023-12-29T11:11:27;2023-08-15T22:23:38;2053-08-15T22:23:38;null;false
4906;Станция скорой медицинской помощи (Бийск);https://t.me/ssmpbiysk;1000;1000;true;2023-12-29T11:11:27;2023-08-15T22:23:38;2053-08-15T22:23:38;null;false
4907;Психолог Лариса Солнцева;https://t.me/larisolntseva;1000;1000;true;2023-12-29T11:11:27;2023-08-15T22:23:38;2053-08-15T22:23:38;null;false
4908;Алтайский шаман;https://t.me/altaishaman;1000;1000;true;2023-12-29T11:11:27;2023-08-15T22:23:38;2053-08-15T22:23:38;null;false
4909;CKS;https://t.me/cyberplace22;1000;1000;true;2023-12-29T11:11:27;2023-08-15T22:23:38;2053-08-15T22:23:38;null;false
4910;Городская больница №2 (Бийск);https://t.me/gb2biisk;1000;1000;true;2023-12-29T11:11:27;2023-08-15T22:23:38;2053-08-15T22:23:38;null;false
4911;Plants & Purrfection;https://t.me/plants_purr;1000;1000;true;2023-12-29T11:11:27;2023-08-15T22:23:38;2053-08-15T22:23:38;null;false
4912;Центр поддержки экспорта Алтайского края;https://t.me/altcpe;1000;1000;true;2023-12-29T11:11:27;2023-08-15T22:23:38;2053-08-15T22:23:38;null;false
4913;"ДЕТИ РУЛЯТ!" Барнаул;https://t.me/deti_rulyat_brn;1000;1000;true;2023-12-29T11:11:27;2023-08-15T22:23:38;2053-08-15T22:23:38;null;false
4914;Алтайская «Весна» 💚;https://t.me/altkrai_vesna;1000;1000;true;2023-12-29T11:11:27;2023-08-15T22:23:38;2053-08-15T22:23:38;null;false
4915;Барнаульская горэлектросеть;https://t.me/bges_official;1000;1000;true;2023-12-29T11:11:27;2023-08-15T22:23:38;2053-08-15T22:23:38;null;false
4916;Марина Понкрашёва;https://t.me/m_ponkrasheva;1000;1000;true;2023-12-29T11:11:27;2023-08-15T22:23:38;2053-08-15T22:23:38;null;false
4917;Психолог Марина Нурбакова;https://t.me/marina_nurbakova;1000;1000;true;2023-12-29T11:11:27;2023-08-15T22:23:38;2053-08-15T22:23:38;null;false
4918;Авто 22 Барнаул, Бийск, Алтайский край;https://t.me/autotelega22;1000;1000;true;2023-12-29T11:11:27;2023-08-15T22:23:38;2053-08-15T22:23:38;null;false
4919;Федеральный центр травматологии, ортопедии и эндопротезирования;https://t.me/centr_travm_brn;1000;1000;true;2023-12-29T11:11:27;2023-08-15T22:23:38;2053-08-15T22:23:38;null;false
4920;KislyakovLIFE;https://t.me/kislyakovsmm;1000;1000;true;2023-12-29T11:11:27;2023-08-15T22:23:38;2053-08-15T22:23:38;null;false
4921;Honey Girls Epil Барнаул🐝;https://t.me/honey_girls_epil;1000;1000;true;2023-12-29T11:11:27;2023-08-15T22:23:38;2053-08-15T22:23:38;null;false
4922;СПРАВЕДЛИВАЯ РОССИЯ-ЗА ПРАВДУ в Алтайском крае;https://t.me/spravedlivo_barnaul;1000;1000;true;2023-12-29T11:11:27;2023-08-15T22:23:38;2053-08-15T22:23:38;null;false
4923;Мониторинг 22 Алтайский край;https://t.me/monitoring_22;1000;1000;true;2023-12-29T11:11:27;2023-08-15T22:23:38;2053-08-15T22:23:38;null;false
4924;Барнаульское наследие;https://t.me/barnaulheritage;1000;1000;true;2023-12-29T11:11:27;2023-08-15T22:23:38;2053-08-15T22:23:38;null;false
4925;Кöк Тенгри;https://t.me/kokTengri;1000;1000;true;2023-12-29T11:11:27;2023-08-15T22:23:38;2053-08-15T22:23:38;null;false
4926;Левый Бийск;https://t.me/leftbiysk;1000;1000;true;2023-12-29T11:11:27;2023-08-15T22:23:38;2053-08-15T22:23:38;null;false
4927;Молодежный Парламент Алтайского края;https://t.me/mparlament22;1000;1000;true;2023-12-29T11:11:27;2023-08-15T22:23:38;2053-08-15T22:23:38;null;false
4928;Работа в Бийске;https://t.me/workinbiysk;1000;1000;true;2023-12-29T11:11:27;2023-08-15T22:23:38;2053-08-15T22:23:38;null;false
4929;Россия 22 | Новости | Алтайский край;https://t.me/rossia22;1000;1000;true;2023-12-29T11:11:27;2023-08-15T22:23:38;2053-08-15T22:23:38;null;false
4930;Мемас 22;https://t.me/memas_22;1000;1000;true;2023-12-29T11:11:27;2023-08-15T22:23:38;2053-08-15T22:23:38;null;false
4931;Алтай | Дайджест;https://t.me/Altai_News_channel;1000;1000;true;2023-12-29T11:11:27;2023-08-15T22:23:38;2053-08-15T22:23:38;null;false
4932;NGS22.RU | Новости Барнаула;https://t.me/ngs22ru;1000;1000;true;2023-12-29T11:11:27;2023-08-15T22:23:38;2053-08-15T22:23:38;null;false
4933;Православие Инокиня Алексия (Наталья Тютрина);https://t.me/aleksiatutrinanata;1000;1000;true;2023-12-29T11:11:27;2023-08-15T22:23:38;2053-08-15T22:23:38;null;false
4934;Католики Славгорода;https://t.me/cathslawgorod;1000;1000;true;2023-12-29T11:11:27;2023-08-15T22:23:38;2053-08-15T22:23:38;null;false
4935;КГБУЗ "Онкологический диспансер г. Бийск";https://t.me/onko_dispanser_biysk;1000;1000;true;2023-12-29T11:11:27;2023-08-15T22:23:38;2053-08-15T22:23:38;null;false
4936;Church22 | Церковь Благословение Барнаул;https://t.me/church22ru;1000;1000;true;2023-12-29T11:11:27;2023-08-15T22:23:38;2053-08-15T22:23:38;null;false
4937;Амур.Инфо;https://t.me/AmurInfo_news;31000;9000;true;2023-12-29T11:11:27;2023-08-15T22:23:38;2053-08-15T22:23:38;null;false
4938;Новости Благовещенска и не только;https://t.me/novosti_blg;30000;8000;true;2023-12-29T11:11:27;2023-08-15T22:23:38;2053-08-15T22:23:38;null;false
4939;Skaner28;https://t.me/skaner28;22000;8000;true;2023-12-29T11:11:27;2023-08-15T22:23:38;2053-08-15T22:23:38;null;false
4940;Благовещенск №1;https://t.me/kriminalblag;21000;7000;true;2023-12-29T11:11:27;2023-08-15T22:23:38;2053-08-15T22:23:38;null;false
4941;Благовещенск;https://t.me/blaga24;21000;14000;true;2023-12-29T11:11:27;2023-08-15T22:23:38;2053-08-15T22:23:38;null;false
4942;Аmur.life;https://t.me/amurlife1;18000;4000;true;2023-12-29T11:11:27;2023-08-15T22:23:38;2053-08-15T22:23:38;null;false
4943;28news;https://t.me/the28News;15000;5000;true;2023-12-29T11:11:27;2023-08-15T22:23:38;2053-08-15T22:23:38;null;false
4944;«Амурская правда»;https://t.me/ampravda;11000;4000;true;2023-12-29T11:11:27;2023-08-15T22:23:38;2053-08-15T22:23:38;null;false
4945;Чисанчи;https://t.me/chissanchi;9000;3000;true;2023-12-29T11:11:27;2023-08-15T22:23:38;2053-08-15T22:23:38;null;false
4946;Амурская область | Правительство;https://t.me/amurobl_official;8000;3000;true;2023-12-29T11:11:27;2023-08-15T22:23:38;2053-08-15T22:23:38;null;false
4947;Мелюков С.Ю.;https://t.me/smeliukov;8000;4000;true;2023-12-29T11:11:27;2023-08-15T22:23:38;2053-08-15T22:23:38;null;false
4948;Порт Амур;https://t.me/portamur_ru;8000;4000;true;2023-12-29T11:11:27;2023-08-15T22:23:38;2053-08-15T22:23:38;null;false
4949;Амурский;https://t.me/Amur_telega;8000;1000;true;2023-12-29T11:11:27;2023-08-15T22:23:38;2053-08-15T22:23:38;null;false
4950;Вести-Амурская область;https://t.me/gtrkamur;8000;1000;true;2023-12-29T11:11:27;2023-08-15T22:23:38;2053-08-15T22:23:38;null;false
4951;Благовещенск Сегодня | новости;https://t.me/blaga_veg;8000;1000;true;2023-12-29T11:11:27;2023-08-15T22:23:38;2053-08-15T22:23:38;null;false
4952;Амурская служба новостей - АСН24;https://t.me/asn24ru;7000;1000;true;2023-12-29T11:11:27;2023-08-15T22:23:38;2053-08-15T22:23:38;null;false
4953;Дважды два;https://t.me/Portal2x2;7000;1000;true;2023-12-29T11:11:27;2023-08-15T22:23:38;2053-08-15T22:23:38;null;false
4954;Белогорск РФ;https://t.me/belogorsk28ru;6000;2000;true;2023-12-29T11:11:27;2023-08-15T22:23:38;2053-08-15T22:23:38;null;false
4955;ТЕЛЕПОРТ.РФ;https://t.me/amurobl;4000;1000;true;2023-12-29T11:11:27;2023-08-15T22:23:38;2053-08-15T22:23:38;null;false
4956;Будни. Новости Белогорска;https://t.me/budni_belogorsk;4000;1000;true;2023-12-29T11:11:27;2023-08-15T22:23:38;2053-08-15T22:23:38;null;false
4957;КРДВ;https://t.me/ERDCnews;4000;1000;true;2023-12-29T11:11:27;2023-08-15T22:23:38;2053-08-15T22:23:38;null;false
4958;Белогорск Z ИНФО;https://t.me/belogorsklife;4000;1000;true;2023-12-29T11:11:27;2023-08-15T22:23:38;2053-08-15T22:23:38;null;false
4959;Благовещенск Работа;https://t.me/blg_rabota;3000;1000;true;2023-12-29T11:11:27;2023-08-15T22:23:38;2053-08-15T22:23:38;null;false
4960;Амурский ГПЗ_live;https://t.me/amur_gpz_official;2000;1000;true;2023-12-29T11:11:27;2023-08-15T22:23:38;2053-08-15T22:23:38;null;false
4961;SVB_DTP🚨;https://t.me/svb_dtp;2000;1000;true;2023-12-29T11:11:27;2023-08-15T22:23:38;2053-08-15T22:23:38;null;false
4962;Амурский ГХК;https://t.me/AmurGHK;2000;1000;true;2023-12-29T11:11:27;2023-08-15T22:23:38;2053-08-15T22:23:38;null;false
4963;Амурские спасатели;https://t.me/amursiespasateli;2000;1000;true;2023-12-29T11:11:27;2023-08-15T22:23:38;2053-08-15T22:23:38;null;false
4964;Амурский бизнес;https://t.me/amurbiz;2000;1000;true;2023-12-29T11:11:27;2023-08-15T22:23:38;2053-08-15T22:23:38;null;false
4965;Амурский Минтранс;https://t.me/mintrans_amur;2000;4000;true;2023-12-29T11:11:27;2023-08-15T22:23:38;2053-08-15T22:23:38;null;false
4966;Амурский советник;https://t.me/amursovet;2000;1000;true;2023-12-29T11:11:27;2023-08-15T22:23:38;2053-08-15T22:23:38;null;false
4967;Memreporter;https://t.me/memreporter28;2000;1000;true;2023-12-29T11:11:27;2023-08-15T22:23:38;2053-08-15T22:23:38;null;false
4968;Барахолка Благовещенск;https://t.me/blg_baraholka_28;2000;1000;true;2023-12-29T11:11:27;2023-08-15T22:23:38;2053-08-15T22:23:38;null;false
4969;Амурские волны;https://t.me/amurvolny;2000;1000;true;2023-12-29T11:11:27;2023-08-15T22:23:38;2053-08-15T22:23:38;null;false
4970;Амурские электросети ДРСК;https://t.me/amurseti_drsk;2000;1000;true;2023-12-29T11:11:27;2023-08-15T22:23:38;2053-08-15T22:23:38;null;false
4971;Белогорск-стёб.;https://t.me/belstyob;1000;1000;true;2023-12-29T11:11:27;2023-08-15T22:23:38;2053-08-15T22:23:38;null;false
4972;Регион 28 | Благовещенск авто;https://t.me/region_blg;1000;1000;true;2023-12-29T11:11:27;2023-08-15T22:23:38;2053-08-15T22:23:38;null;false
4973;МУ МВД России «Благовещенское»;https://t.me/momvd_blg;1000;1000;true;2023-12-29T11:11:27;2023-08-15T22:23:38;2053-08-15T22:23:38;null;false
4974;Амурские фотоистории;https://t.me/vestiselem;1000;1000;true;2023-12-29T11:11:27;2023-08-15T22:23:38;2053-08-15T22:23:38;null;false
4975;Единая Россия на Амуре 🌊;https://t.me/er_amur;1000;1000;true;2023-12-29T11:11:27;2023-08-15T22:23:38;2053-08-15T22:23:38;null;false
4976;ЦУР Амурской области;https://t.me/tsur28;1000;1000;true;2023-12-29T11:11:27;2023-08-15T22:23:38;2053-08-15T22:23:38;null;false
4977;Амурская область / Вестник Амура;https://t.me/vestnikamura;1000;1000;true;2023-12-29T11:11:27;2023-08-15T22:23:38;2053-08-15T22:23:38;null;false
4978;Полезный Благовещенск;https://t.me/polezno_blg;1000;1000;true;2023-12-29T11:11:27;2023-08-15T22:23:38;2053-08-15T22:23:38;null;false
4979;Туризм Приморский край, Дальний Восток;https://t.me/tur_all_dv;1000;1000;true;2023-12-29T11:11:27;2023-08-15T22:23:38;2053-08-15T22:23:38;null;false
4980;FireDep41 🚒;https://t.me/FireDep41;1000;1000;true;2023-12-29T11:11:27;2023-08-15T22:23:38;2053-08-15T22:23:38;null;false
4981;Вячеслав Логинов;https://t.me/loginovvy;1000;1000;true;2023-12-29T11:11:27;2023-08-15T22:23:38;2053-08-15T22:23:38;null;false
4982;Работа в Благовещенске;https://t.me/rabotaamur;1000;1000;true;2023-12-29T11:11:27;2023-08-15T22:23:38;2053-08-15T22:23:38;null;false
4983;PriamurMedia.ru|Амурская область;https://t.me/priamurmedia;1000;1000;true;2023-12-29T11:11:27;2023-08-15T22:23:38;2053-08-15T22:23:38;null;false
4984;7 ЧУДЕС детский центр | Благовещенск;https://t.me/sem_chudes;1000;1000;true;2023-12-29T11:11:27;2023-08-15T22:23:38;2053-08-15T22:23:38;null;false
4985;Игорь Бабушкин;https://t.me/babushkin30;18000;6000;true;2023-12-29T11:11:27;2023-08-15T22:23:38;2053-08-15T22:23:38;null;false
4986;Аварии Астрахань;https://t.me/avaria30;17000;2000;true;2023-12-29T11:11:27;2023-08-15T22:23:38;2053-08-15T22:23:38;null;false
4987;Родная Астрахань;https://t.me/rodnayaastrakhan;17000;2000;true;2023-12-29T11:11:27;2023-08-15T22:23:38;2053-08-15T22:23:38;null;false
4988;Астрахань Ру;https://t.me/astrakhansu;10000;2000;true;2023-12-29T11:11:27;2023-08-15T22:23:38;2053-08-15T22:23:38;null;false
4989;Астрахань. Первый;https://t.me/astrakhan_1;8000;4000;true;2023-12-29T11:11:27;2023-08-15T22:23:38;2053-08-15T22:23:38;null;false
4990;Астрахань 24;https://t.me/astrakhan24;8000;1000;true;2023-12-29T11:11:27;2023-08-15T22:23:38;2053-08-15T22:23:38;null;false
4991;Астмаркет - магазин бытовой техники;https://t.me/astmarket_com;6000;2000;true;2023-12-29T11:11:27;2023-08-15T22:23:38;2053-08-15T22:23:38;null;false
4992;AST-NEWS.ru - новости Астрахани;https://t.me/ast_news;4000;1000;true;2023-12-29T11:11:27;2023-08-15T22:23:38;2053-08-15T22:23:38;null;false
4993;AST-NEWS.ru - новости Астрахани;https://t.me/infoshtab;4000;1000;true;2023-12-29T11:11:27;2023-08-15T22:23:38;2053-08-15T22:23:38;null;false
4994;АРБУЗ | Авторское про Астрахань;https://t.me/arbuztoday30;4000;1000;true;2023-12-29T11:11:27;2023-08-15T22:23:38;2053-08-15T22:23:38;null;false
4995;ВОТ ТЕ РАЗ!🇷🇺;https://t.me/voteraz;3000;1000;true;2023-12-29T11:11:27;2023-08-15T22:23:38;2053-08-15T22:23:38;null;false
4996;ДТП Астрахань;https://t.me/dtp30rus;3000;1000;true;2023-12-29T11:11:27;2023-08-15T22:23:38;2053-08-15T22:23:38;null;false
4997;ASTRAKHAN TODAY;https://t.me/news_astrakhantoday;3000;1000;true;2023-12-29T11:11:27;2023-08-15T22:23:38;2053-08-15T22:23:38;null;false
4998;«Единая Россия» — Астраханская область;https://t.me/er_astrakhan;3000;1000;true;2023-12-29T11:11:27;2023-08-15T22:23:38;2053-08-15T22:23:38;null;false
4999;ФК «Волгарь» Астрахань;https://t.me/fcva1960;3000;1000;true;2023-12-29T11:11:27;2023-08-15T22:23:38;2053-08-15T22:23:38;null;false
5000;Астраханский госуниверситет;https://t.me/asuinforms;2000;1000;true;2023-12-29T11:11:27;2023-08-15T22:23:38;2053-08-15T22:23:38;null;false
5001;МЧС Астраханской области;https://t.me/mchs30;2000;1000;true;2023-12-29T11:11:27;2023-08-15T22:23:38;2053-08-15T22:23:38;null;false
5002;Куда Пойти | АСТРАХАНЬ;https://t.me/kudapoyti_ast;2000;1000;true;2023-12-29T11:11:27;2023-08-15T22:23:38;2053-08-15T22:23:38;null;false
5003;Астрахань;https://t.me/hello_astrakhan;2000;1000;true;2023-12-29T11:11:27;2023-08-15T22:23:38;2053-08-15T22:23:38;null;false
5004;Астрахань.Север;https://t.me/astsev;2000;1000;true;2023-12-29T11:11:27;2023-08-15T22:23:38;2053-08-15T22:23:38;null;false
5005;БУДНИ;https://t.me/budni_astrakhan;1000;1000;true;2023-12-29T11:11:27;2023-08-15T22:23:38;2053-08-15T22:23:38;null;false
5006;АстМол;https://t.me/ast_mol;1000;1000;true;2023-12-29T11:11:27;2023-08-15T22:23:38;2053-08-15T22:23:38;null;false
5007;Телплюс | Оператор цифровых услуг;https://t.me/telplus30;1000;1000;true;2023-12-29T11:11:27;2023-08-15T22:23:38;2053-08-15T22:23:38;null;false
5008;Евгений Полонский;https://t.me/wolfastrakhan;1000;1000;true;2023-12-29T11:11:27;2023-08-15T22:23:38;2053-08-15T22:23:38;null;false
5009;ПОЛИТ. РУС;https://t.me/politrus1;1000;1000;true;2023-12-29T11:11:27;2023-08-15T22:23:38;2053-08-15T22:23:38;null;false
5010;Наше время. Астрахань;https://t.me/news7plus;1000;1000;true;2023-12-29T11:11:27;2023-08-15T22:23:38;2053-08-15T22:23:38;null;false
5011;Садовый Центр Сияние Астрахань;https://t.me/sianie30;1000;1000;true;2023-12-29T11:11:27;2023-08-15T22:23:38;2053-08-15T22:23:38;null;false
5012;Новости ОСК;https://t.me/aooskru;1000;1000;true;2023-12-29T11:11:27;2023-08-15T22:23:38;2053-08-15T22:23:38;null;false
5013;СШВВС им. Б.Н. Скокова;https://t.me/skokovwater;1000;1000;true;2023-12-29T11:11:27;2023-08-15T22:23:38;2053-08-15T22:23:38;null;false
5014;Типичная Астрахань;https://t.me/typical_astra;1000;1000;true;2023-12-29T11:11:27;2023-08-15T22:23:38;2053-08-15T22:23:38;null;false
5015;Help30rus;https://t.me/help30rus;1000;1000;true;2023-12-29T11:11:27;2023-08-15T22:23:38;2053-08-15T22:23:38;null;false
5016;Коммерсантъ-Средняя Волга;https://t.me/kommersant64;1000;1000;true;2023-12-29T11:11:27;2023-08-15T22:23:38;2053-08-15T22:23:38;null;false
5017;Новости Астрахани;https://t.me/astrru;1000;1000;true;2023-12-29T11:11:27;2023-08-15T22:23:38;2053-08-15T22:23:38;null;false
5018;Баптисты Нижней Волги;https://t.me/baptistvolga;1000;1000;true;2023-12-29T11:11:27;2023-08-15T22:23:38;2053-08-15T22:23:38;null;false
5019;Махринский Станислав;https://t.me/makhrinsky;1000;1000;true;2023-12-29T11:11:27;2023-08-15T22:23:38;2053-08-15T22:23:38;null;false
5020;Пул 30. Астрахань;https://t.me/astra_01;1000;1000;true;2023-12-29T11:11:27;2023-08-15T22:23:38;2053-08-15T22:23:38;null;false
5021;Центр карьеры АГУ им. В.Н. Татищева;https://t.me/careerasu;1000;1000;true;2023-12-29T11:11:27;2023-08-15T22:23:38;2053-08-15T22:23:38;null;false
5022;Астрахань (from news media) все новости из СМИ, ЧП;https://t.me/astrahantg;1000;1000;true;2023-12-29T11:11:27;2023-08-15T22:23:38;2053-08-15T22:23:38;null;false
5023;Нижневолжское обозрение;https://t.me/lower_volga_observer;1000;1000;true;2023-12-29T11:11:27;2023-08-15T22:23:38;2053-08-15T22:23:38;null;false
5024;История Астрахани;https://t.me/astrakhanistory;1000;1000;true;2023-12-29T11:11:27;2023-08-15T22:23:38;2053-08-15T22:23:38;null;false
5025;Жесть Белгород;https://t.me/zhest_belgorod;665000;325000;true;2023-12-29T11:11:27;2023-08-15T22:23:38;2053-08-15T22:23:38;null;false
5026;Настоящий Гладков;https://t.me/vvgladkov;453000;219000;true;2023-12-29T11:11:27;2023-08-15T22:23:38;2053-08-15T22:23:38;null;false
5027;Белгород №1;https://t.me/belgorod01;203000;45000;true;2023-12-29T11:11:27;2023-08-15T22:23:38;2053-08-15T22:23:38;null;false
5028;ЧП Белгородская область;https://t.me/chpbelgorod;142000;28000;true;2023-12-29T11:11:27;2023-08-15T22:23:38;2053-08-15T22:23:38;null;false
5029;🚀Радар Белгород 🇷🇺;https://t.me/radarb31;141000;57000;true;2023-12-29T11:11:27;2023-08-15T22:23:38;2053-08-15T22:23:38;null;false
5030;💥Грохот приграничья🇷🇺;https://t.me/grohot_pgr;134000;62000;true;2023-12-29T11:11:27;2023-08-15T22:23:38;2053-08-15T22:23:38;null;false
5031;Главное / СВО / Белгород и область;https://t.me/svo_belgorod31;116000;7000;true;2023-12-29T11:11:27;2023-08-15T22:23:38;2053-08-15T22:23:38;null;false
5032;Блэтгород 🙏🕊;https://t.me/bletgorod;105000;52000;true;2023-12-29T11:11:27;2023-08-15T22:23:38;2053-08-15T22:23:38;null;false
5033;БелПлюс;https://t.me/BelPlus_31reg;103000;33000;true;2023-12-29T11:11:27;2023-08-15T22:23:38;2053-08-15T22:23:38;null;false
5034;Белгород;https://t.me/belgorod_tg;88000;10000;true;2023-12-29T11:11:27;2023-08-15T22:23:38;2053-08-15T22:23:38;null;false
5035;ЧП Белгород;https://t.me/chp_bel;76000;29000;true;2023-12-29T11:11:27;2023-08-15T22:23:38;2053-08-15T22:23:38;null;false
5036;Радар⚡️Россия;https://t.me/monitoring_radar_russia;75000;30000;true;2023-12-29T11:11:27;2023-08-15T22:23:38;2053-08-15T22:23:38;null;false
5037;ОК! Старый Оскол;https://t.me/okoskol;57000;21000;true;2023-12-29T11:11:27;2023-08-15T22:23:38;2053-08-15T22:23:38;null;false
5038;Тревожный Старый Оскол;https://t.me/sta_oskol;56000;21000;true;2023-12-29T11:11:27;2023-08-15T22:23:38;2053-08-15T22:23:38;null;false
5039;Белгородчина;https://t.me/belgorpost;55000;11000;true;2023-12-29T11:11:27;2023-08-15T22:23:38;2053-08-15T22:23:38;null;false
5040;Шёпот Шебекино 🇷🇺;https://t.me/club_shebekino;53000;19000;true;2023-12-29T11:11:27;2023-08-15T22:23:38;2053-08-15T22:23:38;null;false
5041;Белгородский Андеграунд;https://t.me/undeground_belgorod_31;46000;12000;true;2023-12-29T11:11:27;2023-08-15T22:23:38;2053-08-15T22:23:38;null;false
5042;🇷🇺Белгород С-400🚀;https://t.me/bel400;46000;23000;true;2023-12-29T11:11:27;2023-08-15T22:23:38;2053-08-15T22:23:38;null;false
5043;Go31 | Новости Белгорода;https://t.me/belgorod_go31;44000;17000;true;2023-12-29T11:11:27;2023-08-15T22:23:38;2053-08-15T22:23:38;null;false
5044;Белгород №1. Люди;https://t.me/belgorod01people;43000;17000;true;2023-12-29T11:11:27;2023-08-15T22:23:38;2053-08-15T22:23:38;null;false
5045;💥Взрывы Белгород💥;https://t.me/Vzrivi_Belgorod;40000;13000;true;2023-12-29T11:11:27;2023-08-15T22:23:38;2053-08-15T22:23:38;null;false
5046;Белгородский Осведомитель;https://t.me/belgorod_informant;39000;20000;true;2023-12-29T11:11:27;2023-08-15T22:23:38;2053-08-15T22:23:38;null;false
5047;Черноземец Z;https://t.me/blacklander;37000;8000;true;2023-12-29T11:11:27;2023-08-15T22:23:38;2053-08-15T22:23:38;null;false
5048;ШÖ ⚡️ Шебекино;https://t.me/Sho_Shebekino;34000;14000;true;2023-12-29T11:11:27;2023-08-15T22:23:38;2053-08-15T22:23:38;null;false
5049;Бел.Ру | Новости Белгорода;https://t.me/IABelRu;32000;14000;true;2023-12-29T11:11:27;2023-08-15T22:23:38;2053-08-15T22:23:38;null;false
5050;Валуйки Телега;https://t.me/tgvaluyki;30000;14000;true;2023-12-29T11:11:27;2023-08-15T22:23:38;2053-08-15T22:23:38;null;false
5051;Белгород | ФОНАРЬ🔦;https://t.me/fonartv;28000;10000;true;2023-12-29T11:11:27;2023-08-15T22:23:38;2053-08-15T22:23:38;null;false
5052;Белгород в курсе;https://t.me/vkurse_131;26000;8000;true;2023-12-29T11:11:27;2023-08-15T22:23:38;2053-08-15T22:23:38;null;false
5053;Белгород NEWS;https://t.me/belnews_belgorod;25000;10000;true;2023-12-29T11:11:27;2023-08-15T22:23:38;2053-08-15T22:23:38;null;false
5054;Авто Белгород;https://t.me/avto_belgorod31;23000;10000;true;2023-12-29T11:11:27;2023-08-15T22:23:38;2053-08-15T22:23:38;null;false
5055;🚨Белгород | Live;https://t.me/belgorod_live0;22000;14000;true;2023-12-29T11:11:27;2023-08-15T22:23:38;2053-08-15T22:23:38;null;false
5056;МЧС Белгородской области;https://t.me/mchs31;19000;11000;true;2023-12-29T11:11:27;2023-08-15T22:23:38;2053-08-15T22:23:38;null;false
5057;L1VE Старый Оскол;https://t.me/l1veoskol;18000;6000;true;2023-12-29T11:11:27;2023-08-15T22:23:38;2053-08-15T22:23:38;null;false
5058;Строитель Онлайн;https://t.me/stroitel_online_31;18000;8000;true;2023-12-29T11:11:27;2023-08-15T22:23:38;2053-08-15T22:23:38;null;false
5059;Oskol Stelit | Старый Оскол;https://t.me/oskol_stelit_31;16000;6000;true;2023-12-29T11:11:27;2023-08-15T22:23:38;2053-08-15T22:23:38;null;false
5060;Шёпот Белгород;https://t.me/shepot_belgorod31;16000;6000;true;2023-12-29T11:11:27;2023-08-15T22:23:38;2053-08-15T22:23:38;null;false
5061;💯Сводка приграничья🚀;https://t.me/Cvodka_CVO;15000;7000;true;2023-12-29T11:11:27;2023-08-15T22:23:38;2053-08-15T22:23:38;null;false
5062;Пепел;https://t.me/belpepel;13000;5000;true;2023-12-29T11:11:27;2023-08-15T22:23:38;2053-08-15T22:23:38;null;false
5063;⚡️Громкий Белгород;https://t.me/Belgorod_Grom;12000;3000;true;2023-12-29T11:11:27;2023-08-15T22:23:38;2053-08-15T22:23:38;null;false
5064;ДЕМИДОВ;https://t.me/v_v_demidov;12000;5000;true;2023-12-29T11:11:27;2023-08-15T22:23:38;2053-08-15T22:23:38;null;false
5065;Типичный Белгород;https://t.me/TipBelgorod;12000;4000;true;2023-12-29T11:11:27;2023-08-15T22:23:38;2053-08-15T22:23:38;null;false
5066;Старый Оскол №1;https://t.me/oskoln1;11000;4000;true;2023-12-29T11:11:27;2023-08-15T22:23:38;2053-08-15T22:23:38;null;false
5067;Белогорье. Белгород.;https://t.me/belgorodtyt;10000;2000;true;2023-12-29T11:11:27;2023-08-15T22:23:38;2053-08-15T22:23:38;null;false
5068;Вкусный Белгород №1;https://t.me/vkusnyi_belgorod;11000;1000;true;2023-12-29T11:11:27;2023-08-15T22:23:38;2053-08-15T22:23:38;null;false
5069;Белгород Онлайн;https://t.me/belgorod_online_ru;10000;2000;true;2023-12-29T11:11:27;2023-08-15T22:23:38;2053-08-15T22:23:38;null;false
5070;Белгород Новости;https://t.me/thenewsbelgorod;10000;5000;true;2023-12-29T11:11:27;2023-08-15T22:23:38;2053-08-15T22:23:38;null;false
5071;📡 На связи Белгород! | Новости;https://t.me/belg_news;10000;3000;true;2023-12-29T11:11:27;2023-08-15T22:23:38;2053-08-15T22:23:38;null;false
5072;Оперштаб Белгородской области;https://t.me/operativno31;9000;3000;true;2023-12-29T11:11:27;2023-08-15T22:23:38;2053-08-15T22:23:38;null;false
5073;Белгородский канал;https://t.me/channelbel;9000;2000;true;2023-12-29T11:11:27;2023-08-15T22:23:38;2053-08-15T22:23:38;null;false
5074;🚀 Радар Приграничья 🇷🇺;https://t.me/radar_pgr;8000;3000;true;2023-12-29T11:11:27;2023-08-15T22:23:38;2053-08-15T22:23:38;null;false
5075;БелГородские подробности;https://t.me/bel_podrobnosti;9000;4000;true;2023-12-29T11:11:27;2023-08-15T22:23:38;2053-08-15T22:23:38;null;false
5076;Война с фейками. Белгород;https://t.me/warfakebelgorod;8000;1000;true;2023-12-29T11:11:27;2023-08-15T22:23:38;2053-08-15T22:23:38;null;false
5077;ЧИТАЕМ СВЯТЫХ ОТЦОВ;https://t.me/consensuspatrum;8000;2000;true;2023-12-29T11:11:27;2023-08-15T22:23:38;2053-08-15T22:23:38;null;false
5078;Мой Белгород;https://t.me/ruski_mir;8000;1000;true;2023-12-29T11:11:27;2023-08-15T22:23:38;2053-08-15T22:23:38;null;false
5079;МАЛИКОВ;https://t.me/steelmalikov;8000;3000;true;2023-12-29T11:11:27;2023-08-15T22:23:38;2053-08-15T22:23:38;null;false
5080;Белгород Best;https://t.me/belgorod_best;8000;1000;true;2023-12-29T11:11:27;2023-08-15T22:23:38;2053-08-15T22:23:38;null;false
5081;Мэрия Белгорода;https://t.me/beladm31;8000;3000;true;2023-12-29T11:11:27;2023-08-15T22:23:38;2053-08-15T22:23:38;null;false
5082;9 Канал | Старый Оскол;https://t.me/StaryOskol_9kanal;7000;3000;true;2023-12-29T11:11:27;2023-08-15T22:23:38;2053-08-15T22:23:38;null;false
5083;Новости Белгорода;https://t.me/StaryOskol_9kanal;7000;3000;true;2023-12-29T11:11:27;2023-08-15T22:23:38;2053-08-15T22:23:38;null;false
5084;🚀Радар Шебекино 🇷🇺;https://t.me/radar1431;6000;4000;true;2023-12-29T11:11:27;2023-08-15T22:23:38;2053-08-15T22:23:38;null;false
5085;Аренда Белгород 🏡 🙏🕊️сдам сниму жильё недвижимость;https://t.me/arenda_sdam_belgorod;6000;1000;true;2023-12-29T11:11:27;2023-08-15T22:23:38;2053-08-15T22:23:38;null;false
5086;Лимон | Белгород 🙏🕊;https://t.me/bel_lemon;6000;1000;true;2023-12-29T11:11:27;2023-08-15T22:23:38;2053-08-15T22:23:38;null;false
5087;Ваш любимый Белгород;https://t.me/tvoybgdwithlove;5000;1000;true;2023-12-29T11:11:27;2023-08-15T22:23:38;2053-08-15T22:23:38;null;false
5088;Правительство Белгородской области;https://t.me/belregion_ru;5000;1000;true;2023-12-29T11:11:27;2023-08-15T22:23:38;2053-08-15T22:23:38;null;false
5089;🚀Приграничный Наблюдатель🇷🇺;https://t.me/ZOV_granicy;6000;1000;true;2023-12-29T11:11:27;2023-08-15T22:23:38;2053-08-15T22:23:38;null;false
5090;Владимир Жданов;https://t.me/vn_zhdanov;5000;2000;true;2023-12-29T11:11:27;2023-08-15T22:23:38;2053-08-15T22:23:38;null;false
5091;Товарная База Белгород;https://t.me/baza31;5000;1000;true;2023-12-29T11:11:27;2023-08-15T22:23:38;2053-08-15T22:23:38;null;false
5092;Белгород Сегодня. Медицина.;https://t.me/medicbg;5000;4000;true;2023-12-29T11:11:27;2023-08-15T22:23:38;2053-08-15T22:23:38;null;false
5093;Культурный регион | Белгород;https://t.me/medicbg;5000;4000;true;2023-12-29T11:11:27;2023-08-15T22:23:38;2053-08-15T22:23:38;null;false
5094;РСЧС Белгород;https://t.me/RCHSBelgorod;5000;3000;true;2023-12-29T11:11:27;2023-08-15T22:23:38;2053-08-15T22:23:38;null;false
5095;Белгород-медиа;https://t.me/belgorodmedia24;4000;1000;true;2023-12-29T11:11:27;2023-08-15T22:23:38;2053-08-15T22:23:38;null;false
5096;Полуянова | #ПолитикаэтоЛЮДИ;https://t.me/poluyanovan;4000;1000;true;2023-12-29T11:11:27;2023-08-15T22:23:38;2053-08-15T22:23:38;null;false
5097;Белгород Сегодня. Образование.;https://t.me/obrazbg;4000;1000;true;2023-12-29T11:11:27;2023-08-15T22:23:38;2053-08-15T22:23:38;null;false
5098;БелПресса | Новости Белгорода и Белгородской области;https://t.me/belpressa;4000;1000;true;2023-12-29T11:11:27;2023-08-15T22:23:38;2053-08-15T22:23:38;null;false
5099;НОВОСТИ Белгород;https://t.me/novosti1belgorod;4000;1000;true;2023-12-29T11:11:27;2023-08-15T22:23:38;2053-08-15T22:23:38;null;false
5100;БелТру • Новости Белгорода и области;https://t.me/beltrue;4000;1000;true;2023-12-29T11:11:27;2023-08-15T22:23:38;2053-08-15T22:23:38;null;false
5101;Аполитичность губит;https://t.me/apolitic_gubit;3000;1000;true;2023-12-29T11:11:27;2023-08-15T22:23:38;2053-08-15T22:23:38;null;false
5102;Белгород №1. Помощь;https://t.me/belgorod01help;3000;1000;true;2023-12-29T11:11:27;2023-08-15T22:23:38;2053-08-15T22:23:38;null;false
5103;🇷🇺Приграничный осведомитель 📢;https://t.me/pgr_informant;3000;1000;true;2023-12-29T11:11:27;2023-08-15T22:23:38;2053-08-15T22:23:38;null;false
5104;Андрей Иконников;https://t.me/andrey_ikonnikov31;3000;1000;true;2023-12-29T11:11:27;2023-08-15T22:23:38;2053-08-15T22:23:38;null;false
5105;ZOV Белгород;https://t.me/top_news_su;3000;1000;true;2023-12-29T11:11:27;2023-08-15T22:23:38;2053-08-15T22:23:38;null;false
5106;В Белгороде;https://t.me/vbelgorode_31;3000;1000;true;2023-12-29T11:11:27;2023-08-15T22:23:38;2053-08-15T22:23:38;null;false
5107;ПриГОРОД31 - Таврово, Дубовое, Разумное, Майский, Стрелецкое...;https://t.me/tavrovo_life;2000;1000;true;2023-12-29T11:11:27;2023-08-15T22:23:38;2053-08-15T22:23:38;null;false
5108;Работа в Белгороде;https://t.me/belgorodwork;2000;1000;true;2023-12-29T11:11:27;2023-08-15T22:23:38;2053-08-15T22:23:38;null;false
5109;Aeronaut 🇷🇺 (Вадим Радченко);https://t.me/aeronaut_bel;2000;1000;true;2023-12-29T11:11:27;2023-08-15T22:23:38;2053-08-15T22:23:38;null;false
5110;Белгород. Инсайды;https://t.me/belginsaid;1000;1000;true;2023-12-29T11:11:27;2023-08-15T22:23:38;2053-08-15T22:23:38;null;false
5111;ФК «Салют Белгород»;https://t.me/fcsalyut;1000;1000;true;2023-12-29T11:11:27;2023-08-15T22:23:38;2053-08-15T22:23:38;null;false
5112;Никита Румянцев;https://t.me/RuNikGGR;1000;1000;true;2023-12-29T11:11:27;2023-08-15T22:23:38;2053-08-15T22:23:38;null;false
5113;🇷🇺 BelgorodCamera;https://t.me/belgorodcamera;1000;1000;true;2023-12-29T11:11:27;2023-08-15T22:23:38;2053-08-15T22:23:38;null;false
5114;Приграничье;https://t.me/atypicalday;1000;1000;true;2023-12-29T11:11:27;2023-08-15T22:23:38;2053-08-15T22:23:38;null;false
5115;Записки отца Димитрия;https://t.me/karpenkodm;1000;1000;true;2023-12-29T11:11:27;2023-08-15T22:23:38;2053-08-15T22:23:38;null;false
5116;Маслов;https://t.me/maslov_as;1000;1000;true;2023-12-29T11:11:27;2023-08-15T22:23:38;2053-08-15T22:23:38;null;false
5117;Мысли Мото Мото;https://t.me/myslymotomoto;1000;1000;true;2023-12-29T11:11:27;2023-08-15T22:23:38;2053-08-15T22:23:38;null;false
5118;Информатор Белгород;https://t.me/informatorbelgorod;1000;1000;true;2023-12-29T11:11:27;2023-08-15T22:23:38;2053-08-15T22:23:38;null;false
5119;Border Notes Shebekino | Записки с границы Шебекино;https://t.me/informatorbelgorod;1000;1000;true;2023-12-29T11:11:27;2023-08-15T22:23:38;2053-08-15T22:23:38;null;false
5120;РСЧСки Белгород и область;https://t.me/informatorbelgorod;1000;1000;true;2023-12-29T11:11:27;2023-08-15T22:23:38;2053-08-15T22:23:38;null;false
5121;Белогорье info;https://t.me/belogor_info;1000;1000;true;2023-12-29T11:11:27;2023-08-15T22:23:38;2053-08-15T22:23:38;null;false
5122;Бизнес Белгородской области;https://t.me/belbiz31;1000;1000;true;2023-12-29T11:11:27;2023-08-15T22:23:38;2053-08-15T22:23:38;null;false
5123;БГ | Белгородская губерния;https://t.me/belguber;1000;1000;true;2023-12-29T11:11:27;2023-08-15T22:23:38;2053-08-15T22:23:38;null;false
5124;Региональные ТелеСистемы;https://t.me/belrts;1000;1000;true;2023-12-29T11:11:27;2023-08-15T22:23:38;2053-08-15T22:23:38;null;false
5125;Белгород — Оперативно;https://t.me/rbelgorod;1000;1000;true;2023-12-29T11:11:27;2023-08-15T22:23:38;2053-08-15T22:23:38;null;false
5126;Лагерь Навыка. Белгород;https://t.me/belgorod_skillcamp;1000;1000;true;2023-12-29T11:11:27;2023-08-15T22:23:38;2053-08-15T22:23:38;null;false
5127;Образование 31;https://t.me/belgorodskoeobrazovanie;1000;1000;true;2023-12-29T11:11:27;2023-08-15T22:23:38;2053-08-15T22:23:38;null;false
5128;Vladimir Titov;https://t.me/VldmrTitov;1000;1000;true;2023-12-29T11:11:27;2023-08-15T22:23:38;2053-08-15T22:23:38;null;false
5129;Региональный центр развития цифровой образовательной среды;https://t.me/regionITcentre;1000;1000;true;2023-12-29T11:11:27;2023-08-15T22:23:38;2053-08-15T22:23:38;null;false
5130;5 вёрст в парке Победы в Белгороде;https://t.me/belgorodparkpobedy;1000;1000;true;2023-12-29T11:11:27;2023-08-15T22:23:38;2053-08-15T22:23:38;null;false
5131;ООО "ЦЭБ" Белгородской области;https://t.me/ceb31;1000;1000;true;2023-12-29T11:11:27;2023-08-15T22:23:38;2053-08-15T22:23:38;null;false
5132;Белгородоблпроект;https://t.me/belobl;1000;1000;true;2023-12-29T11:11:27;2023-08-15T22:23:38;2053-08-15T22:23:38;null;false
5133;Адвокат Екатерина Клоповская (Белгород);https://t.me/klopovskaya;1000;1000;true;2023-12-29T11:11:27;2023-08-15T22:23:38;2053-08-15T22:23:38;null;false
5134;Белгородка;https://t.me/the_belgorodka;1000;1000;true;2023-12-29T11:11:27;2023-08-15T22:23:38;2053-08-15T22:23:38;null;false
5135;Гуманитарка Белгород | Гуманитарная помощь нуждающимся людям, сбор гуманитарной помощи, гумпомощь, пункт гуманитарной помощи СВО;https://t.me/Gumanitarka_Belgorod;1000;1000;true;2023-12-29T11:11:27;2023-08-15T22:23:38;2053-08-15T22:23:38;null;false
5136;Яндекс.Директ - блог Лаптева 🧲;https://t.me/laptev_kontekst;1000;1000;true;2023-12-29T11:11:27;2023-08-15T22:23:38;2053-08-15T22:23:38;null;false
5137;Мониторинг 31 Белгородская область;https://t.me/monitoring_31;1000;1000;true;2023-12-29T11:11:27;2023-08-15T22:23:38;2053-08-15T22:23:38;null;false
5138;ARTYFLOW арт-вечеринки Белгород;https://t.me/artyflow;1000;1000;true;2023-12-29T11:11:27;2023-08-15T22:23:38;2053-08-15T22:23:38;null;false
5139;Белгород на велосипеде;https://t.me/bel_bike;1000;1000;true;2023-12-29T11:11:27;2023-08-15T22:23:38;2053-08-15T22:23:38;null;false
5140;NeSpaepil🍑 электроэпиляция Белгород;https://t.me/NeSpa_Epil;1000;1000;true;2023-12-29T11:11:27;2023-08-15T22:23:38;2053-08-15T22:23:38;null;false
5141;Подслушано Брянск;https://t.me/pb_032;223000;77000;true;2023-12-29T11:11:27;2023-08-15T22:23:38;2053-08-15T22:23:38;null;false
5142;Типичный Брянск;https://t.me/tipicl32;120000;40000;true;2023-12-29T11:11:27;2023-08-15T22:23:38;2053-08-15T22:23:38;null;false
5143;Город Брянск;https://t.me/br_gorod;66000;17000;true;2023-12-29T11:11:27;2023-08-15T22:23:38;2053-08-15T22:23:38;null;false
5144;ЧП и ДТП Брянск 🔞;https://t.me/bryansk_off32;37000;12000;true;2023-12-29T11:11:27;2023-08-15T22:23:38;2053-08-15T22:23:38;null;false
5145;Жесть Брянск;https://t.me/zhestbryansk_32;20000;5000;true;2023-12-29T11:11:27;2023-08-15T22:23:38;2053-08-15T22:23:38;null;false
5146;Новости Брянска и Области;t.me/bryansk_smi;19000;4000;true;2023-12-29T11:11:27;2023-08-15T22:23:38;2053-08-15T22:23:38;null;false
5147;Брянск Онлайн;https://t.me/bryanskoonline;11000;2000;true;2023-12-29T11:11:27;2023-08-15T22:23:38;2053-08-15T22:23:38;null;false
5148;Женский Брянск;https://t.me/jb_032;9000;2000;true;2023-12-29T11:11:27;2023-08-15T22:23:38;2053-08-15T22:23:38;null;false
5149;Новости Брянска;https://t.me/newsbryanskru;7000;1000;true;2023-12-29T11:11:27;2023-08-15T22:23:38;2053-08-15T22:23:38;null;false
5150;Регион 32;https://t.me/region32live;7000;2000;true;2023-12-29T11:11:27;2023-08-15T22:23:38;2053-08-15T22:23:38;null;false
5151;Подслушано Клинцы (32 регион);https://t.me/podslyshano_klintsy;7000;1000;true;2023-12-29T11:11:27;2023-08-15T22:23:38;2053-08-15T22:23:38;null;false
5152;Брянский Ворчун;https://t.me/br_vorchun;5000;1000;true;2023-12-29T11:11:27;2023-08-15T22:23:38;2053-08-15T22:23:38;null;false
5153;Брянск и Бежица;https://t.me/bib_32;4000;2000;true;2023-12-29T11:11:27;2023-08-15T22:23:38;2053-08-15T22:23:38;null;false
5154;Типичный город Брянск;https://t.me/bryansk_typical;3000;1000;true;2023-12-29T11:11:27;2023-08-15T22:23:38;2053-08-15T22:23:38;null;false
5155;Клинцы.Инфо;https://t.me/klintsyinfo;3000;1000;true;2023-12-29T11:11:27;2023-08-15T22:23:38;2053-08-15T22:23:38;null;false
5156;Подсмотрено | Брянск;https://t.me/smotri_bryansk;3000;1000;true;2023-12-29T11:11:27;2023-08-15T22:23:38;2053-08-15T22:23:38;null;false
5157;СТАЛЬНАЯ ЛИНИЯ 🚪БРЯНСК;https://t.me/ne_pereplati;2000;1000;true;2023-12-29T11:11:27;2023-08-15T22:23:38;2053-08-15T22:23:38;null;false
5158;Брянская область. Оперативно;https://t.me/koronavirus32;2000;1000;true;2023-12-29T11:11:27;2023-08-15T22:23:38;2053-08-15T22:23:38;null;false
5159;Жесть Брянск;https://t.me/zhest_bryansk;2000;1000;true;2023-12-29T11:11:27;2023-08-15T22:23:38;2053-08-15T22:23:38;null;false
5160;Подслушано в Жуковке | Брянск | Жуковка;https://t.me/zhukowka;1000;1000;true;2023-12-29T11:11:27;2023-08-15T22:23:38;2053-08-15T22:23:38;null;false
5161;ФК Динамо-Брянск;https://t.me/fc_dinamobr;1000;1000;true;2023-12-29T11:11:27;2023-08-15T22:23:38;2053-08-15T22:23:38;null;false
5162;Брянские новости ⚡️ Bnews32;https://t.me/BNews32;1000;1000;true;2023-12-29T11:11:27;2023-08-15T22:23:38;2053-08-15T22:23:38;null;false
5163;РИА Стрела;https://t.me/riastrela;1000;1000;true;2023-12-29T11:11:27;2023-08-15T22:23:38;2053-08-15T22:23:38;null;false
5164;Брянская улица;https://t.me/bryanskucom;1000;1000;true;2023-12-29T11:11:27;2023-08-15T22:23:38;2053-08-15T22:23:38;null;false
5165;Типичный Подслушано Брянск агрегатор новостей;https://t.me/tb0320;1000;1000;true;2023-12-29T11:11:27;2023-08-15T22:23:38;2053-08-15T22:23:38;null;false
5166;Небогомаз;https://t.me/nebogomaz;1000;1000;true;2023-12-29T11:11:27;2023-08-15T22:23:38;2053-08-15T22:23:38;null;false
5167;Машинокомплекты Ноускаты Запчасти бу контракт Разбор Англия Европа ОПТ ФРАНШИЗА ypmgroup.ru;https://t.me/ypm32;1000;1000;true;2023-12-29T11:11:27;2023-08-15T22:23:38;2053-08-15T22:23:38;null;false
5168;Брянский театр драмы;https://t.me/brtd_su;1000;1000;true;2023-12-29T11:11:27;2023-08-15T22:23:38;2053-08-15T22:23:38;null;false
5169;НЕ ПРОСТО ЮРИСТ;https://t.me/uristdorohov;1000;1000;true;2023-12-29T11:11:27;2023-08-15T22:23:38;2053-08-15T22:23:38;null;false
5170;Брянск Новости;https://t.me/bryanskif;1000;1000;true;2023-12-29T11:11:27;2023-08-15T22:23:38;2053-08-15T22:23:38;null;false
5171;АКМ Брянск;https://t.me/AKM_32;1000;1000;true;2023-12-29T11:11:27;2023-08-15T22:23:38;2053-08-15T22:23:38;null;false
5172;ФК "Динамо" Брянск | Неофициальный канал ⚽️;https://t.me/fcdb32;1000;1000;true;2023-12-29T11:11:27;2023-08-15T22:23:38;2053-08-15T22:23:38;null;false
5173;Брянский объектив;https://t.me/Bryansk_Lens;1000;1000;true;2023-12-29T11:11:27;2023-08-15T22:23:38;2053-08-15T22:23:38;null;false
5174;Брянск Life;https://t.me/bryansk_life;1000;1000;true;2023-12-29T11:11:27;2023-08-15T22:23:38;2053-08-15T22:23:38;null;false
5175;Подслушано во Владимире;https://t.me/overhearvladimir;19000;4000;true;2023-12-29T11:11:27;2023-08-15T22:23:38;2053-08-15T22:23:38;null;false
5176;AlexAutoLive | Александров;https://t.me/alexautolive;13000;6000;true;2023-12-29T11:11:27;2023-08-15T22:23:38;2053-08-15T22:23:38;null;false
5177;Авдеев. О важном;https://t.me/avdeev_o_vazhnom;11000;6000;true;2023-12-29T11:11:27;2023-08-15T22:23:38;2053-08-15T22:23:38;null;false
5178;ВЛАДИМИР.LIVE;https://t.me/vladilive;11000;2000;true;2023-12-29T11:11:27;2023-08-15T22:23:38;2053-08-15T22:23:38;null;false
5179;Зебра ТВ;https://t.me/zebratv;11000;2000;true;2023-12-29T11:11:27;2023-08-15T22:23:38;2053-08-15T22:23:38;null;false
5180;Владимирские Автомобилисты;https://t.me/weauto33;8000;1000;true;2023-12-29T11:11:27;2023-08-15T22:23:38;2053-08-15T22:23:38;null;false
5181;ТИПИЧНЫЕ НОВОСТИ | Владимирская область;https://t.me/tn33ru;5000;1000;true;2023-12-29T11:11:27;2023-08-15T22:23:38;2053-08-15T22:23:38;null;false
5182;Твой информационный МОСТ - Ковров;https://t.me/mostkovrov;5000;1000;true;2023-12-29T11:11:27;2023-08-15T22:23:38;2053-08-15T22:23:38;null;false
5183;Владимирские новости;https://t.me/newsvladimirru;5000;1000;true;2023-12-29T11:11:27;2023-08-15T22:23:38;2053-08-15T22:23:38;null;false
5184;Поехали в центр, там разберемся;https://t.me/poehali_v_centr;5000;1000;true;2023-12-29T11:11:27;2023-08-15T22:23:38;2053-08-15T22:23:38;null;false
5185;Губерния 33;https://t.me/guberniya33;4000;1000;true;2023-12-29T11:11:27;2023-08-15T22:23:38;2053-08-15T22:23:38;null;false
5186;Объясняем.Владимирская область;https://t.me/o33_rf;4000;1000;true;2023-12-29T11:11:27;2023-08-15T22:23:38;2053-08-15T22:23:38;null;false
5187;Афиша Владимира;https://t.me/afishavladimir;4000;1000;true;2023-12-29T11:11:27;2023-08-15T22:23:38;2053-08-15T22:23:38;null;false
5188;События. Владимирская область;https://t.me/Sobytiya_Vladimirskaya_oblast;4000;1000;true;2023-12-29T11:11:27;2023-08-15T22:23:38;2053-08-15T22:23:38;null;false
5189;ВлГУ | VlSU;https://t.me/vlsu_info;3000;1000;true;2023-12-29T11:11:27;2023-08-15T22:23:38;2053-08-15T22:23:38;null;false
5190;Довод;https://t.me/dovod3;3000;1000;true;2023-12-29T11:11:27;2023-08-15T22:23:38;2053-08-15T22:23:38;null;false
5191;ГТРК Владимир;https://t.me/gtrk_vladimir;3000;1000;true;2023-12-29T11:11:27;2023-08-15T22:23:38;2053-08-15T22:23:38;null;false
5192;Местные жители;https://t.me/mestnye_33region;3000;1000;true;2023-12-29T11:11:27;2023-08-15T22:23:38;2053-08-15T22:23:38;null;false
5193;Дмитрий Наумов. Официально;https://t.me/Dmitriy_Naumov33;2000;1000;true;2023-12-29T11:11:27;2023-08-15T22:23:38;2053-08-15T22:23:38;null;false
5194;Типичный Владимир;https://t.me/tipichnyi_vladimir;2000;1000;true;2023-12-29T11:11:27;2023-08-15T22:23:38;2053-08-15T22:23:38;null;false
5195;День во Владимире;https://t.me/vladday33;2000;1000;true;2023-12-29T11:11:27;2023-08-15T22:23:38;2053-08-15T22:23:38;null;false
5196;Владимир Владимирович;https://t.me/valdemarus;2000;1000;true;2023-12-29T11:11:27;2023-08-15T22:23:38;2053-08-15T22:23:38;null;false
5197;ВСМЗ | Владимиро-Суздальский музей-заповедник;https://t.me/vladmuseum33;2000;1000;true;2023-12-29T11:11:27;2023-08-15T22:23:38;2053-08-15T22:23:38;null;false
5198;По Пекинке до Рябинки;https://t.me/do_ryabinki;2000;1000;true;2023-12-29T11:11:27;2023-08-15T22:23:38;2053-08-15T22:23:38;null;false
5199;Владимирские ведомости;https://t.me/vladvedom;1000;1000;true;2023-12-29T11:11:27;2023-08-15T22:23:38;2053-08-15T22:23:38;null;false
5200;Томикс;https://t.me/tomiks33;1000;1000;true;2023-12-29T11:11:27;2023-08-15T22:23:38;2053-08-15T22:23:38;null;false
5201;Подслушано Владимир [ПВ];https://t.me/vladimir_pv33;1000;1000;true;2023-12-29T11:11:27;2023-08-15T22:23:38;2053-08-15T22:23:38;null;false
5202;Умный Владимир;https://t.me/Vladimir_research;1000;1000;true;2023-12-29T11:11:27;2023-08-15T22:23:38;2053-08-15T22:23:38;null;false
5203;ДПСО "ЛизаАлерт" Владимирская область;https://t.me/lizaalert_vo;1000;1000;true;2023-12-29T11:11:27;2023-08-15T22:23:38;2053-08-15T22:23:38;null;false
5204;Министерство культуры Владимирской области;https://t.me/c_160021090_1;1000;1000;true;2023-12-29T11:11:27;2023-08-15T22:23:38;2053-08-15T22:23:38;null;false
5205;Владимир будущего;https://t.me/futurevlad;1000;1000;true;2023-12-29T11:11:27;2023-08-15T22:23:38;2053-08-15T22:23:38;null;false
5206;Депутат Цыганский ZsVo.ru;https://t.me/deputatzsvo;1000;1000;true;2023-12-29T11:11:27;2023-08-15T22:23:38;2053-08-15T22:23:38;null;false
5207;Подслушано Ковров [ПК];https://t.me/kovrov_pk33;1000;1000;true;2023-12-29T11:11:27;2023-08-15T22:23:38;2053-08-15T22:23:38;null;false
5208;Владимирская Панорама;https://t.me/PanoramaVladimir;1000;1000;true;2023-12-29T11:11:27;2023-08-15T22:23:38;2053-08-15T22:23:38;null;false
5209;Аналитег;https://t.me/analiteg33;1000;1000;true;2023-12-29T11:11:27;2023-08-15T22:23:38;2053-08-15T22:23:38;null;false
5210;Кутузов Павел;https://t.me/KutuzovPavel;1000;1000;true;2023-12-29T11:11:27;2023-08-15T22:23:38;2053-08-15T22:23:38;null;false
5211;ЦУР Владимирской области;https://t.me/tsur33;1000;1000;true;2023-12-29T11:11:27;2023-08-15T22:23:38;2053-08-15T22:23:38;null;false
5212;Новости Владимир;https://t.me/vgorode33;1000;1000;true;2023-12-29T11:11:27;2023-08-15T22:23:38;2053-08-15T22:23:38;null;false
5213;Zаконник;https://t.me/zakon33;1000;1000;true;2023-12-29T11:11:27;2023-08-15T22:23:38;2053-08-15T22:23:38;null;false
5214;Город Владимир;https://t.me/vladimir_gorod_33;1000;1000;true;2023-12-29T11:11:27;2023-08-15T22:23:38;2053-08-15T22:23:38;null;false
5215;Единая Россия. Владимирская область;https://t.me/er_vladimir;1000;1000;true;2023-12-29T11:11:27;2023-08-15T22:23:38;2053-08-15T22:23:38;null;false
5216;Счастье V детях!👨‍👩‍👧‍👦;https://t.me/detivladregion;1000;1000;true;2023-12-29T11:11:27;2023-08-15T22:23:38;2053-08-15T22:23:38;null;false
5217;Ёстика‍👧‍👦;https://t.me/stat_vladimir;1000;1000;true;2023-12-29T11:11:27;2023-08-15T22:23:38;2053-08-15T22:23:38;null;false
5218;Алло, это прачечная?;https://t.me/kulek33;1000;1000;true;2023-12-29T11:11:27;2023-08-15T22:23:38;2053-08-15T22:23:38;null;false
5219;Александр Vолков | На связи!;https://t.me/avolkov_vdobrom;1000;1000;true;2023-12-29T11:11:27;2023-08-15T22:23:38;2053-08-15T22:23:38;null;false
5220;ВЛАДИМИР РУЛИТ I Владимирская область;https://t.me/vladimirauto33;1000;1000;true;2023-12-29T11:11:27;2023-08-15T22:23:38;2053-08-15T22:23:38;null;false
5221;ИНТАЧ. Клуб иностранных языков;https://t.me/intouchclub33;1000;1000;true;2023-12-29T11:11:27;2023-08-15T22:23:38;2053-08-15T22:23:38;null;false
5222;Мониторинг 33 Владимирская область;https://t.me/monitoring_33;1000;1000;true;2023-12-29T11:11:27;2023-08-15T22:23:38;2053-08-15T22:23:38;null;false
5223;Время33;https://t.me/time_33;1000;1000;true;2023-12-29T11:11:27;2023-08-15T22:23:38;2053-08-15T22:23:38;null;false
5224;V1.RU | Новости Волгограда;https://t.me/newsv1;75000;23000;true;2023-12-29T11:11:27;2023-08-15T22:23:38;2053-08-15T22:23:38;null;false
5225;Жесть Волгограда;https://t.me/ghestvolgograd;63000;16000;true;2023-12-29T11:11:27;2023-08-15T22:23:38;2053-08-15T22:23:38;null;false
5226;Блокнот Волгоград;https://t.me/bloknot_vlg;57000;15000;true;2023-12-29T11:11:27;2023-08-15T22:23:38;2053-08-15T22:23:38;null;false
5227;Жесть Волжский;https://t.me/vlzjest;55000;18000;true;2023-12-29T11:11:27;2023-08-15T22:23:38;2053-08-15T22:23:38;null;false
5228;Волгоград;https://t.me/vlgchp;55000;14000;true;2023-12-29T11:11:27;2023-08-15T22:23:38;2053-08-15T22:23:38;null;false
5229;Короче, Волгоград;https://t.me/vlgkoroche;49000;13000;true;2023-12-29T11:11:27;2023-08-15T22:23:38;2053-08-15T22:23:38;null;false
5230;Сталингумрак;https://t.me/volgograd_tg;37000;10000;true;2023-12-29T11:11:27;2023-08-15T22:23:38;2053-08-15T22:23:38;null;false
5231;Волгоград Поймет;https://t.me/vlgpoimet;34000;6000;true;2023-12-29T11:11:27;2023-08-15T22:23:38;2053-08-15T22:23:38;null;false
5232;Новости Волгограда и Области;https://t.me/volgograd_smi;31000;6000;true;2023-12-29T11:11:27;2023-08-15T22:23:38;2053-08-15T22:23:38;null;false
5233;Волгоград №1;https://t.me/volgo01;21000;6000;true;2023-12-29T11:11:27;2023-08-15T22:23:38;2053-08-15T22:23:38;null;false
5234;Новости Волгограда;https://t.me/NovostiVLG;20000;6000;true;2023-12-29T11:11:27;2023-08-15T22:23:38;2053-08-15T22:23:38;null;false
5235;Андрей Гимбатов;https://t.me/gimbatov34;14000;4000;true;2023-12-29T11:11:27;2023-08-15T22:23:38;2053-08-15T22:23:38;null;false
5236;Высота V102.RU;https://t.me/infoV102ru;12000;5000;true;2023-12-29T11:11:27;2023-08-15T22:23:38;2053-08-15T22:23:38;null;false
5237;Блокнот Волжский;https://t.me/bloknot_volzhsky;12000;2000;true;2023-12-29T11:11:27;2023-08-15T22:23:38;2053-08-15T22:23:38;null;false
5238;Подслушано Волгоград;https://t.me/podslushano_volgograd_34;12000;10000;true;2023-12-29T11:11:27;2023-08-15T22:23:38;2053-08-15T22:23:38;null;false
5239;Афиша Волгоград | Скидки;https://t.me/kuda_volgograd;12000;4000;true;2023-12-29T11:11:27;2023-08-15T22:23:38;2053-08-15T22:23:38;null;false
5240;Остров Свободы;https://t.me/freedomisland34;11000;3000;true;2023-12-29T11:11:27;2023-08-15T22:23:38;2053-08-15T22:23:38;null;false
5241;Объясняем.Волгоградская область;https://t.me/o34rf;10000;2000;true;2023-12-29T11:11:27;2023-08-15T22:23:38;2053-08-15T22:23:38;null;false
5242;ЧП Волгоград🔞;https://t.me/chp_volgograd;10000;3000;true;2023-12-29T11:11:27;2023-08-15T22:23:38;2053-08-15T22:23:38;null;false
5243;POYMA;https://t.me/poymamagazine;7000;2000;true;2023-12-29T11:11:27;2023-08-15T22:23:38;2053-08-15T22:23:38;null;false
5244;Волоцков Алексей;https://t.me/volotskov;6000;2000;true;2023-12-29T11:11:27;2023-08-15T22:23:38;2053-08-15T22:23:38;null;false
5245;Region_34;https://t.me/rgn_34;6000;1000;true;2023-12-29T11:11:27;2023-08-15T22:23:38;2053-08-15T22:23:38;null;false
5246;Барахолка Волгоград | Купи-продай;https://t.me/baraholka_volgogradskaya;6000;1000;true;2023-12-29T11:11:27;2023-08-15T22:23:38;2053-08-15T22:23:38;null;false
5247;ВолгГМУ;https://t.me/volggmu_vuz;6000;1000;true;2023-12-29T11:11:27;2023-08-15T22:23:38;2053-08-15T22:23:38;null;false
5248;ВолГУ / Волгоградский государственный университет;https://t.me/volsu_official;6000;1000;true;2023-12-29T11:11:27;2023-08-15T22:23:38;2053-08-15T22:23:38;null;false
5249;Александр Сайгин;https://t.me/saygin_opinion;5000;1000;true;2023-12-29T11:11:27;2023-08-15T22:23:38;2053-08-15T22:23:38;null;false
5250;Настоящий Волгоград;https://t.me/real_vlg;3000;1000;true;2023-12-29T11:11:27;2023-08-15T22:23:38;2053-08-15T22:23:38;null;false
5251;Волжский.ру;https://t.me/VolzskyRu;4000;1000;true;2023-12-29T11:11:27;2023-08-15T22:23:38;2053-08-15T22:23:38;null;false
5252;Волгоградская грядушка;https://t.me/volgograd_3_4;3000;2000;true;2023-12-29T11:11:27;2023-08-15T22:23:38;2053-08-15T22:23:38;null;false
5253;XY Волгоградъ 🇷🇺;https://t.me/vlg_sos1;3000;1000;true;2023-12-29T11:11:27;2023-08-15T22:23:38;2053-08-15T22:23:38;null;false
5254;А. Прошаков. Прием стеклотары;https://t.me/empty_clear_bottles;3000;1000;true;2023-12-29T11:11:27;2023-08-15T22:23:38;2053-08-15T22:23:38;null;false
5255;Новости | Волгоград 24;https://t.me/volgograd_24;3000;1000;true;2023-12-29T11:11:27;2023-08-15T22:23:38;2053-08-15T22:23:38;null;false
5256;Ещё не вечер...;https://t.me/ne_vecher;3000;1000;true;2023-12-29T11:11:27;2023-08-15T22:23:38;2053-08-15T22:23:38;null;false
5257;Волгоградская областная Дума;https://t.me/volgoduma;3000;1000;true;2023-12-29T11:11:27;2023-08-15T22:23:38;2053-08-15T22:23:38;null;false
5258;Аллея Героев;https://t.me/heroes34;3000;1000;true;2023-12-29T11:11:27;2023-08-15T22:23:38;2053-08-15T22:23:38;null;false
5259;Тот самый МОРОЗОВ;https://t.me/morozov_live;3000;1000;true;2023-12-29T11:11:27;2023-08-15T22:23:38;2053-08-15T22:23:38;null;false
5260;Кстати, Волгоград;https://t.me/volgogradkstati;3000;1000;true;2023-12-29T11:11:27;2023-08-15T22:23:38;2053-08-15T22:23:38;null;false
5261;Соцзащита Волгоградская область;https://t.me/socialprotection34;3000;1000;true;2023-12-29T11:11:27;2023-08-15T22:23:38;2053-08-15T22:23:38;null;false
5262;Полиграф 34;https://t.me/polygraf34;2000;1000;true;2023-12-29T11:11:27;2023-08-15T22:23:38;2053-08-15T22:23:38;null;false
5263;ЭкоЦентр | Волгоградская область;https://t.me/ecocentervlg;2000;1000;true;2023-12-29T11:11:27;2023-08-15T22:23:38;2053-08-15T22:23:38;null;false
5264;Единая Россия. Волгоград;https://t.me/ervlg;2000;1000;true;2023-12-29T11:11:27;2023-08-15T22:23:38;2053-08-15T22:23:38;null;false
5265;Z Михайловка34 Z;https://t.me/mihailovka34;2000;1000;true;2023-12-29T11:11:27;2023-08-15T22:23:38;2053-08-15T22:23:38;null;false
5266;25 БОЛЬНИЦА ВОЛГОГРАД 🏥;https://t.me/kbsmp25;2000;1000;true;2023-12-29T11:11:27;2023-08-15T22:23:38;2053-08-15T22:23:38;null;false
5267;ФК "Ротор" Волгоград;https://t.me/fcrotor;2000;1000;true;2023-12-29T11:11:27;2023-08-15T22:23:38;2053-08-15T22:23:38;null;false
5268;Волгоградская Провинциальная Политика ВПП;https://t.me/vpp34;2000;1000;true;2023-12-29T11:11:27;2023-08-15T22:23:38;2053-08-15T22:23:38;null;false
5269;Магазин кальянов, электронок, чая | Облако ☁️;https://t.me/oblako_shop;2000;1000;true;2023-12-29T11:11:27;2023-08-15T22:23:38;2053-08-15T22:23:38;null;false
5270;Колхозный сторож;https://t.me/kolhoznystoroj;2000;1000;true;2023-12-29T11:11:27;2023-08-15T22:23:38;2053-08-15T22:23:38;null;false
5271;"Гаситель";https://t.me/gasitel;1000;1000;true;2023-12-29T11:11:27;2023-08-15T22:23:38;2053-08-15T22:23:38;null;false
5272;ЦУР Волгоградской области;https://t.me/tsurvlg;1000;1000;true;2023-12-29T11:11:27;2023-08-15T22:23:38;2053-08-15T22:23:38;null;false
5273;Федерально значимый регион;https://t.me/notdead34;1000;1000;true;2023-12-29T11:11:27;2023-08-15T22:23:38;2053-08-15T22:23:38;null;false
5274;Михайловские посиделки;https://t.me/mihasuper;1000;1000;true;2023-12-29T11:11:27;2023-08-15T22:23:38;2053-08-15T22:23:38;null;false
5275;Оперштаб Волгоградской области;https://t.me/covidvlg;1000;1000;true;2023-12-29T11:11:27;2023-08-15T22:23:38;2053-08-15T22:23:38;null;false
5276;Новый экспериментальный театр;https://t.me/netvolgograd;1000;1000;true;2023-12-29T11:11:27;2023-08-15T22:23:38;2053-08-15T22:23:38;null;false
5277;Объединенная пресс-служба судов Волгоградской области;https://t.me/vlgsud;1000;1000;true;2023-12-29T11:11:27;2023-08-15T22:23:38;2053-08-15T22:23:38;null;false
5278;Волгоградские слухи 🇷🇺 Z;https://t.me/volgosluh;1000;1000;true;2023-12-29T11:11:27;2023-08-15T22:23:38;2053-08-15T22:23:38;null;false
5279;5 копеек;https://t.me/kopeek5;1000;1000;true;2023-12-29T11:11:27;2023-08-15T22:23:38;2053-08-15T22:23:38;null;false
5280;КП Волгоград;https://t.me/kp_volgograd;1000;1000;true;2023-12-29T11:11:27;2023-08-15T22:23:38;2053-08-15T22:23:38;null;false
5281;Многодетный Волгоград;https://t.me/mnogodet_volgograd;1000;1000;true;2023-12-29T11:11:27;2023-08-15T22:23:38;2053-08-15T22:23:38;null;false
5282;Сидельников. Южные рубежи;https://t.me/southvlg;1000;1000;true;2023-12-29T11:11:27;2023-08-15T22:23:38;2053-08-15T22:23:38;null;false
5283;Красный депутат;https://t.me/reddep;1000;1000;true;2023-12-29T11:11:27;2023-08-15T22:23:38;2053-08-15T22:23:38;null;false
5284;Новости⚡️Grand Avenue;https://t.me/grand_avenue34;1000;1000;true;2023-12-29T11:11:27;2023-08-15T22:23:38;2053-08-15T22:23:38;null;false
5285;Мастерская эмоций Мандарин;https://t.me/mandarin_vlg;1000;1000;true;2023-12-29T11:11:27;2023-08-15T22:23:38;2053-08-15T22:23:38;null;false
5286;Мой бизнес | Волгоградская область;https://t.me/mspvolga;1000;1000;true;2023-12-29T11:11:27;2023-08-15T22:23:38;2053-08-15T22:23:38;null;false
5287;Волгоградская Епархия Русской Православной Церкви;https://t.me/volgeparhia;1000;1000;true;2023-12-29T11:11:27;2023-08-15T22:23:38;2053-08-15T22:23:38;null;false
5288;Митрополит Феодор (Казанов);https://t.me/mitropolit_feodor;1000;1000;true;2023-12-29T11:11:27;2023-08-15T22:23:38;2053-08-15T22:23:38;null;false
5289;Волжская правда (official);https://t.me/vlzpravda;1000;1000;true;2023-12-29T11:11:27;2023-08-15T22:23:38;2053-08-15T22:23:38;null;false
5290;OBLVESTI.RU новости Волгоград;https://t.me/oblvesti_ru;1000;1000;true;2023-12-29T11:11:27;2023-08-15T22:23:38;2053-08-15T22:23:38;null;false
5291;РИАЦ;https://t.me/riac_34;1000;1000;true;2023-12-29T11:11:27;2023-08-15T22:23:38;2053-08-15T22:23:38;null;false
5292;Фото Волгограда / volfoto.ru;https://t.me/volfoto;1000;1000;true;2023-12-29T11:11:27;2023-08-15T22:23:38;2053-08-15T22:23:38;null;false
5293;Волгоградская Горьковка;https://t.me/vlggorkovka;1000;1000;true;2023-12-29T11:11:27;2023-08-15T22:23:38;2053-08-15T22:23:38;null;false
5294;ВОЛГОГРАД 1;https://t.me/volgograd1tv;1000;1000;true;2023-12-29T11:11:27;2023-08-15T22:23:38;2053-08-15T22:23:38;null;false
5295;trane.tattoo;https://t.me/traneblk;1000;1000;true;2023-12-29T11:11:27;2023-08-15T22:23:38;2053-08-15T22:23:38;null;false
5296;Академия Интегративной Кундалини йоги IKYA;https://t.me/yogaIKYA;1000;1000;true;2023-12-29T11:11:27;2023-08-15T22:23:38;2053-08-15T22:23:38;null;false
5297;Мне не все равно. Волжский;https://t.me/mnenevseravno_vlz;1000;1000;true;2023-12-29T11:11:27;2023-08-15T22:23:38;2053-08-15T22:23:38;null;false
5298;ССК ВолгГМУ «Импульс»⚡️;https://t.me/ssc_volgmed_impulse;1000;1000;true;2023-12-29T11:11:27;2023-08-15T22:23:38;2053-08-15T22:23:38;null;false
5299;Радио КП Волгоград;https://t.me/kpvlg;1000;1000;true;2023-12-29T11:11:27;2023-08-15T22:23:38;2053-08-15T22:23:38;null;false
5300;ЯRослав Малых;https://t.me/yaroslavmalykh;1000;1000;true;2023-12-29T11:11:27;2023-08-15T22:23:38;2053-08-15T22:23:38;null;false
5301;Актуальный Волгоград;https://t.me/actualvolga;1000;1000;true;2023-12-29T11:11:27;2023-08-15T22:23:38;2053-08-15T22:23:38;null;false
5302;Живой Волгоград;https://t.me/l34_news;1000;1000;true;2023-12-29T11:11:27;2023-08-15T22:23:38;2053-08-15T22:23:38;null;false
5303;Студия фитнеса и пилатеса FIT'N'FLY;https://t.me/fitnfly;1000;1000;true;2023-12-29T11:11:27;2023-08-15T22:23:38;2053-08-15T22:23:38;null;false
5304;ЛДПР Волгоград;https://t.me/ldpr34;1000;1000;true;2023-12-29T11:11:27;2023-08-15T22:23:38;2053-08-15T22:23:38;null;false
5305;Баптисты Нижней Волги;https://t.me/baptistvolga;1000;1000;true;2023-12-29T11:11:27;2023-08-15T22:23:38;2053-08-15T22:23:38;null;false
5306;АвтоЛасточка🏁 Волгоград Автоклуб;https://t.me/avtolastachka;1000;1000;true;2023-12-29T11:11:27;2023-08-15T22:23:38;2053-08-15T22:23:38;null;false
5307;Волгоградконцерт;https://t.me/volgograd_concert;1000;1000;true;2023-12-29T11:11:27;2023-08-15T22:23:38;2053-08-15T22:23:38;null;false
5308;Царицынский гид Live;https://t.me/tsaritsyngid;1000;1000;true;2023-12-29T11:11:27;2023-08-15T22:23:38;2053-08-15T22:23:38;null;false
5309;100% Волгоград;https://t.me/vlg100;1000;1000;true;2023-12-29T11:11:27;2023-08-15T22:23:38;2053-08-15T22:23:38;null;false
5310;СЖР ВО;https://t.me/sjr34;1000;1000;true;2023-12-29T11:11:27;2023-08-15T22:23:38;2053-08-15T22:23:38;null;false
5311;OBOI_LOYMINA_VLG;https://t.me/oboi_loymina_vlg;1000;1000;true;2023-12-29T11:11:27;2023-08-15T22:23:38;2053-08-15T22:23:38;null;false
5312;RUN VETERAN TEAM бег Волгоград;https://t.me/run_veteran_team;1000;1000;true;2023-12-29T11:11:27;2023-08-15T22:23:38;2053-08-15T22:23:38;null;false
5313;Блондинка в бизнесе;https://t.me/bizblond;1000;1000;true;2023-12-29T11:11:27;2023-08-15T22:23:38;2053-08-15T22:23:38;null;false
5314;Noracraftbeerpub;https://t.me/noracraftbeerpub;1000;1000;true;2023-12-29T11:11:27;2023-08-15T22:23:38;2053-08-15T22:23:38;null;false
5315;Тележка из Парк Хауса;https://t.me/park_telegka;1000;1000;true;2023-12-29T11:11:27;2023-08-15T22:23:38;2053-08-15T22:23:38;null;false
5316;Набиеvщина;https://t.me/Nabievchina;1000;1000;true;2023-12-29T11:11:27;2023-08-15T22:23:38;2053-08-15T22:23:38;null;false
5317;НОД Волгоград;https://t.me/nod34;1000;1000;true;2023-12-29T11:11:27;2023-08-15T22:23:38;2053-08-15T22:23:38;null;false
5318;Миссионерский отдел Волгоградской епархии;https://t.me/miss_otdel_volgogradskoj_eparhii;1000;1000;true;2023-12-29T11:11:27;2023-08-15T22:23:38;2053-08-15T22:23:38;null;false
5319;Сталинградский ОБКОМ КПРФ;https://t.me/stalcom;1000;1000;true;2023-12-29T11:11:27;2023-08-15T22:23:38;2053-08-15T22:23:38;null;false
5320;Работа в Волгограде;https://t.me/volgworknews;1000;1000;true;2023-12-29T11:11:27;2023-08-15T22:23:38;2053-08-15T22:23:38;null;false
5321;SAIWALA VLG;https://t.me/saiwalavlg;1000;1000;true;2023-12-29T11:11:27;2023-08-15T22:23:38;2053-08-15T22:23:38;null;false
5322;Мониторинг 34 Волгоградская область;https://t.me/monitoring_34;1000;1000;true;2023-12-29T11:11:27;2023-08-15T22:23:38;2053-08-15T22:23:38;null;false
5323;Нижневолжское обозрение;https://t.me/lower_volga_observer;1000;1000;true;2023-12-29T11:11:27;2023-08-15T22:23:38;2053-08-15T22:23:38;null;false
5324;Филимонов LIVE;https://t.me/filimonov_official;54000;11000;true;2023-12-29T11:11:27;2023-08-15T22:23:38;2053-08-15T22:23:38;null;false
5325;Новости Вологды и Области;https://t.me/vologda_smi;19000;3000;true;2023-12-29T11:11:27;2023-08-15T22:23:38;2053-08-15T22:23:38;null;false
5326;Короче, Вологда;https://t.me/vologdakoroche;11000;3000;true;2023-12-29T11:11:27;2023-08-15T22:23:38;2053-08-15T22:23:38;null;false
5327;35MEDIA | Новости Вологодской области;https://t.me/onlinemedia35;9000;2000;true;2023-12-29T11:11:27;2023-08-15T22:23:38;2053-08-15T22:23:38;null;false
5328;Сергей Воропанов;https://t.me/telegamera;9000;7000;true;2023-12-29T11:11:27;2023-08-15T22:23:38;2053-08-15T22:23:38;null;false
5329;Череповец;https://t.me/cityCherepovets;5000;1000;true;2023-12-29T11:11:27;2023-08-15T22:23:38;2053-08-15T22:23:38;null;false
5330;Вологодской канвой;https://t.me/cityCherepovets;5000;1000;true;2023-12-29T11:11:27;2023-08-15T22:23:38;2053-08-15T22:23:38;null;false
5331;ГОРОД 🅻🅸🆅🅴 ③⑤;https://t.me/gorod_live;5000;1000;true;2023-12-29T11:11:27;2023-08-15T22:23:38;2053-08-15T22:23:38;null;false
5332;ИА "Вологда Регион";https://t.me/smi35;5000;1000;true;2023-12-29T11:11:27;2023-08-15T22:23:38;2053-08-15T22:23:38;null;false
5333;Вологодское маслице;https://t.me/northvol;3000;1000;true;2023-12-29T11:11:27;2023-08-15T22:23:38;2053-08-15T22:23:38;null;false
5334;Кофе и приключения | Вологодская область;https://t.me/travlcup35;3000;1000;true;2023-12-29T11:11:27;2023-08-15T22:23:38;2053-08-15T22:23:38;null;false
5335;Вологда рф;https://t.me/newsvologdarf;3000;1000;true;2023-12-29T11:11:27;2023-08-15T22:23:38;2053-08-15T22:23:38;null;false
5336;ДЕРЕВЯНСТВО;https://t.me/derevyanstvo;2000;1000;true;2023-12-29T11:11:27;2023-08-15T22:23:38;2053-08-15T22:23:38;null;false
5337;Оперативный канал ПСО "Ты не один";https://t.me/pso_tyneodin;2000;1000;true;2023-12-29T11:11:27;2023-08-15T22:23:38;2053-08-15T22:23:38;null;false
5338;Кот в автобусе;https://t.me/justnewsinvol;2000;1000;true;2023-12-29T11:11:27;2023-08-15T22:23:38;2053-08-15T22:23:38;null;false
5339;Палисад media;https://t.me/PalisadMedia;2000;1000;true;2023-12-29T11:11:27;2023-08-15T22:23:38;2053-08-15T22:23:38;null;false
5340;Вологодский госуниверситет ВоГУ | Приятель Лев;https://t.me/vologda_university;1000;1000;true;2023-12-29T11:11:27;2023-08-15T22:23:38;2053-08-15T22:23:38;null;false
5341;Объединённая пресс-служба судов Вологодской области;https://t.me/sudpress35;1000;1000;true;2023-12-29T11:11:27;2023-08-15T22:23:38;2053-08-15T22:23:38;null;false
5342;Мама расскажет | Вологодская область;https://t.me/momtells35;1000;1000;true;2023-12-29T11:11:27;2023-08-15T22:23:38;2053-08-15T22:23:38;null;false
5343;Новости Вологда;https://t.me/News_Vologda;1000;1000;true;2023-12-29T11:11:27;2023-08-15T22:23:38;2053-08-15T22:23:38;null;false
5344;ЦУР Вологодской области;https://t.me/tsur35;1000;1000;true;2023-12-29T11:11:27;2023-08-15T22:23:38;2053-08-15T22:23:38;null;false
5345;Русский сервер;https://t.me/russserver;1000;1000;true;2023-12-29T11:11:27;2023-08-15T22:23:38;2053-08-15T22:23:38;null;false
5346;Череповецкий полиграф;https://t.me/chepoli;1000;1000;true;2023-12-29T11:11:27;2023-08-15T22:23:38;2053-08-15T22:23:38;null;false
5347;Северные продукты;https://t.me/voloil35;1000;1000;true;2023-12-29T11:11:27;2023-08-15T22:23:38;2053-08-15T22:23:38;null;false
5348;История Вологды;https://t.me/vologdahistory;1000;1000;true;2023-12-29T11:11:27;2023-08-15T22:23:38;2053-08-15T22:23:38;null;false
5349;Вологодская ПРАВДА;https://t.me/ptravda35;1000;1000;true;2023-12-29T11:11:27;2023-08-15T22:23:38;2053-08-15T22:23:38;null;false
5350;Администрация Вологды;https://t.me/admvol;1000;1000;true;2023-12-29T11:11:27;2023-08-15T22:23:38;2053-08-15T22:23:38;null;false
5351;Вологодский омбудсмен;https://t.me/ombudsman_vologda;1000;1000;true;2023-12-29T11:11:27;2023-08-15T22:23:38;2053-08-15T22:23:38;null;false
5352;БЕЗ РИСКОВ 🏦 с Анжелой Байло;https://t.me/bezriskov;1000;1000;true;2023-12-29T11:11:27;2023-08-15T22:23:38;2053-08-15T22:23:38;null;false
5353;gorodvo.ru;https://t.me/news_gorod_vo;1000;1000;true;2023-12-29T11:11:27;2023-08-15T22:23:38;2053-08-15T22:23:38;null;false
5354;Новости ВО;https://t.me/region35;1000;1000;true;2023-12-29T11:11:27;2023-08-15T22:23:38;2053-08-15T22:23:38;null;false
5355;Типичный Воронеж | Новости Воронежа;https://t.me/typicalvoronezh;267000;90000;true;2023-12-29T11:11:27;2023-08-15T22:23:38;2053-08-15T22:23:38;null;false
5356;Мой и твой Воронеж;https://t.me/mtv36;100000;32000;true;2023-12-29T11:11:27;2023-08-15T22:23:38;2053-08-15T22:23:38;null;false
5357;Вести Воронеж;https://t.me/vestivrnru;80000;24000;true;2023-12-29T11:11:27;2023-08-15T22:23:38;2053-08-15T22:23:38;null;false
5358;Новости Воронежа и Области;https://t.me/smi_voronezh;78000;17000;true;2023-12-29T11:11:27;2023-08-15T22:23:38;2053-08-15T22:23:38;null;false
5359;Гусев;https://t.me/gusev_36;76000;43000;true;2023-12-29T11:11:27;2023-08-15T22:23:38;2053-08-15T22:23:38;null;false
5360;Воронеж №1;https://t.me/vrn01;75000;22000;true;2023-12-29T11:11:27;2023-08-15T22:23:38;2053-08-15T22:23:38;null;false
5361;Куда пойти в Воронеже | Афиша Воронежа;https://t.me/go_vrn;52000;10000;true;2023-12-29T11:11:27;2023-08-15T22:23:38;2053-08-15T22:23:38;null;false
5362;Блокнот Воронеж;https://t.me/bloknot_vrn;48000;13000;true;2023-12-29T11:11:27;2023-08-15T22:23:38;2053-08-15T22:23:38;null;false
5363;Жесть Воронеж;https://t.me/zhest_voronezh_136;48000;9000;true;2023-12-29T11:11:27;2023-08-15T22:23:38;2053-08-15T22:23:38;null;false
5364;Воронеж Сейчас;https://t.me/voronezh1ru;37000;7000;true;2023-12-29T11:11:27;2023-08-15T22:23:38;2053-08-15T22:23:38;null;false
5365;ФК «Факел» Воронеж;https://t.me/pfcfakel;29000;10000;true;2023-12-29T11:11:27;2023-08-15T22:23:38;2053-08-15T22:23:38;null;false
5366;МОЁ! Online. Воронеж;https://t.me/moeonline;28000;10000;true;2023-12-29T11:11:27;2023-08-15T22:23:38;2053-08-15T22:23:38;null;false
5367;Типичный Воронеж;https://t.me/city_vrn;20000;2000;true;2023-12-29T11:11:27;2023-08-15T22:23:38;2053-08-15T22:23:38;null;false
5368;Воронежская область;https://t.me/govvrn36;17000;3000;true;2023-12-29T11:11:27;2023-08-15T22:23:38;2053-08-15T22:23:38;null;false
5369;ВОРОНЕЖСКОЕ НЕБО;https://t.me/nebovrn36;15000;8000;true;2023-12-29T11:11:27;2023-08-15T22:23:38;2053-08-15T22:23:38;null;false
5370;Афиша Воронеж | Скидки;https://t.me/afisha_voronezh;14000;4000;true;2023-12-29T11:11:27;2023-08-15T22:23:38;2053-08-15T22:23:38;null;false
5371;Воронеж Лайв;https://t.me/life_voronezh;14000;3000;true;2023-12-29T11:11:27;2023-08-15T22:23:38;2053-08-15T22:23:38;null;false
5372;Жители Шилово (Воронеж);https://t.me/zhitely_vrn;11000;4000;true;2023-12-29T11:11:27;2023-08-15T22:23:38;2053-08-15T22:23:38;null;false
5373;MDK Воронеж;https://t.me/MDK_Voronezh;12000;1000;true;2023-12-29T11:11:27;2023-08-15T22:23:38;2053-08-15T22:23:38;null;false
5374;36ON Воронеж|Новости;https://t.me/voronezh36on;10000;2000;true;2023-12-29T11:11:27;2023-08-15T22:23:38;2053-08-15T22:23:38;null;false
5375;Воронеж. Гид по местам и событиям;https://t.me/vrn_guide;10000;2000;true;2023-12-29T11:11:27;2023-08-15T22:23:38;2053-08-15T22:23:38;null;false
5376;РИА Воронеж;https://t.me/riavrn36;8000;2000;true;2023-12-29T11:11:27;2023-08-15T22:23:38;2053-08-15T22:23:38;null;false
5377;Администрация Воронежа;https://t.me/adm_vrn;7000;2000;true;2023-12-29T11:11:27;2023-08-15T22:23:38;2053-08-15T22:23:38;null;false
5378;Воронежские новости;https://t.me/voronezhnewsru;6000;1000;true;2023-12-29T11:11:27;2023-08-15T22:23:38;2053-08-15T22:23:38;null;false
5379;Воронежское;https://t.me/voronejskoe;6000;2000;true;2023-12-29T11:11:27;2023-08-15T22:23:38;2053-08-15T22:23:38;null;false
5380;Туры | Воронеж;https://t.me/tripVoronezh;6000;1000;true;2023-12-29T11:11:27;2023-08-15T22:23:38;2053-08-15T22:23:38;null;false
5381;ВГЛТУ им. Г.Ф. Морозова;https://t.me/vgltuofficial;6000;2000;true;2023-12-29T11:11:27;2023-08-15T22:23:38;2053-08-15T22:23:38;null;false
5382;ВГТУ;https://t.me/VSTU_today;6000;1000;true;2023-12-29T11:11:27;2023-08-15T22:23:38;2053-08-15T22:23:38;null;false
5383;Воронежский туман | Культурная афиша;https://t.me/vrn_tum;6000;1000;true;2023-12-29T11:11:27;2023-08-15T22:23:38;2053-08-15T22:23:38;null;false
5384;АБЫРВАЛГ;https://t.me/abyrvalgvrn;5000;2000;true;2023-12-29T11:11:27;2023-08-15T22:23:38;2053-08-15T22:23:38;null;false
5385;Воронежский караульный;https://t.me/vrn_karaulny;5000;1000;true;2023-12-29T11:11:27;2023-08-15T22:23:38;2053-08-15T22:23:38;null;false
5386;Кстати, Воронеж;https://t.me/voronezhkstati;3000;1000;true;2023-12-29T11:11:27;2023-08-15T22:23:38;2053-08-15T22:23:38;null;false
5387;Четыре Пера;https://t.me/ChetyrePera;3000;1000;true;2023-12-29T11:11:27;2023-08-15T22:23:38;2053-08-15T22:23:38;null;false
5388;Hcburan1977 (официальный канал ХК "БУРАН");https://t.me/hcburan1977;2000;1000;true;2023-12-29T11:11:27;2023-08-15T22:23:38;2053-08-15T22:23:38;null;false
5389;Вертикаль;https://t.me/vrtkl36;2000;1000;true;2023-12-29T11:11:27;2023-08-15T22:23:38;2053-08-15T22:23:38;null;false
5390;Воронежский журнал;https://t.me/VoronezhJournal;2000;1000;true;2023-12-29T11:11:27;2023-08-15T22:23:38;2053-08-15T22:23:38;null;false
5391;Surf Flutter Team;https://t.me/surf_flutter;2000;1000;true;2023-12-29T11:11:27;2023-08-15T22:23:38;2053-08-15T22:23:38;null;false
5392;De Facto - Воронеж: экспертиза и аналитика;https://t.me/factovrn;2000;1000;true;2023-12-29T11:11:27;2023-08-15T22:23:38;2053-08-15T22:23:38;null;false
5393;Город и транспорт;https://t.me/vrntrans;2000;1000;true;2023-12-29T11:11:27;2023-08-15T22:23:38;2053-08-15T22:23:38;null;false
5394;VORONEZH1.RU | Новости Воронежа;https://t.me/voronezh1_news;2000;1000;true;2023-12-29T11:11:27;2023-08-15T22:23:38;2053-08-15T22:23:38;null;false
5395;Пиццерия Куба - Всё о нас;https://t.me/pizzacuba_channel;2000;1000;true;2023-12-29T11:11:27;2023-08-15T22:23:38;2053-08-15T22:23:38;null;false
5396;Афиша Воронежа;https://t.me/afisha36;2000;1000;true;2023-12-29T11:11:27;2023-08-15T22:23:38;2053-08-15T22:23:38;null;false
5397;Единая Россия Воронеж;https://t.me/er_voronezh;2000;1000;true;2023-12-29T11:11:27;2023-08-15T22:23:38;2053-08-15T22:23:38;null;false
5398;Бизнес События Воронеж;https://t.me/vrn_meet;2000;1000;true;2023-12-29T11:11:27;2023-08-15T22:23:38;2053-08-15T22:23:38;null;false
5399;Четыре Пера - Воронеж;https://t.me/ChetyrePeraVRN;1000;1000;true;2023-12-29T11:11:27;2023-08-15T22:23:38;2053-08-15T22:23:38;null;false
5400;Brewlok Brewery;https://t.me/brewlokbrewery;1000;1000;true;2023-12-29T11:11:27;2023-08-15T22:23:38;2053-08-15T22:23:38;null;false
5401;Арт-директор Воронежа;https://t.me/post_artdirector;1000;1000;true;2023-12-29T11:11:27;2023-08-15T22:23:38;2053-08-15T22:23:38;null;false
5402;Народный фронт в Воронежской области;https://t.me/onf_voronezh;1000;1000;true;2023-12-29T11:11:27;2023-08-15T22:23:38;2053-08-15T22:23:38;null;false
5403;Котенок-путешественник;https://t.me/VRN_travel;1000;1000;true;2023-12-29T11:11:27;2023-08-15T22:23:38;2053-08-15T22:23:38;null;false
5404;Воронеж сегодня;https://t.me/voronezh_today;1000;1000;true;2023-12-29T11:11:27;2023-08-15T22:23:38;2053-08-15T22:23:38;null;false
5405;Атипичный Воронеж;https://t.me/tipovrn;1000;1000;true;2023-12-29T11:11:27;2023-08-15T22:23:38;2053-08-15T22:23:38;null;false
5406;Время Воронежа;https://t.me/vrntimes;1000;1000;true;2023-12-29T11:11:27;2023-08-15T22:23:38;2053-08-15T22:23:38;null;false
5407;Платоновский фестиваль искусств;https://t.me/platonovfest;1000;1000;true;2023-12-29T11:11:27;2023-08-15T22:23:38;2053-08-15T22:23:38;null;false
5408;Poligrafmedia;https://t.me/poligrafmedia;1000;1000;true;2023-12-29T11:11:27;2023-08-15T22:23:38;2053-08-15T22:23:38;null;false
5409;Министерство физической культуры и спорта Воронежской области;https://t.me/departamentsporta36;1000;1000;true;2023-12-29T11:11:27;2023-08-15T22:23:38;2053-08-15T22:23:38;null;false
5410;Вобла;https://t.me/voblast;1000;1000;true;2023-12-29T11:11:27;2023-08-15T22:23:38;2053-08-15T22:23:38;null;false
5411;Аренда Воронеж 🏡 сдам сниму жилье недвижимость;https://t.me/arenda_sdam_voronezh;1000;1000;true;2023-12-29T11:11:27;2023-08-15T22:23:38;2053-08-15T22:23:38;null;false
5412;Экскурсии Воронеж;https://t.me/vrngid;1000;1000;true;2023-12-29T11:11:27;2023-08-15T22:23:38;2053-08-15T22:23:38;null;false
5413;Цветочные феи Via dei Fiori;https://t.me/viadeifiori;1000;1000;true;2023-12-29T11:11:27;2023-08-15T22:23:38;2053-08-15T22:23:38;null;false
5414;Афиша Воронежа;https://t.me/afisha_voronezha;1000;1000;true;2023-12-29T11:11:27;2023-08-15T22:23:38;2053-08-15T22:23:38;null;false
5415;investinvrn;https://t.me/investinvrn;1000;1000;true;2023-12-29T11:11:27;2023-08-15T22:23:38;2053-08-15T22:23:38;null;false
5416;Вести с грядушки;https://t.me/gryadushka36;1000;1000;true;2023-12-29T11:11:27;2023-08-15T22:23:38;2053-08-15T22:23:38;null;false
5417;Zа Zдоровье;https://t.me/Za_Zdorovye;1000;1000;true;2023-12-29T11:11:27;2023-08-15T22:23:38;2053-08-15T22:23:38;null;false
5418;Журнал "Глаза" Воронеж;https://t.me/iglazacom;1000;1000;true;2023-12-29T11:11:27;2023-08-15T22:23:38;2053-08-15T22:23:38;null;false
5419;Воронежская областная Дума;https://t.me/obldumavrn;1000;1000;true;2023-12-29T11:11:27;2023-08-15T22:23:38;2053-08-15T22:23:38;null;false
5420;Нацпроект в действии;https://t.me/rck36;1000;1000;true;2023-12-29T11:11:27;2023-08-15T22:23:38;2053-08-15T22:23:38;null;false
5421;Vестник Vедьмы;https://t.me/WitchWord;1000;1000;true;2023-12-29T11:11:27;2023-08-15T22:23:38;2053-08-15T22:23:38;null;false
5422;Общественная палата Воронежской области;https://t.me/opvo36;1000;1000;true;2023-12-29T11:11:27;2023-08-15T22:23:38;2053-08-15T22:23:38;null;false
5423;Погода в Воронеже;https://t.me/weather_voronezh;1000;1000;true;2023-12-29T11:11:27;2023-08-15T22:23:38;2053-08-15T22:23:38;null;false
5424;Соболев о спорте. Воронеж;https://t.me/sportdepartament36;1000;1000;true;2023-12-29T11:11:27;2023-08-15T22:23:38;2053-08-15T22:23:38;null;false
5425;Моё! Online. Воронеж;https://t.me/moe_online;1000;1000;true;2023-12-29T11:11:27;2023-08-15T22:23:38;2053-08-15T22:23:38;null;false
5426;Тавронеж;https://t.me/urban_36;1000;1000;true;2023-12-29T11:11:27;2023-08-15T22:23:38;2053-08-15T22:23:38;null;false
5427;Понаехавший в Воронеж;https://t.me/ve_voronezh;1000;1000;true;2023-12-29T11:11:27;2023-08-15T22:23:38;2053-08-15T22:23:38;null;false
5428;Центр карьеры ВГЛТУ;https://t.me/ctvvgltu;1000;1000;true;2023-12-29T11:11:27;2023-08-15T22:23:38;2053-08-15T22:23:38;null;false
5429;ЦУР Воронежской области;https://t.me/tsur36;1000;1000;true;2023-12-29T11:11:27;2023-08-15T22:23:38;2053-08-15T22:23:38;null;false
5430;Воронежский дачник;https://t.me/dacha_vrn;1000;1000;true;2023-12-29T11:11:27;2023-08-15T22:23:38;2053-08-15T22:23:38;null;false
5431;Радар Воронеж;https://t.me/radar_vrn;1000;1000;true;2023-12-29T11:11:27;2023-08-15T22:23:38;2053-08-15T22:23:38;null;false
5432;Работа в Воронеже;https://t.me/vrnworknews;1000;1000;true;2023-12-29T11:11:27;2023-08-15T22:23:38;2053-08-15T22:23:38;null;false
5433;Наш Воронежский Обком;https://t.me/kprfvoronezh;1000;1000;true;2023-12-29T11:11:27;2023-08-15T22:23:38;2053-08-15T22:23:38;null;false
5434;Воронежское «ЯБЛОКО»;https://t.me/yablokovrn;1000;1000;true;2023-12-29T11:11:27;2023-08-15T22:23:38;2053-08-15T22:23:38;null;false
5435;Voronezh News;https://t.me/news036;1000;1000;true;2023-12-29T11:11:27;2023-08-15T22:23:38;2053-08-15T22:23:38;null;false
5436;Мониторинг 36 Воронежская область;https://t.me/monitoring_36;1000;1000;true;2023-12-29T11:11:27;2023-08-15T22:23:38;2053-08-15T22:23:38;null;false
5437;Воронеж 1586 | Новости;https://t.me/nv1586;1000;1000;true;2023-12-29T11:11:27;2023-08-15T22:23:38;2053-08-15T22:23:38;null;false
5438;🌳LIVE Биробиджан;https://t.me/livebir;19000;4000;true;2023-12-29T11:11:27;2023-08-15T22:23:38;2053-08-15T22:23:38;null;false
5439;РИА Биробиджан;https://t.me/riabir79;11000;2000;true;2023-12-29T11:11:27;2023-08-15T22:23:38;2053-08-15T22:23:38;null;false
5440;Социальный фонд России по Хабаровскому краю и ЕАО;https://t.me/sfr_habarovskiykray_eao;10000;5000;true;2023-12-29T11:11:27;2023-08-15T22:23:38;2053-08-15T22:23:38;null;false
5441;Новости ЕАО;https://t.me/novostiEAO;6000;5000;true;2023-12-29T11:11:27;2023-08-15T22:23:38;2053-08-15T22:23:38;null;false
5442;БИРОБИДЖАНЕЙРО!;https://t.me/gorod_birobidzhan;4000;1000;true;2023-12-29T11:11:27;2023-08-15T22:23:38;2053-08-15T22:23:38;null;false
5443;EAOMedia|Еврейская автономная область;https://t.me/eaomedianews;4000;1000;true;2023-12-29T11:11:27;2023-08-15T22:23:38;2053-08-15T22:23:38;null;false
5444;Ростислав ГОЛЬДШТЕЙН;https://t.me/rostislav_goldshtein;3000;2000;true;2023-12-29T11:11:27;2023-08-15T22:23:38;2053-08-15T22:23:38;null;false
5445;МФЦ ЕАО;https://t.me/mfceao79;3000;1000;true;2023-12-29T11:11:27;2023-08-15T22:23:38;2053-08-15T22:23:38;null;false
5446;ЕАО онлайн;https://t.me/eao_online;3000;1000;true;2023-12-29T11:11:27;2023-08-15T22:23:38;2053-08-15T22:23:38;null;false
5447;МЧСЕАО;https://t.me/mchseao;2000;2000;true;2023-12-29T11:11:27;2023-08-15T22:23:38;2053-08-15T22:23:38;null;false
5448;МЭРИЯ БИРОБИДЖАНА🇷🇺;https://t.me/meriyabir;3000;1000;true;2023-12-29T11:11:27;2023-08-15T22:23:38;2053-08-15T22:23:38;null;false
5449;ВЕСТИ Биробиджан;https://t.me/gtrk_bira;2000;1000;true;2023-12-29T11:11:27;2023-08-15T22:23:38;2053-08-15T22:23:38;null;false
5450;ЕАО – территория действий;https://t.me/eaoru;2000;1000;true;2023-12-29T11:11:27;2023-08-15T22:23:38;2053-08-15T22:23:38;null;false
5451;МАРИЯ КОСТЮК;https://t.me/kostuyk;2000;1000;true;2023-12-29T11:11:27;2023-08-15T22:23:38;2053-08-15T22:23:38;null;false
5452;Максим Семёнов;https://t.me/SemenovMaksim;1000;1000;true;2023-12-29T11:11:27;2023-08-15T22:23:38;2053-08-15T22:23:38;null;false
5453;Официальный канал Лицея 23 г. Биробиджан;https://t.me/licej23;1000;1000;true;2023-12-29T11:11:27;2023-08-15T22:23:38;2053-08-15T22:23:38;null;false
5454;Антон Акимов;https://t.me/AntonAkimovEAO;1000;1000;true;2023-12-29T11:11:27;2023-08-15T22:23:38;2053-08-15T22:23:38;null;false
5455;Полиция ЕАО;https://t.me/umvdeao;1000;1000;true;2023-12-29T11:11:27;2023-08-15T22:23:38;2053-08-15T22:23:38;null;false
5456;Хитроград|Телетайп;https://t.me/hitrograddezhurka;1000;1000;true;2023-12-29T11:11:27;2023-08-15T22:23:38;2053-08-15T22:23:38;null;false
5457;Администрация Ленинского района ЕАО;https://t.me/adm_len_raion;1000;1000;true;2023-12-29T11:11:27;2023-08-15T22:23:38;2053-08-15T22:23:38;null;false
5458;🇷🇺 БИРОБИДЖАНСКИЙ РАЙОН ЕАО 🇷🇺;https://t.me/bir_rn;1000;1000;true;2023-12-29T11:11:27;2023-08-15T22:23:38;2053-08-15T22:23:38;null;false
5459;Роман Бойко;https://t.me/romanboyko_zseao;1000;1000;true;2023-12-29T11:11:27;2023-08-15T22:23:38;2053-08-15T22:23:38;null;false
5460;Работа ЕАО;https://t.me/rabotaeao;1000;1000;true;2023-12-29T11:11:27;2023-08-15T22:23:38;2053-08-15T22:23:38;null;false
5461;«Единая Россия» в ЕАО;https://t.me/erveao;1000;1000;true;2023-12-29T11:11:27;2023-08-15T22:23:38;2053-08-15T22:23:38;null;false
5462;Объясняем.Еврейская автономная область;https://t.me/o79rf;1000;1000;true;2023-12-29T11:11:27;2023-08-15T22:23:38;2053-08-15T22:23:38;null;false
5463;Chita.Ru | Новости Читы;https://t.me/chitaru75;64000;12000;true;2023-12-29T11:11:27;2023-08-15T22:23:38;2053-08-15T22:23:38;null;false
5464;Регион-75, Чита;https://t.me/chita_my;28000;6000;true;2023-12-29T11:11:27;2023-08-15T22:23:38;2053-08-15T22:23:38;null;false
5465;Чита, Забайкалье. 75 регион - новости.;https://t.me/chitacity75;21000;6000;true;2023-12-29T11:11:27;2023-08-15T22:23:38;2053-08-15T22:23:38;null;false
5466;ИНЦИДЕНТ КРАСНОКАМЕНСК;https://t.me/incident_krk;21000;6000;true;2023-12-29T11:11:27;2023-08-15T22:23:38;2053-08-15T22:23:38;null;false
5467;LENTA75.RU;https://t.me/lenta75ru;18000;2000;true;2023-12-29T11:11:27;2023-08-15T22:23:38;2053-08-15T22:23:38;null;false
5468;ЧВК Чита - Жизнь в Забайкалье;https://t.me/chita;9000;1000;true;2023-12-29T11:11:27;2023-08-15T22:23:38;2053-08-15T22:23:38;null;false
5469;ZabNews.ru | Новости Читы и Забайкалья;https://t.me/zabnews_ru;8000;2000;true;2023-12-29T11:11:27;2023-08-15T22:23:38;2053-08-15T22:23:38;null;false
5470;Забкулисье;https://t.me/zabkulis;5000;1000;true;2023-12-29T11:11:27;2023-08-15T22:23:38;2053-08-15T22:23:38;null;false
5471;Чита, Забайкалье. 75 регион. Дорожные новости.;https://t.me/chita_city_auto;5000;2000;true;2023-12-29T11:11:27;2023-08-15T22:23:38;2053-08-15T22:23:38;null;false
5472;МК в Чите | Новости Забайкалья.;https://t.me/mkchita;4000;1000;true;2023-12-29T11:11:27;2023-08-15T22:23:38;2053-08-15T22:23:38;null;false
5473;Город Чита;https://t.me/vgorodechita;4000;1000;true;2023-12-29T11:11:27;2023-08-15T22:23:38;2053-08-15T22:23:38;null;false
5474;ГТРК "Чита" | Новости Забайкалья;https://t.me/gtrk75;3000;1000;true;2023-12-29T11:11:27;2023-08-15T22:23:38;2053-08-15T22:23:38;null;false
5475;Lenta75.ru | ДТП;https://t.me/dtp_chita;3000;1000;true;2023-12-29T11:11:27;2023-08-15T22:23:38;2053-08-15T22:23:38;null;false
5476;Телеканал "Забайкалье" | ЗРТК | ТВ Чита;https://t.me/zabrtk;3000;1000;true;2023-12-29T11:11:27;2023-08-15T22:23:38;2053-08-15T22:23:38;null;false
5477;Цугольский Дацан;https://t.me/tsugoldatsan;3000;1000;true;2023-12-29T11:11:27;2023-08-15T22:23:38;2053-08-15T22:23:38;null;false
5478;Чита. Новости Забайкалья;https://t.me/zabchita;3000;1000;true;2023-12-29T11:11:27;2023-08-15T22:23:38;2053-08-15T22:23:38;null;false
5479;2-й Восточный окружной военный суд;https://t.me/VtoroiVostochOvs;3000;1000;true;2023-12-29T11:11:27;2023-08-15T22:23:38;2053-08-15T22:23:38;null;false
5480;Александр Сапожников;https://t.me/a_sapozhnikov_chita;3000;1000;true;2023-12-29T11:11:27;2023-08-15T22:23:38;2053-08-15T22:23:38;null;false
5481;Олег Бянкин / депутат Заксобрания Забайкалья;https://t.me/byankin_o;3000;1000;true;2023-12-29T11:11:27;2023-08-15T22:23:38;2053-08-15T22:23:38;null;false
5482;ChitaMedia|Забайкальский край;https://t.me/chitamediasu;3000;1000;true;2023-12-29T11:11:27;2023-08-15T22:23:38;2053-08-15T22:23:38;null;false
5483;Аргументы и Факты — Забайкалье;https://t.me/aif_chita;1000;1000;true;2023-12-29T11:11:27;2023-08-15T22:23:38;2053-08-15T22:23:38;null;false
5484;Чё по Чите;https://t.me/chita_rus;1000;1000;true;2023-12-29T11:11:27;2023-08-15T22:23:38;2053-08-15T22:23:38;null;false
5485;Pegas Touristik - турагентство, Чита;https://t.me/pegaschita;1000;1000;true;2023-12-29T11:11:27;2023-08-15T22:23:38;2053-08-15T22:23:38;null;false
5486;Администрация Ингодинского района;https://t.me/ingodraion;1000;1000;true;2023-12-29T11:11:27;2023-08-15T22:23:38;2053-08-15T22:23:38;null;false
5487;Сибирский Налоговый Форум;https://t.me/SibTaxForum;1000;1000;true;2023-12-29T11:11:27;2023-08-15T22:23:38;2053-08-15T22:23:38;null;false
5488;Канал Читинского КСК;https://t.me/chita_ksk;1000;1000;true;2023-12-29T11:11:27;2023-08-15T22:23:38;2053-08-15T22:23:38;null;false
5489;Следком Забайкалья;https://t.me/susk_75;1000;1000;true;2023-12-29T11:11:27;2023-08-15T22:23:38;2053-08-15T22:23:38;null;false
5490;За Байкалом;https://t.me/zabaykalom;1000;1000;true;2023-12-29T11:11:27;2023-08-15T22:23:38;2053-08-15T22:23:38;null;false
5491;Прокуратура Забайкальского края;https://t.me/prokzabkray;1000;1000;true;2023-12-29T11:11:27;2023-08-15T22:23:38;2053-08-15T22:23:38;null;false
5492;Администрация Черновского района;https://t.me/adm_chern_chita;1000;1000;true;2023-12-29T11:11:27;2023-08-15T22:23:38;2053-08-15T22:23:38;null;false
5493;Администрация ГП "Город Краснокаменск";https://t.me/krkadm;1000;1000;true;2023-12-29T11:11:27;2023-08-15T22:23:38;2053-08-15T22:23:38;null;false
5494;Юрий Григорьев / депутат Государственной Думы от Забайкалья;https://t.me/grigorevgd75;1000;1000;true;2023-12-29T11:11:27;2023-08-15T22:23:38;2053-08-15T22:23:38;null;false
5495;Chita_sport75 (Чита-спорт75);https://t.me/chita_sport75;1000;1000;true;2023-12-29T11:11:27;2023-08-15T22:23:38;2053-08-15T22:23:38;null;false
5496;Администрация Центрального района г.Читы;https://t.me/adm_centr_raion;1000;1000;true;2023-12-29T11:11:27;2023-08-15T22:23:38;2053-08-15T22:23:38;null;false
5497;Единая Россия | Забайкальский край;https://t.me/Chita_ER;1000;1000;true;2023-12-29T11:11:27;2023-08-15T22:23:38;2053-08-15T22:23:38;null;false
5498;Администрация Сретенского района;https://t.me/mrSretensky;1000;1000;true;2023-12-29T11:11:27;2023-08-15T22:23:38;2053-08-15T22:23:38;null;false
5499;АО "Водоканал-Чита"💧;https://t.me/vodokanal75;1000;1000;true;2023-12-29T11:11:27;2023-08-15T22:23:38;2053-08-15T22:23:38;null;false
5500;Союз добровольцев России - Забайкальский край;https://t.me/souzbodro75;1000;1000;true;2023-12-29T11:11:27;2023-08-15T22:23:38;2053-08-15T22:23:38;null;false
5501;Читинский телеграф;https://t.me/chitinskiy_telegraph;1000;1000;true;2023-12-29T11:11:27;2023-08-15T22:23:38;2053-08-15T22:23:38;null;false
5502;Тот самый читарушный фотограф;https://t.me/zabfoto;1000;1000;true;2023-12-29T11:11:27;2023-08-15T22:23:38;2053-08-15T22:23:38;null;false
5503;Комитет Культуры г. Чита;https://t.me/Komitet_Kyltury;1000;1000;true;2023-12-29T11:11:27;2023-08-15T22:23:38;2053-08-15T22:23:38;null;false
5504;МБОУ "СОШ 11", г. Чита;https://t.me/school11chita;1000;1000;true;2023-12-29T11:11:27;2023-08-15T22:23:38;2053-08-15T22:23:38;null;false
5505;Мониторинг 75 Забайкальский край;https://t.me/monitoring_75;1000;1000;true;2023-12-29T11:11:27;2023-08-15T22:23:38;2053-08-15T22:23:38;null;false
5506;Ивановская область: треш и новости;https://t.me/IvanovoNovosti;17000;6000;true;2023-12-29T11:11:27;2023-08-15T22:23:38;2053-08-15T22:23:38;null;false
5507;Новости Иваново и Области;https://t.me/ivanovo_smi;15000;4000;true;2023-12-29T11:11:27;2023-08-15T22:23:38;2053-08-15T22:23:38;null;false
5508;Местные. Иваново;https://t.me/nottourists;12000;6000;true;2023-12-29T11:11:27;2023-08-15T22:23:38;2053-08-15T22:23:38;null;false
5509;IvanovoNEWS | Барс | Новости | Иваново;https://t.me/ivanovonewsBars;11000;2000;true;2023-12-29T11:11:27;2023-08-15T22:23:38;2053-08-15T22:23:38;null;false
5510;Ивановская строчка;https://t.me/ivanovoline;8000;2000;true;2023-12-29T11:11:27;2023-08-15T22:23:38;2053-08-15T22:23:38;null;false
5511;1000 слов;https://t.me/slova1000;6000;3000;true;2023-12-29T11:11:27;2023-08-15T22:23:38;2053-08-15T22:23:38;null;false
5512;Иваново вещает;https://t.me/ivanovohere;6000;2000;true;2023-12-29T11:11:27;2023-08-15T22:23:38;2053-08-15T22:23:38;null;false
5513;Ивановские новости;https://t.me/newsivanovo;5000;1000;true;2023-12-29T11:11:27;2023-08-15T22:23:38;2053-08-15T22:23:38;null;false
5514;Ивановская область;https://t.me/ivanovoobl;5000;1000;true;2023-12-29T11:11:27;2023-08-15T22:23:38;2053-08-15T22:23:38;null;false
5515;Жизнь мента. Иваново;https://t.me/mentlife37;4000;2000;true;2023-12-29T11:11:27;2023-08-15T22:23:38;2053-08-15T22:23:38;null;false
5516;Позитивный политолог 😜 Иваново;https://t.me/elenapargina;3000;1000;true;2023-12-29T11:11:27;2023-08-15T22:23:38;2053-08-15T22:23:38;null;false
5517;Иваново 24 | Главные новости;https://t.me/ivanovo_24;3000;1000;true;2023-12-29T11:11:27;2023-08-15T22:23:38;2053-08-15T22:23:38;null;false
5518;Прожарка Иваново;https://t.me/ivanovopro;3000;1000;true;2023-12-29T11:11:27;2023-08-15T22:23:38;2053-08-15T22:23:38;null;false
5519;Ивановская невеста 💋;https://t.me/ivanovobride;2000;1000;true;2023-12-29T11:11:27;2023-08-15T22:23:38;2053-08-15T22:23:38;null;false
5520;Жизнь в Иваново;https://t.me/life_in_ivanovo;2000;1000;true;2023-12-29T11:11:27;2023-08-15T22:23:38;2053-08-15T22:23:38;null;false
5521;Кинешемец.RU | Кинешма;https://t.me/kineshemec_ru;2000;1000;true;2023-12-29T11:11:27;2023-08-15T22:23:38;2053-08-15T22:23:38;null;false
5522;Экс-прокурор 🫵 - Царевский Алексей;https://t.me/pro100_tsar25;2000;1000;true;2023-12-29T11:11:27;2023-08-15T22:23:38;2053-08-15T22:23:38;null;false
5523;ИГЭУ;https://t.me/ispu_info;2000;1000;true;2023-12-29T11:11:27;2023-08-15T22:23:38;2053-08-15T22:23:38;null;false
5524;Спецкор Кинешма;https://t.me/kineshmaspeckor;2000;1000;true;2023-12-29T11:11:27;2023-08-15T22:23:38;2053-08-15T22:23:38;null;false
5525;Свободные люди Иванова;https://t.me/free_navalny_ivanovo;2000;1000;true;2023-12-29T11:11:27;2023-08-15T22:23:38;2053-08-15T22:23:38;null;false
5526;Луковое варенье|Иваново;https://t.me/onion_37;1000;1000;true;2023-12-29T11:11:27;2023-08-15T22:23:38;2053-08-15T22:23:38;null;false
5527;Иваново - прошлое в фотографиях;https://t.me/retro37;1000;1000;true;2023-12-29T11:11:27;2023-08-15T22:23:38;2053-08-15T22:23:38;null;false
5528;Подслушано Увидено Шуя;https://t.me/podslushenoshuia;1000;1000;true;2023-12-29T11:11:27;2023-08-15T22:23:38;2053-08-15T22:23:38;null;false
5529;Официальная Кинешма;https://t.me/kinadm;1000;1000;true;2023-12-29T11:11:27;2023-08-15T22:23:38;2053-08-15T22:23:38;null;false
5530;ЧП Иваново | Новости | Происшествия;https://t.me/ivanovochp;1000;1000;true;2023-12-29T11:11:27;2023-08-15T22:23:38;2053-08-15T22:23:38;null;false
5531;Вести. Иваново;https://t.me/ivteleradio;1000;1000;true;2023-12-29T11:11:27;2023-08-15T22:23:38;2053-08-15T22:23:38;null;false
5532;Ивановский Политех | ИВГПУ;https://t.me/ivgpu;1000;1000;true;2023-12-29T11:11:27;2023-08-15T22:23:38;2053-08-15T22:23:38;null;false
5533;ВРАЧИ ИВАНОВО;https://t.me/vrachiivanovo;1000;1000;true;2023-12-29T11:11:27;2023-08-15T22:23:38;2053-08-15T22:23:38;null;false
5534;Единая Россия | Ивановская область;https://t.me/ivanovo_er;1000;1000;true;2023-12-29T11:11:27;2023-08-15T22:23:38;2053-08-15T22:23:38;null;false
5535;Новостной агент Нестеренко😎;https://t.me/nesterenko_news;1000;1000;true;2023-12-29T11:11:27;2023-08-15T22:23:38;2053-08-15T22:23:38;null;false
5536;ПРОФКОМ СТУДЕНТОВ ИВГПУ;https://t.me/ppoivgpu;1000;1000;true;2023-12-29T11:11:27;2023-08-15T22:23:38;2053-08-15T22:23:38;null;false
5537;Енот из Иваново || #ДаПобеде;https://t.me/enot_ivanovo;1000;1000;true;2023-12-29T11:11:27;2023-08-15T22:23:38;2053-08-15T22:23:38;null;false
5538;Дороги и транспорт Ивановской области;https://t.me/ddhtivobl;1000;1000;true;2023-12-29T11:11:27;2023-08-15T22:23:38;2053-08-15T22:23:38;null;false
5539;Михаил Кизеев - Депутат Госдумы;https://t.me/kizeev_mv;1000;1000;true;2023-12-29T11:11:27;2023-08-15T22:23:38;2053-08-15T22:23:38;null;false
5540;ЛДПР Ивановская область;https://t.me/ldpr37;1000;1000;true;2023-12-29T11:11:27;2023-08-15T22:23:38;2053-08-15T22:23:38;null;false
5541;Карьера с Ивановским Политехом;https://t.me/career_ivgpu;1000;1000;true;2023-12-29T11:11:27;2023-08-15T22:23:38;2053-08-15T22:23:38;null;false
5542;Ивановские профсоюзы;https://t.me/ivanovoprof;1000;1000;true;2023-12-29T11:11:27;2023-08-15T22:23:38;2053-08-15T22:23:38;null;false
5543;СШОР N 8 “Спартак”;https://t.me/schor8;1000;1000;true;2023-12-29T11:11:27;2023-08-15T22:23:38;2053-08-15T22:23:38;null;false
5544;ФИО;https://t.me/footballivanovo;1000;1000;true;2023-12-29T11:11:27;2023-08-15T22:23:38;2053-08-15T22:23:38;null;false
5545;Иваново 37;https://t.me/ivanovo37ivanovo;1000;1000;true;2023-12-29T11:11:27;2023-08-15T22:23:38;2053-08-15T22:23:38;null;false
5546;Инцидент-Кинешма;https://t.me/insidekineshma;1000;1000;true;2023-12-29T11:11:27;2023-08-15T22:23:38;2053-08-15T22:23:38;null;false
5547;Ивановская Халява;https://t.me/mecshanikus;1000;1000;true;2023-12-29T11:11:27;2023-08-15T22:23:38;2053-08-15T22:23:38;null;false
5548;svodka38;https://t.me/svodka38;107000;14000;true;2023-12-29T11:11:27;2023-08-15T22:23:38;2053-08-15T22:23:38;null;false
5549;Новости Иркутска и Области;https://t.me/irkutsk_smi;73000;6000;true;2023-12-29T11:11:27;2023-08-15T22:23:38;2053-08-15T22:23:38;null;false
5550;Мой город - Иркутск😎;https://t.me/irkutsk_poleznoe;47000;7000;true;2023-12-29T11:11:27;2023-08-15T22:23:38;2053-08-15T22:23:38;null;false
5551;Pryanikov38;https://t.me/pryanikov38;34000;6000;true;2023-12-29T11:11:27;2023-08-15T22:23:38;2053-08-15T22:23:38;null;false
5552;ДТП 38RUS;https://t.me/irkdtp;32000;9000;true;2023-12-29T11:11:27;2023-08-15T22:23:38;2053-08-15T22:23:38;null;false
5553;Babr Mash;https://t.me/babr_mash;31000;9000;true;2023-12-29T11:11:27;2023-08-15T22:23:38;2053-08-15T22:23:38;null;false
5554;Приангарские думы;https://t.me/PRiangarskie;28000;7000;true;2023-12-29T11:11:27;2023-08-15T22:23:38;2053-08-15T22:23:38;null;false
5555;Новости Иркутска и не только;https://t.me/novosti_irkutsk;19000;5000;true;2023-12-29T11:11:27;2023-08-15T22:23:38;2053-08-15T22:23:38;null;false
5556;ЧП ИРКУТСК;https://t.me/chp_irkutsk;19000;5000;true;2023-12-29T11:11:27;2023-08-15T22:23:38;2053-08-15T22:23:38;null;false
5557;Филиппенко Иркутск;https://t.me/oldfilip;18000;5000;true;2023-12-29T11:11:27;2023-08-15T22:23:38;2053-08-15T22:23:38;null;false
5558;ВЕСТИ-ИРКУТСК;https://t.me/vestiirkutsk;18000;4000;true;2023-12-29T11:11:27;2023-08-15T22:23:38;2053-08-15T22:23:38;null;false
5559;Инцидент Братск;https://t.me/incidentbratsk;18000;4000;true;2023-12-29T11:11:27;2023-08-15T22:23:38;2053-08-15T22:23:38;null;false
5560;Откидач. Иркутск. Сибирь. Россия;https://t.me/otkidach;15000;5000;true;2023-12-29T11:11:27;2023-08-15T22:23:38;2053-08-15T22:23:38;null;false
5561;Работа 38;https://t.me/rabota38irk;15000;4000;true;2023-12-29T11:11:27;2023-08-15T22:23:38;2053-08-15T22:23:38;null;false
5562;Мой Иркутск | новости;https://t.me/irk_gorod;14000;3000;true;2023-12-29T11:11:27;2023-08-15T22:23:38;2053-08-15T22:23:38;null;false
5563;Иркутск / Новости -Политика Иркутска;https://t.me/IrkutskNovosti;14000;4000;true;2023-12-29T11:11:27;2023-08-15T22:23:38;2053-08-15T22:23:38;null;false
5564;IRK.ru | Новости Иркутска и Приангарья;https://t.me/irkru;13000;5000;true;2023-12-29T11:11:27;2023-08-15T22:23:38;2053-08-15T22:23:38;null;false
5565;Инцидент Усть-Илимск;https://t.me/incident38;9000;4000;true;2023-12-29T11:11:27;2023-08-15T22:23:38;2053-08-15T22:23:38;null;false
5566;В поле зрения | Иркутск;https://t.me/vpolezreniyaproekt;9000;2000;true;2023-12-29T11:11:27;2023-08-15T22:23:38;2053-08-15T22:23:38;null;false
5567;Иркутск политический;https://t.me/Irkpolicy;8000;1000;true;2023-12-29T11:11:27;2023-08-15T22:23:38;2053-08-15T22:23:38;null;false
5568;Ирку-кутск;https://t.me/irkqq;8000;1000;true;2023-12-29T11:11:27;2023-08-15T22:23:38;2053-08-15T22:23:38;null;false
5569;АИСТ ТВ | Иркутская область;https://t.me/aisttvru;8000;1000;true;2023-12-29T11:11:27;2023-08-15T22:23:38;2053-08-15T22:23:38;null;false
5570;Редакция Иркутска;https://t.me/irk_edition;7000;3000;true;2023-12-29T11:11:27;2023-08-15T22:23:38;2053-08-15T22:23:38;null;false
5571;Выгодно. Иркутск 🤝;https://t.me/vigodno_irkutsk;7000;3000;true;2023-12-29T11:11:27;2023-08-15T22:23:38;2053-08-15T22:23:38;null;false
5572;Иркутск онлайн;https://t.me/onlirk;7000;2000;true;2023-12-29T11:11:27;2023-08-15T22:23:38;2053-08-15T22:23:38;null;false
5573;Руслан Болотов;https://t.me/ruslanbolotov;6000;2000;true;2023-12-29T11:11:27;2023-08-15T22:23:38;2053-08-15T22:23:38;null;false
5574;Ангарск Сегодня;https://t.me/angarsk_today;6000;2000;true;2023-12-29T11:11:27;2023-08-15T22:23:38;2053-08-15T22:23:38;null;false
5575;Иркутск. Бабр. Дальше некуда;https://t.me/irk_24;6000;1000;true;2023-12-29T11:11:27;2023-08-15T22:23:38;2053-08-15T22:23:38;null;false
5576;Дядя Миша DT;https://t.me/Drifttrooper;6000;1000;true;2023-12-29T11:11:27;2023-08-15T22:23:38;2053-08-15T22:23:38;null;false
5577;IKT Авиабилеты Иркутск;https://t.me/ikt_irk;5000;2000;true;2023-12-29T11:11:27;2023-08-15T22:23:38;2053-08-15T22:23:38;null;false
5578;Ангарск. Как есть!;https://t.me/angarsk38;5000;1000;true;2023-12-29T11:11:27;2023-08-15T22:23:38;2053-08-15T22:23:38;null;false
5579;Братская студия телевидения;https://t.me/bst24bratsk;5000;1000;true;2023-12-29T11:11:27;2023-08-15T22:23:38;2053-08-15T22:23:38;null;false
5580;Город Иркутск;https://t.me/admirk;5000;1000;true;2023-12-29T11:11:27;2023-08-15T22:23:38;2053-08-15T22:23:38;null;false
5581;Красный Иркутск;https://t.me/redirkutsk;5000;1000;true;2023-12-29T11:11:27;2023-08-15T22:23:38;2053-08-15T22:23:38;null;false
5582;Мой бизнес | Иркутская область;https://t.me/mb38ru;5000;1000;true;2023-12-29T11:11:27;2023-08-15T22:23:38;2053-08-15T22:23:38;null;false
5583;Ангарский Коррупционер;https://t.me/angarskcorruption;4000;1000;true;2023-12-29T11:11:27;2023-08-15T22:23:38;2053-08-15T22:23:38;null;false
5584;АКТИС. Ангарск и Приангарье;https://t.me/aktistv;3000;1000;true;2023-12-29T11:11:27;2023-08-15T22:23:38;2053-08-15T22:23:38;null;false
5585;🎭 Детская АФИША, Иркутск;https://t.me/afisha138;3000;1000;true;2023-12-29T11:11:27;2023-08-15T22:23:38;2053-08-15T22:23:38;null;false
5586;Новости Иркутской области / ТК Город;https://t.me/tkgorodbratsk;3000;1000;true;2023-12-29T11:11:27;2023-08-15T22:23:38;2053-08-15T22:23:38;null;false
5587;Иркутский Коррупционер;https://t.me/irkutskcorruption;3000;2000;true;2023-12-29T11:11:27;2023-08-15T22:23:38;2053-08-15T22:23:38;null;false
5588;Новости здесь и сейчас|Иркутск;https://t.me/nov_irk;3000;1000;true;2023-12-29T11:11:27;2023-08-15T22:23:38;2053-08-15T22:23:38;null;false
5589;Ангарский сплетник;https://t.me/spletnikangarsk;3000;2000;true;2023-12-29T11:11:27;2023-08-15T22:23:38;2053-08-15T22:23:38;null;false
5590;Минздрав Иркутской области;https://t.me/minzdrav_38;3000;2000;true;2023-12-29T11:11:27;2023-08-15T22:23:38;2053-08-15T22:23:38;null;false
5591;Мэр Вадим Семенов;https://t.me/VASemenovCheremhovo;3000;1000;true;2023-12-29T11:11:27;2023-08-15T22:23:38;2053-08-15T22:23:38;null;false
5592;Красноштанов. О важном;https://t.me/anton_krasnoshtanov;3000;1000;true;2023-12-29T11:11:27;2023-08-15T22:23:38;2053-08-15T22:23:38;null;false
5593;Около Байкала;https://t.me/OkoloBaikala;3000;1000;true;2023-12-29T11:11:27;2023-08-15T22:23:38;2053-08-15T22:23:38;null;false
5594;Работа Иркутск;https://t.me/rabota38rus;3000;1000;true;2023-12-29T11:11:27;2023-08-15T22:23:38;2053-08-15T22:23:38;null;false
5595;Верблюд в огне;https://t.me/verbludvogne;3000;1000;true;2023-12-29T11:11:27;2023-08-15T22:23:38;2053-08-15T22:23:38;null;false
5596;Иркутский университет;https://t.me/irkutskuniversity;3000;1000;true;2023-12-29T11:11:27;2023-08-15T22:23:38;2053-08-15T22:23:38;null;false
5597;Говорит Степанов;https://t.me/stepanovnm;3000;1000;true;2023-12-29T11:11:27;2023-08-15T22:23:38;2053-08-15T22:23:38;null;false
5598;Кстати, Иркутск;https://t.me/irkutskstati;3000;1000;true;2023-12-29T11:11:27;2023-08-15T22:23:38;2053-08-15T22:23:38;null;false
5599;Байкальский Писыч 🕶️;https://t.me/baikalpisych;2000;1000;true;2023-12-29T11:11:27;2023-08-15T22:23:38;2053-08-15T22:23:38;null;false
5600;Байкальская косметика "baikal cosmetics";https://t.me/baikal_cosmetics;2000;1000;true;2023-12-29T11:11:27;2023-08-15T22:23:38;2053-08-15T22:23:38;null;false
5601;БГУ | Байкальский Государственный Университет;https://t.me/tg_bgu;2000;1000;true;2023-12-29T11:11:27;2023-08-15T22:23:38;2053-08-15T22:23:38;null;false
5602;Иркутск Сегодня;https://t.me/irktoday;2000;1000;true;2023-12-29T11:11:27;2023-08-15T22:23:38;2053-08-15T22:23:38;null;false
5603;Депутат из Братска;https://t.me/deputat_bratsk;2000;1000;true;2023-12-29T11:11:27;2023-08-15T22:23:38;2053-08-15T22:23:38;null;false
5604;Точка Иркутска;https://t.me/Tochka_Irkutska;2000;1000;true;2023-12-29T11:11:27;2023-08-15T22:23:38;2053-08-15T22:23:38;null;false
5605;LiveAngarsk / ЖивойАнгарск - НОВОСТИ АНГАРСКА;https://t.me/liveangarsk;2000;1000;true;2023-12-29T11:11:27;2023-08-15T22:23:38;2053-08-15T22:23:38;null;false
5606;Байкальский баклан;https://t.me/sterv38;2000;1000;true;2023-12-29T11:11:27;2023-08-15T22:23:38;2053-08-15T22:23:38;null;false
5607;Иркутский дзынь;https://t.me/irkdzen;2000;1000;true;2023-12-29T11:11:27;2023-08-15T22:23:38;2053-08-15T22:23:38;null;false
5608;Типичный Иркутск;https://t.me/irkutsk;2000;1000;true;2023-12-29T11:11:27;2023-08-15T22:23:38;2053-08-15T22:23:38;null;false
5609;Сергей Петров. Ангарск;https://t.me/SPetrovAngarsk;2000;1000;true;2023-12-29T11:11:27;2023-08-15T22:23:38;2053-08-15T22:23:38;null;false
5610;Галерея В. Бронштейна;https://t.me/vbgallery_irkutsk;2000;1000;true;2023-12-29T11:11:27;2023-08-15T22:23:38;2053-08-15T22:23:38;null;false
5611;Новости Братска;https://t.me/new_bratsk;2000;1000;true;2023-12-29T11:11:27;2023-08-15T22:23:38;2053-08-15T22:23:38;null;false
5612;Зоюшка, они долбанулись?;https://t.me/dolbanulis;2000;1000;true;2023-12-29T11:11:27;2023-08-15T22:23:38;2053-08-15T22:23:38;null;false
5613;Невозмутимый Иркутск;https://t.me/nia_baikal;2000;1000;true;2023-12-29T11:11:27;2023-08-15T22:23:38;2053-08-15T22:23:38;null;false
5614;Наш город Братск!;https://t.me/Our_Bratsk;2000;1000;true;2023-12-29T11:11:27;2023-08-15T22:23:38;2053-08-15T22:23:38;null;false
5615;ЭКОсводка38;https://t.me/ecosvodka38;2000;1000;true;2023-12-29T11:11:27;2023-08-15T22:23:38;2053-08-15T22:23:38;null;false
5616;Единая Россия | Иркутская область;https://t.me/berloga38;2000;1000;true;2023-12-29T11:11:27;2023-08-15T22:23:38;2053-08-15T22:23:38;null;false
5617;РТ-НЭО Иркутск;https://t.me/rtneo_irk;2000;1000;true;2023-12-29T11:11:27;2023-08-15T22:23:38;2053-08-15T22:23:38;null;false
5618;ИРТ I Новости Усть-Илимска;https://t.me/rtneo_irk;2000;1000;true;2023-12-29T11:11:27;2023-08-15T22:23:38;2053-08-15T22:23:38;null;false
5619;KAK YA HOCHU;https://t.me/kakyahochu;2000;1000;true;2023-12-29T11:11:27;2023-08-15T22:23:38;2053-08-15T22:23:38;null;false
5620;Город Братск;https://t.me/gorodbratsk;2000;1000;true;2023-12-29T11:11:27;2023-08-15T22:23:38;2053-08-15T22:23:38;null;false
5621;Спецкорр;https://t.me/Speckor38;2000;1000;true;2023-12-29T11:11:27;2023-08-15T22:23:38;2053-08-15T22:23:38;null;false
5622;Андрей Болгов / депутат, предприниматель;https://t.me/bolgovandrey;2000;1000;true;2023-12-29T11:11:27;2023-08-15T22:23:38;2053-08-15T22:23:38;null;false
5623;⚡️ Микрорайон Березовый Иркутск;https://t.me/Bereza38;1000;1000;true;2023-12-29T11:11:27;2023-08-15T22:23:38;2053-08-15T22:23:38;null;false
5624;Сводка Усть-Илимск;https://t.me/svodkaui;1000;1000;true;2023-12-29T11:11:27;2023-08-15T22:23:38;2053-08-15T22:23:38;null;false
5625;Усолье в кубе;https://t.me/uscub;1000;1000;true;2023-12-29T11:11:27;2023-08-15T22:23:38;2053-08-15T22:23:38;null;false
5626;Иркутский дрын;https://t.me/irkdrin;1000;1000;true;2023-12-29T11:11:27;2023-08-15T22:23:38;2053-08-15T22:23:38;null;false
5627;Улица Большая;https://t.me/bolshaya38;1000;1000;true;2023-12-29T11:11:27;2023-08-15T22:23:38;2053-08-15T22:23:38;null;false
5628;Glagol38;https://t.me/glagol38;1000;1000;true;2023-12-29T11:11:27;2023-08-15T22:23:38;2053-08-15T22:23:38;null;false
5629;Baikal Go - Поехали на Байкал;https://t.me/baikalgo;1000;1000;true;2023-12-29T11:11:27;2023-08-15T22:23:38;2053-08-15T22:23:38;null;false
5630;Альтаир Иркутск;https://t.me/altairirk;1000;1000;true;2023-12-29T11:11:27;2023-08-15T22:23:38;2053-08-15T22:23:38;null;false
5631;Усольский свинокомплекс;https://t.me/ushpk;1000;1000;true;2023-12-29T11:11:27;2023-08-15T22:23:38;2053-08-15T22:23:38;null;false
5632;Работа в Иркутске;https://t.me/irkutsk_038;1000;1000;true;2023-12-29T11:11:27;2023-08-15T22:23:38;2053-08-15T22:23:38;null;false
5633;Город на ладони;https://t.me/gorodnaladone;1000;1000;true;2023-12-29T11:11:27;2023-08-15T22:23:38;2053-08-15T22:23:38;null;false
5634;Иркутский транспорт;https://t.me/irkgt;1000;1000;true;2023-12-29T11:11:27;2023-08-15T22:23:38;2053-08-15T22:23:38;null;false
5635;Госномер 38;https://t.me/gosnomer38;1000;1000;true;2023-12-29T11:11:27;2023-08-15T22:23:38;2053-08-15T22:23:38;null;false
5636;Иркутск Бизнес возможности;https://t.me/sale100;1000;1000;true;2023-12-29T11:11:27;2023-08-15T22:23:38;2053-08-15T22:23:38;null;false
5637;«Областная». Главное.;https://t.me/ogirk;1000;1000;true;2023-12-29T11:11:27;2023-08-15T22:23:38;2053-08-15T22:23:38;null;false
5638;Депутат ЩАПОВ;https://t.me/shchapov_mikhail;1000;1000;true;2023-12-29T11:11:27;2023-08-15T22:23:38;2053-08-15T22:23:38;null;false
5639;Говорит Иркутск 📢;https://t.me/govoritirkutsk;1000;1000;true;2023-12-29T11:11:27;2023-08-15T22:23:38;2053-08-15T22:23:38;null;false
5640;эспрессо мне за воротник;https://t.me/kat_shank_about_coffee;1000;1000;true;2023-12-29T11:11:27;2023-08-15T22:23:38;2053-08-15T22:23:38;null;false
5641;Наталья Дикусарова. Честно о главном.;https://t.me/dikusarova;1000;1000;true;2023-12-29T11:11:27;2023-08-15T22:23:38;2053-08-15T22:23:38;null;false
5642;Магазин "Планета Спорт Иркутск".;https://t.me/planetasportirkutsk;1000;1000;true;2023-12-29T11:11:27;2023-08-15T22:23:38;2053-08-15T22:23:38;null;false
5643;Альфа - Омега. Иркутск.;https://t.me/dobrodeevonline;1000;1000;true;2023-12-29T11:11:27;2023-08-15T22:23:38;2053-08-15T22:23:38;null;false
5644;Маркеты38;https://t.me/market38region;1000;1000;true;2023-12-29T11:11:27;2023-08-15T22:23:38;2053-08-15T22:23:38;null;false
5645;WEACOM.RU новости Иркутской области, России, Мира;https://t.me/weacomru;1000;1000;true;2023-12-29T11:11:27;2023-08-15T22:23:38;2053-08-15T22:23:38;null;false
5646;ИГНАТЕНКО LIVE Иркутск;https://t.me/ignatenko1959;1000;1000;true;2023-12-29T11:11:27;2023-08-15T22:23:38;2053-08-15T22:23:38;null;false
5647;НЕКОЛЧАК;https://t.me/nekolchak;1000;1000;true;2023-12-29T11:11:27;2023-08-15T22:23:38;2053-08-15T22:23:38;null;false
5648;Регион 38 | Иркутск авто;https://t.me/region_irk;1000;1000;true;2023-12-29T11:11:27;2023-08-15T22:23:38;2053-08-15T22:23:38;null;false
5649;АнГТУ;https://t.me/angtu_ru;1000;1000;true;2023-12-29T11:11:27;2023-08-15T22:23:38;2053-08-15T22:23:38;null;false
5650;Мария Василькова;https://t.me/Maria_VVasilkova;1000;1000;true;2023-12-29T11:11:27;2023-08-15T22:23:38;2053-08-15T22:23:38;null;false
5651;Иркутский суетолог;https://t.me/irksuetolog;1000;1000;true;2023-12-29T11:11:27;2023-08-15T22:23:38;2053-08-15T22:23:38;null;false
5652;Фонд Город без наркотиков, г.Ангарск;https://t.me/angarskbn;1000;1000;true;2023-12-29T11:11:27;2023-08-15T22:23:38;2053-08-15T22:23:38;null;false
5653;Сибирские новости;https://t.me/sibirskie_novosti;1000;1000;true;2023-12-29T11:11:27;2023-08-15T22:23:38;2053-08-15T22:23:38;null;false
5654;ИркСиб;https://t.me/irksib;1000;1000;true;2023-12-29T11:11:27;2023-08-15T22:23:38;2053-08-15T22:23:38;null;false
5655;Парламентский Иркутск;https://t.me/Irkparlament;1000;1000;true;2023-12-29T11:11:27;2023-08-15T22:23:38;2053-08-15T22:23:38;null;false
5656;Родной Ангарск;https://t.me/rodangarsk;1000;1000;true;2023-12-29T11:11:27;2023-08-15T22:23:38;2053-08-15T22:23:38;null;false
5657;Ангарский кикбоксинг 🐲;https://t.me/kickboxing_angarsk;1000;1000;true;2023-12-29T11:11:27;2023-08-15T22:23:38;2053-08-15T22:23:38;null;false
5658;Служба государственного финансового контроля Иркутской области;https://t.me/fincontrol38;1000;1000;true;2023-12-29T11:11:27;2023-08-15T22:23:38;2053-08-15T22:23:38;null;false
5659;Школа бизнеса «Clevent»;https://t.me/clevent_ru;1000;1000;true;2023-12-29T11:11:27;2023-08-15T22:23:38;2053-08-15T22:23:38;null;false
5660;КРОССОВКИ ИРКУТСК IRKKROSS;https://t.me/irkkross;1000;1000;true;2023-12-29T11:11:27;2023-08-15T22:23:38;2053-08-15T22:23:38;null;false
5661;Мониторинг 38 Иркутская область;https://t.me/monitoring_38;1000;1000;true;2023-12-29T11:11:27;2023-08-15T22:23:38;2053-08-15T22:23:38;null;false
5662;Три©ста| Маркетинг SMM Иркутск;https://t.me/monitoring_38;1000;1000;true;2023-12-29T11:11:27;2023-08-15T22:23:38;2053-08-15T22:23:38;null;false
5663;Приангарские стройки;https://t.me/RIA38rf;1000;1000;true;2023-12-29T11:11:27;2023-08-15T22:23:38;2053-08-15T22:23:38;null;false
5664;🌎 Грааль|Турагентство|Иркутск 🌏;https://t.me/graaltour;1000;1000;true;2023-12-29T11:11:27;2023-08-15T22:23:38;2053-08-15T22:23:38;null;false
5665;Живой Иркутск;https://t.me/Liveirkutsk;1000;1000;true;2023-12-29T11:11:27;2023-08-15T22:23:38;2053-08-15T22:23:38;null;false
5666;Город Братск - бриф;https://t.me/gorodbratsktop;1000;1000;true;2023-12-29T11:11:27;2023-08-15T22:23:38;2053-08-15T22:23:38;null;false
5667;Билеты и туры из Иркутска;https://t.me/biletirkutsk;1000;1000;true;2023-12-29T11:11:27;2023-08-15T22:23:38;2053-08-15T22:23:38;null;false
5668;Mash Gor;https://t.me/mash_gor;35000;8000;true;2023-12-29T11:11:27;2023-08-15T22:23:38;2053-08-15T22:23:38;null;false
5669;Архиепископ Феофилакт;https://t.me/feofilakttg;18000;50000;true;2023-12-29T11:11:27;2023-08-15T22:23:38;2053-08-15T22:23:38;null;false
5670;Кавказ Правда;https://t.me/skfo_KP;26000;5000;true;2023-12-29T11:11:27;2023-08-15T22:23:38;2053-08-15T22:23:38;null;false
5671;Казбек Коков;https://t.me/Kokov_Kazbek;14000;8000;true;2023-12-29T11:11:27;2023-08-15T22:23:38;2053-08-15T22:23:38;null;false
5672;Будущее Кавказа;https://t.me/kavteam;6000;1000;true;2023-12-29T11:11:27;2023-08-15T22:23:38;2053-08-15T22:23:38;null;false
5673;ВЕСТИ КБР;https://t.me/vestikbr;6000;1000;true;2023-12-29T11:11:27;2023-08-15T22:23:38;2053-08-15T22:23:38;null;false
5674;КБГУ|kbsu.official;https://t.me/kbsu1957;6000;2000;true;2023-12-29T11:11:27;2023-08-15T22:23:38;2053-08-15T22:23:38;null;false
5675;Станция Нальчик;https://t.me/nalchik0;6000;2000;true;2023-12-29T11:11:27;2023-08-15T22:23:38;2053-08-15T22:23:38;null;false
5676;АиФ-Северный Кавказ;https://t.me/aifsk;4000;1000;true;2023-12-29T11:11:27;2023-08-15T22:23:38;2053-08-15T22:23:38;null;false
5677;Платформа Нальчик;https://t.me/platforma_nalchik;3000;1000;true;2023-12-29T11:11:27;2023-08-15T22:23:38;2053-08-15T22:23:38;null;false
5678;Северный Кавказ;https://t.me/sevkav;3000;1000;true;2023-12-29T11:11:27;2023-08-15T22:23:38;2053-08-15T22:23:38;null;false
5679;ГАЗЕТА ЮГА;https://t.me/gazetayuga;3000;1000;true;2023-12-29T11:11:27;2023-08-15T22:23:38;2053-08-15T22:23:38;null;false
5680;nalchik;https://t.me/nalchik;3000;1000;true;2023-12-29T11:11:27;2023-08-15T22:23:38;2053-08-15T22:23:38;null;false
5681;Евгений Бакаев / город НАЛЬЧИК.RU КБР;https://t.me/NalchikRU;3000;1000;true;2023-12-29T11:11:27;2023-08-15T22:23:38;2053-08-15T22:23:38;null;false
5682;ПОДСЛУШАНО ПРОХЛАДНЫЙ КБР;https://t.me/prokhladny_kbr;2000;1000;true;2023-12-29T11:11:27;2023-08-15T22:23:38;2053-08-15T22:23:38;null;false
5683;Пособия и льготы КБР;https://t.me/posobiya_lgoty;2000;1000;true;2023-12-29T11:11:27;2023-08-15T22:23:38;2053-08-15T22:23:38;null;false
5684;ЦУР КБР Official;https://t.me/tsur_07;2000;1000;true;2023-12-29T11:11:27;2023-08-15T22:23:38;2053-08-15T22:23:38;null;false
5685;Объявления Нальчик КБР;https://t.me/tsur_07;2000;1000;true;2023-12-29T11:11:27;2023-08-15T22:23:38;2053-08-15T22:23:38;null;false
5686;Burka Daily;https://t.me/burka_daily;1000;5000;true;2023-12-29T11:11:27;2023-08-15T22:23:38;2053-08-15T22:23:38;null;false
5687;Я от дяди Эльдара;https://t.me/dyadyaEldar07;1000;1000;true;2023-12-29T11:11:27;2023-08-15T22:23:38;2053-08-15T22:23:38;null;false
5688;Администрация Зольского района;https://t.me/adm_zolskiy;1000;1000;true;2023-12-29T11:11:27;2023-08-15T22:23:38;2053-08-15T22:23:38;null;false
5689;Черкес;https://t.me/cherkesbogotov;1000;1000;true;2023-12-29T11:11:27;2023-08-15T22:23:38;2053-08-15T22:23:38;null;false
5690;Корпусная мебель Нальчик;https://t.me/furniture_shop699;1000;1000;true;2023-12-29T11:11:27;2023-08-15T22:23:38;2053-08-15T22:23:38;null;false
5691;КаНАЛЬЧИК;https://t.me/Ca_NALCHIK;1000;1000;true;2023-12-29T11:11:27;2023-08-15T22:23:38;2053-08-15T22:23:38;null;false
5692;Сторонний наблюдатель;https://t.me/observer07kbr;1000;1000;true;2023-12-29T11:11:27;2023-08-15T22:23:38;2053-08-15T22:23:38;null;false
5693;Газета Нальчик;https://t.me/gazeta_nalchik;1000;1000;true;2023-12-29T11:11:27;2023-08-15T22:23:38;2053-08-15T22:23:38;null;false
5694;ПРАВОЗАЩИТНЫЙ ЦЕНТР КБР;https://t.me/zapravakbr;1000;1000;true;2023-12-29T11:11:27;2023-08-15T22:23:38;2053-08-15T22:23:38;null;false
5695;Суркова Екатерина;https://t.me/surkovakaty;1000;1000;true;2023-12-29T11:11:27;2023-08-15T22:23:38;2053-08-15T22:23:38;null;false
5696;@ledibantik;https://t.me/ledibantik;1000;1000;true;2023-12-29T11:11:27;2023-08-15T22:23:38;2053-08-15T22:23:38;null;false
5697;Мониторинг 07 Кабардино-Балкарская Республика;https://t.me/monitoring_07;70000;14000;true;2023-12-29T11:11:27;2023-08-15T22:23:38;2053-08-15T22:23:38;null;false
5698;Клопс;https://t.me/klops_news;59000;15000;true;2023-12-29T11:11:27;2023-08-15T22:23:38;2053-08-15T22:23:38;null;false
5699;Новости Калининграда;https://t.me/kaliningrad_tut;49000;10000;true;2023-12-29T11:11:27;2023-08-15T22:23:38;2053-08-15T22:23:38;null;false
5700;Amber Mash;https://t.me/amber_mash;30000;7000;true;2023-12-29T11:11:27;2023-08-15T22:23:38;2053-08-15T22:23:38;null;false
5701;Новости Калининграда и Области;https://t.me/kaliningrad_smi;30000;5000;true;2023-12-29T11:11:27;2023-08-15T22:23:38;2053-08-15T22:23:38;null;false
5702;Балтийский форпост;https://t.me/balt4post;29000;8000;true;2023-12-29T11:11:27;2023-08-15T22:23:38;2053-08-15T22:23:38;null;false
5703;Калининград.Ru;https://t.me/kaliningradru;28000;5000;true;2023-12-29T11:11:27;2023-08-15T22:23:38;2053-08-15T22:23:38;null;false
5704;Калининград №1;https://t.me/kenig01;27000;6000;true;2023-12-29T11:11:27;2023-08-15T22:23:38;2053-08-15T22:23:38;null;false
5705;АНОНС 39 • Афиша Калининграда;https://t.me/anons39;19000;4000;true;2023-12-29T11:11:27;2023-08-15T22:23:38;2053-08-15T22:23:38;null;false
5706;BLACK.LIST.KLD;https://t.me/Blacklistkld;18000;4000;true;2023-12-29T11:11:27;2023-08-15T22:23:38;2053-08-15T22:23:38;null;false
5707;Сообщество автомобилистов Калининградской области;https://t.me/avt39;16000;6000;true;2023-12-29T11:11:27;2023-08-15T22:23:38;2053-08-15T22:23:38;null;false
5708;Вкратце l Калининград!;https://t.me/vkratce_kaliningrad;15000;2000;true;2023-12-29T11:11:27;2023-08-15T22:23:38;2053-08-15T22:23:38;null;false
5709;Афиша Калининград | Скидки;https://t.me/kaliningrad_afisha;14000;5000;true;2023-12-29T11:11:27;2023-08-15T22:23:38;2053-08-15T22:23:38;null;false
5710;Автоканал Калининград;https://t.me/autoclub_kld;12000;3000;true;2023-12-29T11:11:27;2023-08-15T22:23:38;2053-08-15T22:23:38;null;false
5711;Новый Калининград.Ru;https://t.me/newkal;12000;3000;true;2023-12-29T11:11:27;2023-08-15T22:23:38;2053-08-15T22:23:38;null;false
5712;Что там в Калининграде?;https://t.me/chtotamkaliningrad;11000;2000;true;2023-12-29T11:11:27;2023-08-15T22:23:38;2053-08-15T22:23:38;null;false
5713;KGD Авиабилеты Калининград;https://t.me/kgd_kenig;7000;2000;true;2023-12-29T11:11:27;2023-08-15T22:23:38;2053-08-15T22:23:38;null;false
5714;Вести. Калининград;https://t.me/gtrk_kaliningrad;5000;1000;true;2023-12-29T11:11:27;2023-08-15T22:23:38;2053-08-15T22:23:38;null;false
5715;Кёнигсбергские истории;https://t.me/konigsberg_stories;5000;2000;true;2023-12-29T11:11:27;2023-08-15T22:23:38;2053-08-15T22:23:38;null;false
5716;КП Калининград | Новости региона;https://t.me/kpkld;4000;1000;true;2023-12-29T11:11:27;2023-08-15T22:23:38;2053-08-15T22:23:38;null;false
5717;Калининград;https://t.me/sosedi_kaliningrad;4000;1000;true;2023-12-29T11:11:27;2023-08-15T22:23:38;2053-08-15T22:23:38;null;false
5718;Калининград и Ко;https://t.me/klgdiko;4000;1000;true;2023-12-29T11:11:27;2023-08-15T22:23:38;2053-08-15T22:23:38;null;false
5719;Как-то так | Калининград;https://t.me/zhest_kaliningrada;3000;1000;true;2023-12-29T11:11:27;2023-08-15T22:23:38;2053-08-15T22:23:38;null;false
5720;КалининградРад | новости Калининград;https://t.me/kaliningradrad;3000;1000;true;2023-12-29T11:11:27;2023-08-15T22:23:38;2053-08-15T22:23:38;null;false
5721;Кстати, Калининград;https://t.me/kaliningradkstati;3000;1000;true;2023-12-29T11:11:27;2023-08-15T22:23:38;2053-08-15T22:23:38;null;false
5722;Балтийский рубеж;https://t.me/baltiknews;3000;1000;true;2023-12-29T11:11:27;2023-08-15T22:23:38;2053-08-15T22:23:38;null;false
5723;Клопс Афиша;https://t.me/klops_afisha;3000;1000;true;2023-12-29T11:11:27;2023-08-15T22:23:38;2053-08-15T22:23:38;null;false
5724;Милованов Daily;https://t.me/milovanovdaily;3000;1000;true;2023-12-29T11:11:27;2023-08-15T22:23:38;2053-08-15T22:23:38;null;false
5725;Честно о Калининграде;https://t.me/chestnoklgd;3000;1000;true;2023-12-29T11:11:27;2023-08-15T22:23:38;2053-08-15T22:23:38;null;false
5726;Ваш гид по Калининграду @zazulinatali;https://t.me/zazulinatali;3000;1000;true;2023-12-29T11:11:27;2023-08-15T22:23:38;2053-08-15T22:23:38;null;false
5727;БАЛТРАЙОН | КАЛИНИНГРАД;https://t.me/balt_kld;3000;1000;true;2023-12-29T11:11:27;2023-08-15T22:23:38;2053-08-15T22:23:38;null;false
5728;RUGRAD - Новости Калининграда, аналитика, видео;https://t.me/rugrad;2000;1000;true;2023-12-29T11:11:27;2023-08-15T22:23:38;2053-08-15T22:23:38;null;false
5729;Работа в Калининграде;https://t.me/kaliningrad_rabota;2000;1000;true;2023-12-29T11:11:27;2023-08-15T22:23:38;2053-08-15T22:23:38;null;false
5730;Калининград ждёт️🧘‍♂️;https://t.me/kenig_tut;2000;1000;true;2023-12-29T11:11:27;2023-08-15T22:23:38;2053-08-15T22:23:38;null;false
5731;ЧГ | канал 🫥;https://t.me/glavche;2000;1000;true;2023-12-29T11:11:27;2023-08-15T22:23:38;2053-08-15T22:23:38;null;false
5732;Пистолет Макарова Z;https://t.me/ruspm39;2000;1000;true;2023-12-29T11:11:27;2023-08-15T22:23:38;2053-08-15T22:23:38;null;false
5733;Инцидент | Калининград;https://t.me/incident_kld;2000;1000;true;2023-12-29T11:11:27;2023-08-15T22:23:38;2053-08-15T22:23:38;null;false
5734;КОНЬТЕКСТ;https://t.me/contextss;2000;1000;true;2023-12-29T11:11:27;2023-08-15T22:23:38;2053-08-15T22:23:38;null;false
5735;Глас Соломонов;https://t.me/GLASSOL;2000;1000;true;2023-12-29T11:11:27;2023-08-15T22:23:38;2053-08-15T22:23:38;null;false
5736;Калининград_Избирком;https://t.me/izbirkom_39;2000;1000;true;2023-12-29T11:11:27;2023-08-15T22:23:38;2053-08-15T22:23:38;null;false
5737;Калининградский Следком;https://t.me/su_skr39;2000;1000;true;2023-12-29T11:11:27;2023-08-15T22:23:38;2053-08-15T22:23:38;null;false
5738;РБК Калининград;https://t.me/rbc_kaliningrad;1000;1000;true;2023-12-29T11:11:27;2023-08-15T22:23:38;2053-08-15T22:23:38;null;false
5739;Балтийское измерение;https://t.me/balticvision;1000;2000;true;2023-12-29T11:11:27;2023-08-15T22:23:38;2053-08-15T22:23:38;null;false
5740;Калининградская правда;https://t.me/kaliningradka1931;1000;1000;true;2023-12-29T11:11:27;2023-08-15T22:23:38;2053-08-15T22:23:38;null;false
5741;РусскаЯ ЕвропА - ЭКОквартал в Калининграде;https://t.me/ruseuropa;1000;1000;true;2023-12-29T11:11:27;2023-08-15T22:23:38;2053-08-15T22:23:38;null;false
5742;Кеска для слов;https://t.me/keske39;1000;1000;true;2023-12-29T11:11:27;2023-08-15T22:23:38;2053-08-15T22:23:38;null;false
5743;Восточная 🫎 Пруссия;https://t.me/prussia_online;1000;1000;true;2023-12-29T11:11:27;2023-08-15T22:23:38;2053-08-15T22:23:38;null;false
5744;КАЛИНИНГРАД_SPLETNIK;https://t.me/kaliningrad_spletnik;1000;1000;true;2023-12-29T11:11:27;2023-08-15T22:23:38;2053-08-15T22:23:38;null;false
5745;Новости | Новый Калининград.Ru;https://t.me/newkal_stream;1000;1000;true;2023-12-29T11:11:27;2023-08-15T22:23:38;2053-08-15T22:23:38;null;false
5746;Новости ОСК;https://t.me/aooskru;1000;1000;true;2023-12-29T11:11:27;2023-08-15T22:23:38;2053-08-15T22:23:38;null;false
5747;TUTBERY (Тут бери!) Калининград;https://t.me/tutbery;1000;1000;true;2023-12-29T11:11:27;2023-08-15T22:23:38;2053-08-15T22:23:38;null;false
5748;Калининградский адвокат;https://t.me/advokat_ustinov;1000;1000;true;2023-12-29T11:11:27;2023-08-15T22:23:38;2053-08-15T22:23:38;null;false
5749;Фудтрак «Тостер». Бортовой журнал;https://t.me/tosterra;1000;1000;true;2023-12-29T11:11:27;2023-08-15T22:23:38;2053-08-15T22:23:38;null;false
5750;Храм святой Нины;https://t.me/hramniny;1000;1000;true;2023-12-29T11:11:27;2023-08-15T22:23:38;2053-08-15T22:23:38;null;false
5751;Project NEWS;https://t.me/hramniny;1000;1000;true;2023-12-29T11:11:27;2023-08-15T22:23:38;2053-08-15T22:23:38;null;false
5752;Полночь. Музыка прусских улиц;https://t.me/polnoc;1000;1000;true;2023-12-29T11:11:27;2023-08-15T22:23:38;2053-08-15T22:23:38;null;false
5753;Я ♥️ Калининград;https://t.me/ilove39region;1000;1000;true;2023-12-29T11:11:27;2023-08-15T22:23:38;2053-08-15T22:23:38;null;false
5754;Калининградское измерение;https://t.me/kaliningraddimension;1000;1000;true;2023-12-29T11:11:27;2023-08-15T22:23:38;2053-08-15T22:23:38;null;false
5755;KoenigClimat | | Кондиционеры в Калининграде. Покупка и установка;https://t.me/koenigclimat_kld;1000;1000;true;2023-12-29T11:11:27;2023-08-15T22:23:38;2053-08-15T22:23:38;null;false
5756;ПРОСТО БАЙЕР|ZARA|GUCCI|NIKE|CARTIER;https://t.me/pro100_buyer;1000;1000;true;2023-12-29T11:11:27;2023-08-15T22:23:38;2053-08-15T22:23:38;null;false
5757;Деловой Калининград.;https://t.me/delovoykaliningrad;1000;1000;true;2023-12-29T11:11:27;2023-08-15T22:23:38;2053-08-15T22:23:38;null;false
5758;Zara Kaliningrad.;https://t.me/zara_kaliningrad_pro100_buyer;1000;1000;true;2023-12-29T11:11:27;2023-08-15T22:23:38;2053-08-15T22:23:38;null;false
5759;Орион Тур. Визы. Горящие туры;https://t.me/orion_tour;1000;1000;true;2023-12-29T11:11:27;2023-08-15T22:23:38;2053-08-15T22:23:38;null;false
5760;Мониторинг 39 Калининградская область;https://t.me/monitoring_39;1000;1000;true;2023-12-29T11:11:27;2023-08-15T22:23:38;2053-08-15T22:23:38;null;false
5761;Калуга Жесть;https://t.me/klgzhest;68000;15000;true;2023-12-29T11:11:27;2023-08-15T22:23:38;2053-08-15T22:23:38;null;false
5762;Типичный Обнинск;https://t.me/TObinisk;36000;19000;true;2023-12-29T11:11:27;2023-08-15T22:23:38;2053-08-15T22:23:38;null;false
5763;Владислав Шапша;https://t.me/Shapsha_VV;33000;12000;true;2023-12-29T11:11:27;2023-08-15T22:23:38;2053-08-15T22:23:38;null;false
5764;ES! - канал Евгения Серкина;https://t.me/Evgeniy_Serkin;28000;10000;true;2023-12-29T11:11:27;2023-08-15T22:23:38;2053-08-15T22:23:38;null;false
5765;Калужский мечтатель;https://t.me/KlgMechta;23000;10000;true;2023-12-29T11:11:27;2023-08-15T22:23:38;2053-08-15T22:23:38;null;false
5766;Приют «Помоги жить» г. Калуга;https://t.me/pomogizhit_priut;20000;2000;true;2023-12-29T11:11:27;2023-08-15T22:23:38;2053-08-15T22:23:38;null;false
5767;ЧП Обнинск;https://t.me/chp_obninsk;20000;2000;true;2023-12-29T11:11:27;2023-08-15T22:23:38;2053-08-15T22:23:38;null;false
5768;kp40.ru - Калуга, Обнинск и Калужская область. Новости;https://t.me/kp40ru;20000;2000;true;2023-12-29T11:11:27;2023-08-15T22:23:38;2053-08-15T22:23:38;null;false
5769;Калуга;https://t.me/kalyga_360;12000;2000;true;2023-12-29T11:11:27;2023-08-15T22:23:38;2053-08-15T22:23:38;null;false
5770;НИКА;https://t.me/nikatvkaluga;10000;2000;true;2023-12-29T11:11:27;2023-08-15T22:23:38;2053-08-15T22:23:38;null;false
5771;⚡️ Калуга 24;https://t.me/kaluga24tv;7000;2000;true;2023-12-29T11:11:27;2023-08-15T22:23:38;2053-08-15T22:23:38;null;false
5772;Калужские новости;https://t.me/kaluganews;7000;2000;true;2023-12-29T11:11:27;2023-08-15T22:23:38;2053-08-15T22:23:38;null;false
5773;Правительство Калужской области;https://t.me/pravitelstvo40;7000;2000;true;2023-12-29T11:11:27;2023-08-15T22:23:38;2053-08-15T22:23:38;null;false
5774;КО_лужа;https://t.me/kaluzhskaya;7000;2000;true;2023-12-29T11:11:27;2023-08-15T22:23:38;2053-08-15T22:23:38;null;false
5775;Калужские дебри;https://t.me/kaluga_debri;7000;2000;true;2023-12-29T11:11:27;2023-08-15T22:23:38;2053-08-15T22:23:38;null;false
5776;ОБНИНСК 040;https://t.me/obninsk040;7000;2000;true;2023-12-29T11:11:27;2023-08-15T22:23:38;2053-08-15T22:23:38;null;false
5777;Моя Калуга;https://t.me/moya_kaluga_novosti;4000;1000;true;2023-12-29T11:11:27;2023-08-15T22:23:38;2053-08-15T22:23:38;null;false
5778;Афиша ЧтоГде Калуга;https://t.me/chto_gdekaluga;4000;1000;true;2023-12-29T11:11:27;2023-08-15T22:23:38;2053-08-15T22:23:38;null;false
5779;В Обнинске;https://t.me/vorontsov;4000;1000;true;2023-12-29T11:11:27;2023-08-15T22:23:38;2053-08-15T22:23:38;null;false
5780;Дмитрий Денисов;https://t.me/denisov_kaluga;3000;1000;true;2023-12-29T11:11:27;2023-08-15T22:23:38;2053-08-15T22:23:38;null;false
5781;Калуга Сегодня;https://t.me/kalugatoday40;3000;1000;true;2023-12-29T11:11:27;2023-08-15T22:23:38;2053-08-15T22:23:38;null;false
5782;Прогулки по Обнинску;https://t.me/progulkipoobninsku;3000;1000;true;2023-12-29T11:11:27;2023-08-15T22:23:38;2053-08-15T22:23:38;null;false
5783;Турагентство Витамин Д | Горящие туры🔥 Калуга, Москва;https://t.me/vitamind40;3000;1000;true;2023-12-29T11:11:27;2023-08-15T22:23:38;2053-08-15T22:23:38;null;false
5784;Туризм в Калужской области;https://t.me/visitkaluga;3000;1000;true;2023-12-29T11:11:27;2023-08-15T22:23:38;2053-08-15T22:23:38;null;false
5785;Прокуратура Калужской области;https://t.me/prokklg40;3000;1000;true;2023-12-29T11:11:27;2023-08-15T22:23:38;2053-08-15T22:23:38;null;false
5786;RealAtomInfo;https://t.me/RealAtomInfo;3000;1000;true;2023-12-29T11:11:27;2023-08-15T22:23:38;2053-08-15T22:23:38;null;false
5787;КГВ;https://t.me/izdatkgv;3000;1000;true;2023-12-29T11:11:27;2023-08-15T22:23:38;2053-08-15T22:23:38;null;false
5788;Обнинск сити;https://t.me/obninsk;2000;1000;true;2023-12-29T11:11:27;2023-08-15T22:23:38;2053-08-15T22:23:38;null;false
5789;Татьяна Леонова #городпервых;https://t.me/tatianaleonovaobninsk;2000;1000;true;2023-12-29T11:11:27;2023-08-15T22:23:38;2053-08-15T22:23:38;null;false
5790;Городская Управа города Калуги;https://t.me/uprava40;2000;1000;true;2023-12-29T11:11:27;2023-08-15T22:23:38;2053-08-15T22:23:38;null;false
5791;Футбольный клуб «Калуга»;https://t.me/fckaluga;2000;1000;true;2023-12-29T11:11:27;2023-08-15T22:23:38;2053-08-15T22:23:38;null;false
5792;Плохие Новости | Калуга;https://t.me/Newsklg;1000;1000;true;2023-12-29T11:11:27;2023-08-15T22:23:38;2053-08-15T22:23:38;null;false
5793;Музей космонавтики Калуга;https://t.me/museumgmik;1000;1000;true;2023-12-29T11:11:27;2023-08-15T22:23:38;2053-08-15T22:23:38;null;false
5794;Перископ Обнинска;https://t.me/obninsk2you;1000;1000;true;2023-12-29T11:11:27;2023-08-15T22:23:38;2053-08-15T22:23:38;null;false
5795;КАЛУГИН;https://t.me/oleg_kalugin_MVPMK;1000;1000;true;2023-12-29T11:11:27;2023-08-15T22:23:38;2053-08-15T22:23:38;null;false
5796;Анатолий Артамонов;https://t.me/Anatolii_Artamonov;1000;1000;true;2023-12-29T11:11:27;2023-08-15T22:23:38;2053-08-15T22:23:38;null;false
5797;Минобрнауки Калужской области;https://t.me/minobr40;1000;1000;true;2023-12-29T11:11:27;2023-08-15T22:23:38;2053-08-15T22:23:38;null;false
5798;Минтруда и соцзащиты Калужской области;https://t.me/mintrud_40;1000;1000;true;2023-12-29T11:11:27;2023-08-15T22:23:38;2053-08-15T22:23:38;null;false
5799;Дмитрий Лозенко | ЛДПР 🇷🇺;https://t.me/lozenko_d;1000;1000;true;2023-12-29T11:11:27;2023-08-15T22:23:38;2053-08-15T22:23:38;null;false
5800;ГТРК "Калуга";https://t.me/gtrk_kaluga;1000;1000;true;2023-12-29T11:11:27;2023-08-15T22:23:38;2053-08-15T22:23:38;null;false
5801;КГВ: Новости Калужской области;https://t.me/kgv_info;1000;1000;true;2023-12-29T11:11:27;2023-08-15T22:23:38;2053-08-15T22:23:38;null;false
5802;[В] Обнинске;https://t.me/v_obninske1956;1000;1000;true;2023-12-29T11:11:27;2023-08-15T22:23:38;2053-08-15T22:23:38;null;false
5803;Анатолий Суярко;https://t.me/AVSuyarko;1000;1000;true;2023-12-29T11:11:27;2023-08-15T22:23:38;2053-08-15T22:23:38;null;false
5804;Калужский городовой;https://t.me/kaluga_policeman;1000;1000;true;2023-12-29T11:11:27;2023-08-15T22:23:38;2053-08-15T22:23:38;null;false
5805;Калужский дом музыки 🎼;https://t.me/dommusickaluga;1000;1000;true;2023-12-29T11:11:27;2023-08-15T22:23:38;2053-08-15T22:23:38;null;false
5806;Виолетта Комиссарова ТПП;https://t.me/komissarova_tpp;1000;1000;true;2023-12-29T11:11:27;2023-08-15T22:23:38;2053-08-15T22:23:38;null;false
5807;Госжилинспекция Калужской области;https://t.me/gjiko40;1000;1000;true;2023-12-29T11:11:27;2023-08-15T22:23:38;2053-08-15T22:23:38;null;false
5808;☕️ С отцом Георгием за лавками;https://t.me/k_bogu;1000;1000;true;2023-12-29T11:11:27;2023-08-15T22:23:38;2053-08-15T22:23:38;null;false
5809;Министерство цифрового развития Калужской области;https://t.me/mincifra_ko;1000;1000;true;2023-12-29T11:11:27;2023-08-15T22:23:38;2053-08-15T22:23:38;null;false
5810;Осипова Татьяна _ ИАТЭ НИЯУ МИФИ;https://t.me/ta_osipova_iate_mephi;1000;1000;true;2023-12-29T11:11:27;2023-08-15T22:23:38;2053-08-15T22:23:38;null;false
5811;Калужская сбытовая компания;https://t.me/kalugasbyt_official;1000;1000;true;2023-12-29T11:11:27;2023-08-15T22:23:38;2053-08-15T22:23:38;null;false
5812;Владислав Макушин;https://t.me/vsmakushin;1000;1000;true;2023-12-29T11:11:27;2023-08-15T22:23:38;2053-08-15T22:23:38;null;false
5813;Минтранс 40;https://t.me/Mintrans40;1000;1000;true;2023-12-29T11:11:27;2023-08-15T22:23:38;2053-08-15T22:23:38;null;false
5814;Министерство экономического развития и промышленности КО;https://t.me/minekonom40;1000;1000;true;2023-12-29T11:11:27;2023-08-15T22:23:38;2053-08-15T22:23:38;null;false
5815;Комитет ветеринарии при Правительстве Калужской области;https://t.me/komitetveterinarii40;1000;1000;true;2023-12-29T11:11:27;2023-08-15T22:23:38;2053-08-15T22:23:38;null;false
5816;ТПП Калужской области;https://t.me/komitetveterinarii40;1000;1000;true;2023-12-29T11:11:27;2023-08-15T22:23:38;2053-08-15T22:23:38;null;false
5817;Управление образования города Калуги;https://t.me/uokaluga;1000;1000;true;2023-12-29T11:11:27;2023-08-15T22:23:38;2053-08-15T22:23:38;null;false
5818;Ольга Иванова;https://t.me/olga_Ivanova_Klg;1000;1000;true;2023-12-29T11:11:27;2023-08-15T22:23:38;2053-08-15T22:23:38;null;false
5819;Министерство культуры и туризма Калужской области;https://t.me/minkult_40;1000;1000;true;2023-12-29T11:11:27;2023-08-15T22:23:38;2053-08-15T22:23:38;null;false
5820;Управление административно-технического контроля Калужской области;https://t.me/uatk_40;1000;1000;true;2023-12-29T11:11:27;2023-08-15T22:23:38;2053-08-15T22:23:38;null;false
5821;#Молодежь40;https://t.me/molodezh40_klg;1000;1000;true;2023-12-29T11:11:27;2023-08-15T22:23:38;2053-08-15T22:23:38;null;false
5822;Это Киршин;https://t.me/egor_kirshin_40;1000;1000;true;2023-12-29T11:11:27;2023-08-15T22:23:38;2053-08-15T22:23:38;null;false
5823;Amur Mash;https://t.me/amur_mash;38000;13000;true;2023-12-29T11:11:27;2023-08-15T22:23:38;2053-08-15T22:23:38;null;false
5824;Новости Камчатки - Кам 24;https://t.me/IA_Kam24;30000;10000;true;2023-12-29T11:11:27;2023-08-15T22:23:38;2053-08-15T22:23:38;null;false
5825;Масс Медиа Камчатка;https://t.me/MassMediaNews;26000;13000;true;2023-12-29T11:11:27;2023-08-15T22:23:38;2053-08-15T22:23:38;null;false
5826;Камчатский Репортёр;https://t.me/kamreporter;23000;3000;true;2023-12-29T11:11:27;2023-08-15T22:23:38;2053-08-15T22:23:38;null;false
5827;Камчатка №1;https://t.me/kamchatka01;16000;5000;true;2023-12-29T11:11:27;2023-08-15T22:23:38;2053-08-15T22:23:38;null;false
5828;ЧП Камчатка;https://t.me/chpkamchatka;14000;6000;true;2023-12-29T11:11:27;2023-08-15T22:23:38;2053-08-15T22:23:38;null;false
5829;Мачо с Авачи Z;https://t.me/kamchatskymacho;14000;4000;true;2023-12-29T11:11:27;2023-08-15T22:23:38;2053-08-15T22:23:38;null;false
5830;Новости Камчатки;https://t.me/kamchatka_news;14000;4000;true;2023-12-29T11:11:27;2023-08-15T22:23:38;2053-08-15T22:23:38;null;false
5831;Солодов. BRIEF.;https://t.me/vsolodovbrief;12000;4000;true;2023-12-29T11:11:27;2023-08-15T22:23:38;2053-08-15T22:23:38;null;false
5832;Новости Камчатки | 41 Регион;https://t.me/regiontv41;11000;4000;true;2023-12-29T11:11:27;2023-08-15T22:23:38;2053-08-15T22:23:38;null;false
5833;ДПС Камчатка;https://t.me/kamchatkadps;10000;4000;true;2023-12-29T11:11:27;2023-08-15T22:23:38;2053-08-15T22:23:38;null;false
5834;🇷🇺ZOV🇷🇺 Камчатка!;https://t.me/zov_kam;9000;1000;true;2023-12-29T11:11:27;2023-08-15T22:23:38;2053-08-15T22:23:38;null;false
5835;НОВОСТИ КАМЧАТКИ;https://t.me/novosty_kamchatki;9000;1000;true;2023-12-29T11:11:27;2023-08-15T22:23:38;2053-08-15T22:23:38;null;false
5836;ЧЁРНЫЙ СПИСОК👎КАМЧАТКА;https://t.me/black_list_pk;9000;1000;true;2023-12-29T11:11:27;2023-08-15T22:23:38;2053-08-15T22:23:38;null;false
5837;Крабы, тигры и вулкан;https://t.me/dv_traveler;6000;1000;true;2023-12-29T11:11:27;2023-08-15T22:23:38;2053-08-15T22:23:38;null;false
5838;Дым с Камчатки;https://t.me/dymkamchatki;6000;1000;true;2023-12-29T11:11:27;2023-08-15T22:23:38;2053-08-15T22:23:38;null;false
5839;Право на Руль;https://t.me/pravonarul;6000;1000;true;2023-12-29T11:11:27;2023-08-15T22:23:38;2053-08-15T22:23:38;null;false
5840;Камчатка Онлайн;https://t.me/Kamchatka_Online;5000;1000;true;2023-12-29T11:11:27;2023-08-15T22:23:38;2053-08-15T22:23:38;null;false
5841;Топ🐾Топ Камчатка;https://t.me/toptopkamcha;5000;1000;true;2023-12-29T11:11:27;2023-08-15T22:23:38;2053-08-15T22:23:38;null;false
5842;Ross Vadas;https://t.me/ross_vadas;5000;5000;true;2023-12-29T11:11:27;2023-08-15T22:23:38;2053-08-15T22:23:38;null;false
5843;Камчатский край | Правительство;https://t.me/kamgov41;5000;1000;true;2023-12-29T11:11:27;2023-08-15T22:23:38;2053-08-15T22:23:38;null;false
5844;«КАМЧАТКА-ИНФОРМ»;https://t.me/kamchatinfo;5000;1000;true;2023-12-29T11:11:27;2023-08-15T22:23:38;2053-08-15T22:23:38;null;false
5845;ИА41 🌋 новости Камчатки;https://t.me/kamkrab;5000;1000;true;2023-12-29T11:11:27;2023-08-15T22:23:38;2053-08-15T22:23:38;null;false
5846;Куда пойдём? Афиша Камчатки;https://t.me/kudakamchatka;5000;1000;true;2023-12-29T11:11:27;2023-08-15T22:23:38;2053-08-15T22:23:38;null;false
5847;Подслушано на кухне;https://t.me/podslushanokuhnya;3000;1000;true;2023-12-29T11:11:27;2023-08-15T22:23:38;2053-08-15T22:23:38;null;false
5848;АиФ Камчатка. Пресс-Центр;https://t.me/AiFKamchatka;3000;1000;true;2023-12-29T11:11:27;2023-08-15T22:23:38;2053-08-15T22:23:38;null;false
5849;KamFishing🐟- рыбалка и туризм на Камчатке;https://t.me/forum_kamfishing;3000;1000;true;2023-12-29T11:11:27;2023-08-15T22:23:38;2053-08-15T22:23:38;null;false
5850;Мой Петропавловск-Камчатский;https://t.me/petropavlovskkam;3000;1000;true;2023-12-29T11:11:27;2023-08-15T22:23:38;2053-08-15T22:23:38;null;false
5851;Чатка;https://t.me/chatkaa;3000;1000;true;2023-12-29T11:11:27;2023-08-15T22:23:38;2053-08-15T22:23:38;null;false
5852;KamchatkaMedia|Камчатский край;https://t.me/kamchatkamediaru;2000;1000;true;2023-12-29T11:11:27;2023-08-15T22:23:38;2053-08-15T22:23:38;null;false
5853;Чёрно-белая Камчатка;https://t.me/kamchaBW;2000;1000;true;2023-12-29T11:11:27;2023-08-15T22:23:38;2053-08-15T22:23:38;null;false
5854;Камчатка-Россия-Мир-самое интересное!;https://t.me/kamsindrom;2000;1000;true;2023-12-29T11:11:27;2023-08-15T22:23:38;2053-08-15T22:23:38;null;false
5855;💸Сколько стоит? Камчатка;https://t.me/kamchatka_skolko;2000;1000;true;2023-12-29T11:11:27;2023-08-15T22:23:38;2053-08-15T22:23:38;null;false
5856;МИНЗДРАВ 41;https://t.me/minzdrav41region;2000;1000;true;2023-12-29T11:11:27;2023-08-15T22:23:38;2053-08-15T22:23:38;null;false
5857;КАМЧАТКА СЕГОДНЯ / Новости Камчатки;https://t.me/kamtoday41;2000;1000;true;2023-12-29T11:11:27;2023-08-15T22:23:38;2053-08-15T22:23:38;null;false
5858;МОЯ КАМЧАТКА ❤️;https://t.me/moya_kamchatka;2000;1000;true;2023-12-29T11:11:27;2023-08-15T22:23:38;2053-08-15T22:23:38;null;false
5859;Камчатка ближе, чем кажется;https://t.me/Kamchatkafreeride;2000;1000;true;2023-12-29T11:11:27;2023-08-15T22:23:38;2053-08-15T22:23:38;null;false
5860;ГТРК «Камчатка»;https://t.me/gtrk_kamchatka;2000;1000;true;2023-12-29T11:11:27;2023-08-15T22:23:38;2053-08-15T22:23:38;null;false
5861;🚘 АВТОДВИЖ КАМЧАТКА;https://t.me/avtodvizh41;2000;1000;true;2023-12-29T11:11:27;2023-08-15T22:23:38;2053-08-15T22:23:38;null;false
5862;Позитивная Камчатка;https://t.me/kamchatkaplus;2000;1000;true;2023-12-29T11:11:27;2023-08-15T22:23:38;2053-08-15T22:23:38;null;false
5863;Камчатский Инсайдер;https://t.me/kamchat0;2000;1000;true;2023-12-29T11:11:27;2023-08-15T22:23:38;2053-08-15T22:23:38;null;false
5864;Интересное на Камчатке 👁;https://t.me/bigbropk;2000;1000;true;2023-12-29T11:11:27;2023-08-15T22:23:38;2053-08-15T22:23:38;null;false
5865;Активная Камчатка;https://t.me/kamchatka_active;2000;1000;true;2023-12-29T11:11:27;2023-08-15T22:23:38;2053-08-15T22:23:38;null;false
5866;Олег Бондаренко УКМР;https://t.me/bondarenko_ukmr;1000;1000;true;2023-12-29T11:11:27;2023-08-15T22:23:38;2053-08-15T22:23:38;null;false
5867;Путешествуем по Камчатке!;https://t.me/travel_kamchatka41;1000;1000;true;2023-12-29T11:11:27;2023-08-15T22:23:38;2053-08-15T22:23:38;null;false
5868;КАМЧАТКА | НОВОСТИ;https://t.me/kaminjournal;1000;1000;true;2023-12-29T11:11:27;2023-08-15T22:23:38;2053-08-15T22:23:38;null;false
5869;🌋 КАМЧАТСКИЙ КРАЙ / Камчатка Новости;https://t.me/kam_kray;1000;1000;true;2023-12-29T11:11:27;2023-08-15T22:23:38;2053-08-15T22:23:38;null;false
5870;Новости Паланы | Камчатский край;https://t.me/palana_news;1000;1000;true;2023-12-29T11:11:27;2023-08-15T22:23:38;2053-08-15T22:23:38;null;false
5871;Рыбак Камчатки;https://t.me/rybak_kamchatky;1000;1000;true;2023-12-29T11:11:27;2023-08-15T22:23:38;2053-08-15T22:23:38;null;false
5872;Мем-Камчатка;https://t.me/mem_kamchatka;1000;1000;true;2023-12-29T11:11:27;2023-08-15T22:23:38;2053-08-15T22:23:38;null;false
5873;🌏 Новости Камчатки и мира 🌎;https://t.me/Kamc_hatka41;1000;1000;true;2023-12-29T11:11:27;2023-08-15T22:23:38;2053-08-15T22:23:38;null;false
5874;Шаг кое-как.;https://t.me/obuvtrek;1000;1000;true;2023-12-29T11:11:27;2023-08-15T22:23:38;2053-08-15T22:23:38;null;false
5875;"КамКам"- Новости Камчатки.;https://t.me/novostikam;1000;1000;true;2023-12-29T11:11:27;2023-08-15T22:23:38;2053-08-15T22:23:38;null;false
5876;Камчатское ИнформБюро. Новости. Избранное;https://t.me/informbureau;1000;1000;true;2023-12-29T11:11:27;2023-08-15T22:23:38;2053-08-15T22:23:38;null;false
5877;Деловая Камчатка;https://t.me/del_kam;1000;1000;true;2023-12-29T11:11:27;2023-08-15T22:23:38;2053-08-15T22:23:38;null;false
5878;Губернатор Камчатского края / Владимир Солодов;https://t.me/vv_solodov;1000;1000;true;2023-12-29T11:11:27;2023-08-15T22:23:38;2053-08-15T22:23:38;null;false
5879;Камчатка криминальная;https://t.me/kamchakrime;1000;1000;true;2023-12-29T11:11:27;2023-08-15T22:23:38;2053-08-15T22:23:38;null;false
5880;Петропавловск-Камчатский;https://t.me/petropavlovskkamchatsky;1000;1000;true;2023-12-29T11:11:27;2023-08-15T22:23:38;2053-08-15T22:23:38;null;false
5881;ЕлиZовский район;https://t.me/elizovoofficial;1000;1000;true;2023-12-29T11:11:27;2023-08-15T22:23:38;2053-08-15T22:23:38;null;false
5882;Мильковский муниципальный округ;https://t.me/selomilkovo;1000;1000;true;2023-12-29T11:11:27;2023-08-15T22:23:38;2053-08-15T22:23:38;null;false
5883;Рыбалка на Камчатке;https://t.me/kamfishing;1000;1000;true;2023-12-29T11:11:27;2023-08-15T22:23:38;2053-08-15T22:23:38;null;false
5884;ДТ «Кванториум-Камчатка»;https://t.me/kvantorium_kamchatka;1000;1000;true;2023-12-29T11:11:27;2023-08-15T22:23:38;2053-08-15T22:23:38;null;false
5885;КАМЧАТСКИЙ ДВОРЕЦ МОЛОДЁЖИ;https://t.me/dvorets_molodezhi;1000;1000;true;2023-12-29T11:11:27;2023-08-15T22:23:38;2053-08-15T22:23:38;null;false
5886;Камчатская тележка;https://t.me/newsweek41;1000;1000;true;2023-12-29T11:11:27;2023-08-15T22:23:38;2053-08-15T22:23:38;null;false
5887;Камчатка LIFE;https://t.me/kamchatka_obydenny;1000;1000;true;2023-12-29T11:11:27;2023-08-15T22:23:38;2053-08-15T22:23:38;null;false
5888;SASCO - САСКО Лоджистик.;https://t.me/sascologistics;1000;1000;true;2023-12-29T11:11:27;2023-08-15T22:23:38;2053-08-15T22:23:38;null;false
5889;КАМЧАТСКИЙ ПАТРИОТ;https://t.me/kampatriot;1000;1000;true;2023-12-29T11:11:27;2023-08-15T22:23:38;2053-08-15T22:23:38;null;false
5890;Вилючинск;https://t.me/vilyuchhinsk;1000;1000;true;2023-12-29T11:11:27;2023-08-15T22:23:38;2053-08-15T22:23:38;null;false
5891;SN Navigator | СН Навигатор | контейнерные грузоперевозки по РФ и Азии 🚆⛴;https://t.me/sn_navigator;1000;1000;true;2023-12-29T11:11:27;2023-08-15T22:23:38;2053-08-15T22:23:38;null;false
5892;Палана | Камчатский край - Фото и Видео;https://t.me/palana_media;1000;1000;true;2023-12-29T11:11:27;2023-08-15T22:23:38;2053-08-15T22:23:38;null;false
5893;РЦРД "Абилимпикс"-Камчатский край;https://t.me/abilimpics_kamchatka;1000;1000;true;2023-12-29T11:11:27;2023-08-15T22:23:38;2053-08-15T22:23:38;null;false
5894;Мониторинг 41 Камчатский край;https://t.me/monitoring_41;1000;1000;true;2023-12-29T11:11:27;2023-08-15T22:23:38;2053-08-15T22:23:38;null;false
5895;Игорь Щербаков | Палана | Камчатский край;https://t.me/palana_glava;1000;1000;true;2023-12-29T11:11:27;2023-08-15T22:23:38;2053-08-15T22:23:38;null;false
